hydrology_year,Sanxia,Xiluodu,Xiangjiaba,Nuozhadu,Jinping2,Gezhouba,Xiaowan,Jinping1,Pubugou,Ertan,Guandi,Laxiwa,Jinanqiao,Goupitan,Jinghong,Ahai,Tianshengqiao2,Manwan,Wuqiangxi,Lijiaxia,Longkaikou,Longyangxia,Gongboxia,Ludila,Shatuo,Gongzui,Gongguoqiao,Silin,Wujiangdu,Luding,Ruilijiang1,Dongjing,Jishixia,Changzhou,Shuibuya,Tongjiezi,Guangzhao,Dongfeng,Sanbanxi,Lubuge,Shenxigou,Baihetan,Wudongde
1979,228086481866.171,53433618058.62644,48423835197.93782,34763744580.97578,15700845161.354733,188818858269.8739,24159373943.238987,17892658261.959003,22113062920.45037,19491054907.055508,20399212561.3656,1170400954.2885234,19799045894.752068,8104851609.072726,32330642694.351555,15173218509.839602,12351236180.950695,19576814647.029305,35358881926.177,1257746498.3489082,17170634062.983774,1264444167.4426448,1540237443.8023958,14689269059.860836,11232988785.51843,23150236681.48862,14296607025.846272,13862916107.285484,7457175267.032644,14292309207.72004,2949448133.387425,7446652576.957157,1340804869.9109251,69211677612.43134,5545862838.154379,23648000307.52732,4385465791.504892,6384125821.577939,7806288202.632075,2608994859.6540265,20848251254.724686,53433618058.62644,53433618058.62644
1980,332331213931.3109,92489071259.76709,83429589351.65044,60296259372.31944,34930104601.33874,275116700773.0424,47592801483.52423,39806291843.73849,35002842303.74476,40671455017.78454,42603703520.008865,5844250659.421896,35213794987.35108,7424582252.149221,55573551175.51516,26986482517.594223,6702091237.079903,38565380682.66277,64519762169.827705,6284281282.686403,30457430339.276005,6318021923.537227,6978678133.776399,26009029863.519943,11683984736.037048,33536042925.269394,21807773438.289097,14419501638.18402,6159046758.493613,24375838698.126377,5605528365.887674,4622907627.059304,6061054377.831497,44219450255.950836,8911989795.585257,34257116431.304844,2861343793.8622336,4793318434.922439,5806203207.207873,1520796376.976442,30201326271.22224,92489071259.76709,92489071259.76709
1981,262911173462.95975,72781689648.84412,65820060224.996735,50691466043.49006,24791814299.58407,217648092046.05322,30542862678.029312,28252712283.810036,28733100884.348904,29583248770.159615,30808032696.345917,5343810386.837407,28475540494.116207,3657883257.861908,47025716865.76328,21822546419.65017,9171280456.109823,24749480795.41525,27054955676.715588,5746223242.221362,24593449807.983,5777079430.198767,2635132034.1493177,20912513111.838097,5417327246.526934,27547755331.314396,23324477996.37448,6685660831.5262985,3463222239.5432715,20208726398.5977,6061187608.496939,4045087244.609424,2288618321.3716846,86482197833.92801,4298313011.559363,28140071978.941,2598331041.516937,3157802482.5259647,3471152554.2798867,1675020407.7071223,24808494794.17683,72781689648.84412,72781689648.84412
1982,211504535551.5413,54003107183.392395,48703337060.99533,44015992401.07159,17750235256.90458,175091678362.48328,24339566077.71403,20228139966.814754,17332042649.701576,20436405215.348877,21615301537.9422,1993115456.4273832,22586053811.575294,7577452857.463958,40734607764.31499,17309072951.28117,13625712655.31761,19722827868.47115,47751801296.49871,2143055532.8855271,19187105267.456566,2154552628.7725973,1243817960.1892593,16239460857.036594,11855584224.519575,16339474769.711819,27916579574.53413,14631276915.299332,5975594914.371775,11974097330.247524,6362327735.994118,6152964872.830878,1080244468.065156,47008973803.79317,6486131086.255524,16690797148.002794,3589246789.709367,4650886233.923182,6122820055.972675,2402430461.763112,14714729632.196781,54003107183.392395,54003107183.392395
1983,240442326070.8403,51437696567.99884,46509838198.79922,45629991632.99703,13427233053.907299,199047506529.0679,22732154290.19367,15301653507.70925,14432382653.05993,16276410924.529865,16910722251.526999,2447338571.018945,17510146080.002205,8705176143.87283,42181324463.48981,13419094739.383743,15923364575.089544,18420310564.021606,43917782853.737755,2631390644.038529,14926471391.157328,2645503377.483152,2359933744.6232057,12755300710.94248,12659390678.442314,14706428826.634417,28983463897.061348,15623274828.765717,8083526357.962948,9746012397.909773,7782365849.772817,6937474630.041974,2049877945.1493342,52022211807.08265,9304602110.46736,15022638351.38105,4063614438.4908586,6684399933.111701,6290390708.805405,3073723273.5254736,13244068566.218313,51437696567.99884,51437696567.99884
1984,201734001426.1956,52065784464.420876,47190089559.96944,48239771670.15038,13368506564.202782,167003250310.36798,23522037392.63599,15234728893.116291,15540036521.966776,15998756746.19613,16699643510.47593,3059589510.277827,21089389812.947147,5707273201.822551,44658067189.10554,16162087889.086105,12370695313.073692,19060368337.276165,23770780856.06525,3289853905.467466,18022305057.039814,3307510490.2490797,3279385695.8381557,15343195843.95751,8372788453.81628,16476855883.09457,22452812008.459286,10333070399.655584,4373474940.54472,10432305029.413263,6333343000.35887,4098902109.656942,2848168055.7399173,22301026430.282494,3978547112.8423014,16831132154.34515,2404991494.2492013,3254562796.9161835,4604803721.725433,1877571497.169747,14838450002.376236,52065784464.420876,52065784464.420876
1985,189339026298.86832,59369361240.59914,53552263211.16598,46990253611.77373,18806494874.823387,156742207951.88818,25233493399.861275,21431851753.35261,17564147061.018547,22126531045.28062,22905174094.173016,1645247636.789794,20033727130.00407,5774315162.885139,43333254976.799576,15353069078.476423,15368307675.906887,20447194714.01556,19122376292.68288,1768654078.8273706,17352545566.91777,1778116630.3393023,1027522296.9952488,14844202622.961914,8318021335.103873,17751761297.11356,19429883527.114532,10265480910.638498,4865116388.531359,12249874174.937956,5453588458.683957,6371574309.944584,894686331.9906702,33583174982.720924,2935604501.9108734,18133449881.70113,3966858417.273518,3885007579.8699374,4383158518.011812,3036703787.913562,15986582890.801754,59369361240.59914,59369361240.59914
1986,182277850970.39957,51707463766.072876,46748269531.65005,39959107265.27632,13219578951.411348,150896692458.57117,18573509192.535706,15065011221.61124,14656916977.793833,16140342197.21161,16589063821.043104,1806802999.3891184,15583818501.431877,7113386677.355449,37029617624.94035,11942832225.192333,19701873770.973198,15050478860.149559,30181000461.037716,1942482477.1650496,13883156505.891151,1952886803.459924,856578308.954703,12028268035.82845,9802419627.810604,14819257630.491705,12879344338.089132,12097414458.735731,6340944665.043717,9834462237.806013,5671490751.172143,6368160631.426547,746669829.2914265,22736191873.658947,4522159536.749838,15137893137.974596,3883953335.7582154,5215764324.044102,4982943599.900432,3395563563.315972,13345678118.934076,51707463766.072876,51707463766.072876
1987,191527161384.4608,48260496131.5401,43537254259.816185,39734532947.61441,16677801636.753529,158553631255.98492,19933952441.74497,19005996312.966846,14770621511.399313,20229133319.05109,20993562667.92944,475425225.70069283,13437040709.340475,8325474515.478279,36750066640.000244,10297625243.77371,14818233164.289387,16152872713.158539,50629163399.12469,509338726.9950867,11862919667.016825,511939337.226151,449785174.7319835,10209362747.456217,12441183281.474627,14960621793.791903,26666422195.237408,15353979550.73143,6759319027.2056465,9532691493.177336,6645753175.176064,6486974959.36511,394473203.8178593,57364031613.9894,6468398360.32403,15282296835.577806,3572455456.37321,4892754715.151649,6568985289.330088,2623894137.5306015,13472985546.244009,48260496131.5401,48260496131.5401
1988,185451162196.44965,43471298433.204796,39557650318.765175,36844045068.455666,13927098167.028112,153523682877.8864,24542973366.041374,15871298998.396612,19980342079.686867,17398969517.771446,18025173639.23702,1318043009.8413436,13535540085.274082,5194111351.817925,33943265801.283867,10373111333.460466,8727548120.939014,19887652784.497322,38004286633.99601,1416583444.1424077,11764641629.311773,1424139514.335988,974848174.4216539,10002801646.466717,7475844904.025374,20794179367.308556,22697203901.740364,9226129636.05824,4089388801.886013,13499944245.386515,6348802746.793402,3661029899.810526,849418213.4303075,55780133846.65877,3364253824.255186,21241284347.90891,2191490972.372106,3169141931.518957,6454043665.812676,1624834752.4469426,18726472716.321747,43471298433.204796,43471298433.204796
1989,231733448410.89917,50556032502.568474,46216520717.08855,42629707806.123146,16637468041.95936,191837958978.91132,29104258652.941105,18960032212.26323,20966993605.44398,20463428239.29505,21233210425.28581,2817634727.035306,18649527322.667774,3377540853.6451764,39239595836.90604,14292272197.170214,4626612581.029429,23583751732.410965,51414679455.59463,3029490830.519378,16578241410.178865,3045735905.4508204,1155819846.1310692,14189370675.722025,5444796421.680406,22786989442.556156,37695847644.94893,6719561236.659779,2448151619.6677413,13898159875.6855,6127004623.501935,1523812762.865941,1005807789.5009294,31091931728.293255,8520568454.173098,23276942726.7272,964374899.9967895,1589931592.1299255,2501635950.1740317,1066524301.6773503,20521124106.20748,50556032502.568474,50556032502.568474
1990,208333725625.96298,53903975889.996796,48790259759.80126,47359556166.61616,16293615667.154787,172466758616.95544,32344509680.17192,18568178590.899933,19043618179.684532,20524356083.930756,21005225920.79057,1437405271.2264428,16579359251.227304,3211314982.9852424,43577599607.67476,12705775925.226862,6603603826.993434,26209390704.63673,49169044928.06926,1544968897.997813,14907279613.085087,1553217165.9311197,1024724945.5106908,12841773779.622204,5011927341.27959,20189544224.079147,32834020391.08667,6185346535.513581,2276130718.4626727,12737524873.490265,7875829063.087749,2517789531.1786895,893010998.2830904,44771298187.133965,4388031420.949761,20623648673.174572,1642271956.0278916,1798769864.6491275,4477650296.441411,1207914560.8192172,18181960553.21317,53903975889.996796,53903975889.996796
1991,164914829923.58887,43606342462.976295,39463358551.19368,42028927688.199646,12680691544.695557,136522908517.71394,24473761067.031948,14450895986.988607,14257347176.881605,15672566055.603132,16185494793.36429,960339407.7917707,12687323909.378239,5211161034.696694,38930477411.04071,9723071455.333838,7117078776.613118,19831568700.854023,47352523341.863594,1032049008.3040066,11235214842.773537,1037548324.1315905,543490944.3856585,9651440147.248117,8028318705.793285,14644145065.042753,29211467008.76633,9907951554.660658,3950742184.888162,9441707017.387932,7889334899.953721,3801578060.991205,475564510.7024275,19998974900.632576,5307350269.807074,14959015398.685652,2375271324.779605,3200159759.6988115,5909820956.316363,1438712426.8539078,13187978178.506199,43606342462.976295,43606342462.976295
1992,126314288643.1832,23054140780.407207,21016866562.364677,26728601030.313972,8399719179.235762,104567879558.82176,14316536906.03743,9572306664.128668,15712441075.713217,9839967556.737381,10457631688.893131,2053139345.394787,8321122259.175104,4181913364.280868,24656199602.242172,6376984373.727826,5914538404.371516,11600970706.249756,28989648670.318577,2207122919.2319713,7044736339.972381,2218930447.9229774,1555240892.1684654,5988944362.902769,6270329959.968511,14612372546.301245,17119677599.847126,7738373095.511854,3065660983.5959496,11241810236.91261,4802415376.756246,2739922952.2958446,1352728422.2333288,38672156261.61915,1780782927.0516324,14926559724.762848,1463681725.2495337,2078130104.8283138,4376404533.689404,916828405.0679171,13159365002.067888,23054140780.407207,23054140780.407207
1993,136270201201.98558,34525515463.48709,31018659346.666874,32359744884.716343,11900723386.442162,112809771086.13625,20424244794.80581,13562045509.997253,16730034305.307806,13968649124.71446,14765477891.441793,1736949838.411975,12838555113.875885,3826630535.6276345,29908742552.54848,9838969166.948175,8447881477.442471,16550166225.03839,39922801117.17618,1867181821.4459393,10977173230.87918,1877167934.2479885,1331386755.6322567,9315371573.37913,6226845157.426401,14724585874.737057,22002534550.87702,7684707398.777579,2613244107.7304883,11737389406.872221,6506355217.782189,2862354320.911408,1157148809.2361434,36287179985.115616,3785835603.1580977,15041185802.32173,1755866845.5533884,1910122541.242176,5051355789.277747,1808732394.295557,13260420139.96447,34525515463.48709,34525515463.48709
1994,102947500299.1313,32007894843.448555,28750738179.896908,30270738446.20751,8587820006.533395,85223943607.60455,15619979015.61941,9786666068.800226,11871540606.519093,10057015543.682089,10547101546.96527,1310829876.6672146,10415306769.093689,2605264076.6954722,28280799948.382584,7981885909.783079,12566347499.035673,12657175417.612331,25930792575.76322,1409006989.9521906,8912918011.359539,1416535780.0832999,759142321.3905016,7582409820.318221,3958729702.752034,10506377618.05034,13844723096.85598,4885568641.484032,1963327570.2311366,8575562239.370188,4607111017.144504,3303481985.8651876,661652926.6215196,60985697411.42837,1616814081.4163308,10732279957.263758,2225387848.241943,1547432435.12868,5052619492.246931,2279448873.7603674,9461657118.750067,32007894843.448555,32007894843.448555
1995,145463715242.61502,46701940830.466484,41912684968.967354,49227159970.55634,13876256904.9793,120420519476.11862,35577944599.86216,15813360376.742971,18935157912.67829,16564536196.812355,17503848190.22336,607352865.3526516,18680085512.06954,3518505443.4143953,45459714056.36098,14315690804.689121,10463535668.885214,28829506451.20899,45505987777.88907,651746328.1742202,15880059644.111544,655150906.0081406,809575692.6775945,13521798916.62124,5827435756.785363,17394168209.876656,29803794091.624832,7191786136.300566,2603851898.339035,12749484652.79836,8080224788.153104,3294889692.915502,705654004.1131893,32871445128.853127,2065704863.2466471,17768168025.049103,2231188629.143866,2070965186.4470956,3326237313.472286,2029371013.7817829,15664547902.65836,46701940830.466484,46701940830.466484
1996,129501242439.36662,33169090020.378937,29768522854.677994,35321398658.881905,10627845770.022598,107206163828.15112,22254550597.78843,12111476195.68099,13736394006.415613,12518074187.788366,13347033794.03109,1406851800.3915024,13814798658.89384,4258277823.3880444,32731775984.078865,10587124239.981474,7848943278.278691,18033298922.7878,39702264115.02516,1512052468.9867845,11546157445.776857,1520119425.0939653,2062164791.8664434,9761275041.695368,6976395405.361776,12828955881.449476,12214984533.3332,8609746353.567526,2782278350.294276,9231785615.824867,5955601661.733565,1812760612.6679919,1793305544.7594838,37051761720.747955,4008454654.3774323,13104797018.00887,1033575872.4819839,1989386070.8499005,5544724326.736156,1229249007.219276,11553285608.472824,33169090020.378937,33169090020.378937
1997,120352802454.25302,35226639597.55567,31661152845.388573,25875259161.275574,9373037162.089739,99632729493.91838,15449456821.135927,10681498294.799002,13029876571.55386,11685793767.620262,12171486985.535643,1321398622.8807447,11529889288.128105,5015874246.273754,24043626235.047413,8836058590.550453,9755243006.643345,12518997938.243418,24840201882.66936,1420222099.4192822,9925943512.084488,1427799872.7080002,676593977.0999157,8475766743.862617,7554482447.331414,12411938987.128672,13414943496.446987,9323178220.949562,3839098893.351422,8743784240.316704,4780716308.664579,4645546873.829584,590842566.224951,72640416669.31168,1915626366.6527042,12678813656.334297,3070309616.6443634,3077064350.2556047,4162750319.162182,1965580483.5107105,11177735515.6891,35226639597.55567,35226639597.55567
1998,185517037001.84683,53686994698.53439,48278446637.16503,32291029081.699783,17758989833.046825,153578216603.17377,26073784368.70558,20238116667.911526,19060592424.712555,22115836547.931503,22842743728.982903,2761221297.242091,20213043769.63758,3500227577.8702946,29657064715.17389,15490490374.940542,4734554119.0351095,21128098970.280087,57711194896.771515,2968971694.453858,17445352471.80288,2984901759.412995,1772460395.664263,14818402933.473354,5855950137.346967,18025699902.352306,18271348896.32255,7226976455.914019,2572934128.7064366,12896133494.00263,4859542251.149921,2035575374.4604442,1541576243.6943607,75664607745.86046,6177333137.155719,18413278563.803093,1355128919.9935715,1999566964.8911314,4338505349.240701,947945600.2726166,16233282136.02731,53686994698.53439,53686994698.53439
1999,198549393355.73364,52979908092.46651,47979935397.445854,30247142391.539486,16100355788.172653,164366907923.99866,20793822355.408752,18347939939.105186,21583795764.169773,19942848895.948868,20620713135.7782,2281721000.0544157,18721311365.72035,5096710199.965515,27957446376.564247,14347284695.07271,8160947279.473943,16849642172.49562,47584689348.64384,2453401627.1513658,16297364059.02577,2466565936.5137973,1556611358.2060895,13963583388.465952,8128009829.634024,21643163829.6487,7364623464.880429,10030982896.793472,4113769954.8109937,14629297064.982761,1887392623.6783936,4190490808.1491866,1353310832.7701836,55884357306.90411,3519265611.1322436,22108523206.099915,2656881625.176952,3291717041.555898,4080790019.129295,1714018806.8389773,19491036896.9309,52979908092.46651,52979908092.46651
2000,197854752515.0521,55087718560.908646,49561475600.77213,40466384391.96689,18396341938.326866,163791857226.68433,31134075951.364166,20964442116.96346,22226093001.906845,21683753459.06478,22655291908.88931,2153774052.516419,23217096949.946358,4833162969.722268,37174171440.82657,17792679862.368587,5274932529.330431,25228552508.785492,19411044724.54971,2315435116.6015186,20037908907.213196,2327831146.5324936,1536782763.2734468,17108383104.669762,7172016792.60739,20341757423.807423,14609606691.324333,8851167664.667997,3615254689.198268,15731130333.546104,4059604651.4515305,2796995061.066488,1335681372.7546163,32717876465.086414,4429975428.437745,20779134677.20589,1650142847.3094563,2854316475.6757298,4301512294.524911,1159456035.9290118,18319038228.783382,55087718560.908646,55087718560.908646
2001,192649588208.43842,63988714175.12261,57686116910.17245,45643657838.660355,20043843259.871056,159482819823.67606,29805829493.9744,22841932011.90696,24646466314.04529,24570244495.29561,25292409471.206203,3233116610.7968273,22754607636.119827,4092527457.5971045,42246475551.2457,17438246044.978645,8784711452.529463,24152248347.800823,25623592762.922295,3476257537.7832155,20028793719.096844,3494902104.3654237,1753085316.6020887,17226722400.37583,6108838351.04145,24065065922.003395,24290518724.57689,7539072208.692436,3613669353.7828074,17033690585.034431,6580513905.272111,4308727243.223242,1523174480.4778109,65327754233.7774,1580125616.3137279,24582499702.01201,2780903990.3310423,3101096352.8691173,3430042070.481013,2003051124.2102952,21672112719.85532,63988714175.12261,63988714175.12261
2002,167259025160.29205,48892296792.174736,44068503931.79178,28597683693.27928,11992362078.79644,138463524482.91476,20454937741.293976,13666476818.568062,12959963485.373837,15144825799.902302,15541295596.72718,2160381091.8254957,19897387456.89746,3934958065.3692822,26541492787.388058,15248583657.178673,5558236574.549888,16575037321.689392,64850912945.570564,2322881944.3428583,17408678546.127506,2335342299.7034793,1970460309.0673327,14944426983.511374,6290446752.6130085,13026551238.637644,8818752297.14781,7763199739.079581,2897396031.5919375,8284302827.078125,3609565167.5016036,2150913522.340803,1711231830.14396,67105592435.9401,4918600591.759042,13306640961.629892,1404343598.5590773,2175240736.6653357,4168910980.160333,1123518039.349987,11731232712.646614,48892296792.174736,48892296792.174736
2003,197672849212.56815,50477376375.060326,45724532051.77046,25578626886.340652,16182609941.51268,163641270600.0262,21659924349.285416,18441676641.8887,21939198055.982098,19185999623.611538,20209766101.942196,5831401643.43898,23668654850.106106,2748062538.8518987,23406086758.784386,18138736269.601036,2900744427.169685,17551461608.685562,33977940899.53332,6270521486.091262,19941730097.074467,6304192483.043513,6859595570.885571,16866907929.953465,4553180003.333861,21559747326.961567,15149716440.357166,5619194820.968923,1825849705.808904,15026092161.947609,4281525786.465227,1592981608.0034044,5956998694.735605,32472564859.15275,5190422538.864177,22023313127.76082,930149313.3878255,1372575968.0880554,3043771940.97417,596394297.5832459,19415915031.76814,50477376375.060326,50477376375.060326
2004,193643186665.26736,57031200861.1438,51393938563.75338,34704270897.00801,16337656748.406761,160305359259.86777,25743491037.693325,18618367737.294952,20675085105.57743,20327264290.979755,20892279557.65667,5233886971.393356,23716999599.711975,2729352761.693965,31890883825.78395,18175785804.890396,4388789553.256174,20860455804.709297,38538027601.07208,5628000362.061835,20457408670.135777,5658220164.198316,3683568648.65903,17431267311.463108,4543999976.606738,20394363531.40245,22787820012.05136,5607865517.360536,2238869355.056822,13927094423.679098,6013919965.258278,1934990157.7978616,3198911367.277184,29283548042.961018,4396765862.94203,20832871892.32386,1247580848.4215484,1940013663.3928916,2155104978.563443,1066785965.8641026,18366413152.513184,57031200861.1438,57031200861.1438
2005,180472632662.57388,48730531047.43575,44205457736.7029,22060521829.57822,16511883626.925205,149402262551.88553,16117544971.888126,18816916411.926258,25373720655.315758,19609783977.619762,20498415607.002552,7064510645.116646,21623750092.10921,1953854212.2400486,20424266731.964947,16571600818.234575,3986964817.8258305,13060362872.85972,15660953369.317806,7596759848.2685585,18184368877.291683,7637571812.552702,7296783816.592407,15375435125.254631,2976738268.6073327,25006311261.22509,3410605933.6996017,3673668128.668496,1558709222.1927707,18006754529.585007,1709145316.6846058,1810546559.570405,6336269140.810637,48861375699.055084,3020908582.7266855,25543983179.594406,1145266866.8080218,1199113261.714642,1536917576.9542732,839216929.0310571,22519763722.943386,48730531047.43575,48730531047.43575
2006,127583013836.987,36705665906.59524,33245237089.40146,21321471749.233807,10736719675.382765,105618179605.50677,14767635020.876757,12235548725.6776,14417518953.050259,12910236098.053846,13550599679.013855,5878439656.954855,15164189452.676296,2209401858.44157,19627224784.962284,11621244847.513079,4874680618.730366,11966504358.014984,22892994565.12759,6321184721.841902,12744936571.31148,6355133886.241759,5638833517.2623415,10765966346.794666,3292074810.387431,14949815439.121477,7830220716.172546,4062832945.59547,2139494299.931482,9858482206.089436,3499532652.1897078,3036975620.5144577,4896544373.833089,63483993326.46483,1365314719.1255643,15271258128.62697,1860639904.0752292,1898423012.0349083,1858646475.3259275,1101899974.9761727,13463253632.111647,36705665906.59524,36705665906.59524
2007,218833670748.20914,58676336850.597275,53200551961.17339,33306086651.37981,15723409125.446447,181159021453.65494,27315782258.23023,17918372119.676796,19673612856.423466,19127938584.174706,19969560642.594105,10911466054.174044,25596875243.523453,3745999364.617902,30444183951.298225,19616449363.452957,6845108489.449848,22134514224.762703,22215185939.609398,11733734666.901731,21683819690.024952,11796784528.611635,10947117827.856693,18389295302.806957,5492921560.601088,20849316049.283375,14840436653.186745,6778953690.106272,3420866799.277897,13169318666.710041,5478863202.334235,4200434737.3231597,9505534281.81649,19914346583.487183,5748890980.933926,21297606548.421837,2660731470.605101,3090368792.5078034,2523934166.5782843,1534368481.902881,18776126876.702583,58676336850.597275,58676336850.597275
2008,221569130419.50708,59212194927.113106,53716618226.213684,32377357390.01888,16256915067.376074,183423541331.1671,24639924913.69068,18526354645.55808,19909995275.026867,20134895084.291267,21029821824.633053,9160931092.26671,23413179397.498276,5693295214.198066,29797290154.26924,17942949821.762844,7581692755.394641,19966214525.481686,35370326230.05328,9851082010.018463,19875859611.165768,9904001484.369276,8659311344.55179,16912800479.105787,8229645635.657541,21092803893.24231,21236615695.440495,10156414220.486841,5078869589.169812,13093284710.617306,5313013905.325108,4527208225.744469,7519197702.286403,49973989037.108986,5903770625.608343,21546329733.762928,2824858775.49947,4288521469.588312,3691560374.4823136,1613141741.9289448,18995403062.675266,59212194927.113106,59212194927.113106
2009,263543542289.64706,89229044323.61166,80438240100.02444,47530004890.13256,26700211086.400097,218171591548.88925,43414271099.786125,30427518237.489895,27463938414.3867,30996407576.816433,32595554637.914406,16008132303.199762,45171900035.10939,3607449555.452057,43383673782.690956,34617986815.1636,4498782615.681472,35179435541.38507,30677542159.352367,17214561843.613243,37820120761.67962,17307068566.000793,13028649563.75004,31956865484.732746,5599503921.945879,27655159409.817505,14194662400.740982,6910489683.068721,2771912826.6078167,19320649306.702892,3461571785.3966665,2453288772.6671944,11312957165.66217,44356017686.80994,3298410655.5162144,28249785400.726543,1423860948.2421083,2227689483.336564,3983292632.736423,1200857519.989258,24905219007.781887,89229044323.61166,89229044323.61166
2010,302892462072.27655,105433707033.15935,95053563988.91478,63292027611.20487,31470103836.74174,250746157330.7771,60502036386.47123,35863280456.08213,27867349881.200516,36251029591.97228,38053520056.63829,14245734051.990437,54184978972.34839,4306710079.016205,57636368106.19872,41525259867.01349,4639532732.92967,49025986968.39308,50897454771.02286,15319312790.976358,45495248728.099785,15401632594.967432,11174799803.685553,38429415490.80631,6493609205.64509,27464946227.00722,21452908229.47753,8013927670.559848,3130614001.3171883,19672397984.540833,5817025000.047264,3482549636.4842234,9703461196.232454,61097692472.079056,4131217680.97273,28055482358.926968,2094609047.1031451,2411183710.059268,4676373846.804828,1361860784.0050569,24733920085.787563,105433707033.15935,105433707033.15935
2011,355628965245.31696,78898478658.99612,71500171365.64647,33509579606.610622,19726582150.86499,294403485186.4529,23818749240.187813,22480381754.903732,28618019912.418213,26758148419.81045,27332252077.387573,13515496932.528618,31690615360.693344,9812923948.668848,31019882599.021645,24286454717.82724,8480542536.081288,19300799768.02213,39610537111.14625,14533817292.456955,26711027035.356304,14611900383.646997,14854076661.184917,22598551356.559074,13730645348.366217,29577606621.447083,15188885475.882397,16945337362.81172,8468025176.423615,18505856447.14138,3671041180.8991117,7079017587.987577,12898580257.893475,64867348510.76631,5926816388.326606,30213568012.42544,4472388422.387084,5981788829.284037,5315564945.994059,2113601806.9038246,26636504179.26074,78898478658.99612,78898478658.99612
2012,421922641016.14233,99808256406.48665,90937462910.66974,38096342065.69555,25353390264.876877,349283967655.83936,29751493139.16603,28892683363.828445,36683121568.14468,34367407133.76161,34748400079.08586,28334061037.40786,35882401241.32054,12431675242.073126,35160107037.32258,27498876339.117355,13835928345.97523,24108218533.56897,53435734563.32934,30469239759.75979,30391164455.217358,30632961054.34243,40023446138.45428,25712630654.05959,16956793926.742987,38484888248.68873,16833293738.415245,20926809074.893677,11080784918.66356,24441320596.577377,3418376817.7981195,7979553592.537179,34753173119.80967,113808431170.56248,7127255397.731759,39312369098.4927,5092249604.911495,7701542051.084597,7085625973.501731,2886008083.5330815,34658073750.94337,99808256406.48665,99808256406.48665
2013,421271325856.42706,89998169929.55444,82992330636.95573,36630052876.29909,23753765212.75029,348744783641.8413,30206897504.061543,27069753189.63521,31160998229.15513,31691828100.679626,32768319548.39013,22014850126.315865,34749248790.06162,9635625786.79581,33638469810.9706,26630472384.73947,11932069313.975632,24477241624.23157,40059984006.33573,23673602571.836063,29476777254.23234,23800792289.018723,21494005426.115902,24899568099.387783,13974888390.80033,36190806237.04269,14556728700.6374,17246763890.66666,7736729630.428478,19491434695.77529,3559901665.7043567,6485900178.143805,18663904060.564476,127264793030.60587,6782840187.783646,36968961000.19546,4017220092.0767326,4727409898.38241,6773500171.757512,2865062703.2877235,32592108467.369545,89998169929.55444,89998169929.55444
2014,464199483173.5377,117387444134.98663,106574200669.77678,47317982678.863495,28608887724.997803,384282381424.60834,34680178498.2732,32602643109.81662,34925521234.495514,38283115251.45988,39015264227.86232,21846552250.15973,39065713972.47671,17471660330.457928,43831796187.925514,29938443372.384827,22550870604.018112,28102028967.376606,57950735690.35638,23492675787.58975,33377547638.617046,23618897531.90339,31220274030.881767,28307125264.613724,24166964662.249832,37634308630.03591,24853478718.43105,29825063487.325474,15775516011.639502,22361220973.097645,4114361305.4678187,13846678018.928087,27109170060.78114,111644327848.93149,6352491410.064342,38443500785.81743,8390064005.625832,11181639810.41168,9026132838.520327,4318496870.2495775,33892073506.176678,117387444134.98663,117387444134.98663
2015,431705491911.58386,104792278342.56958,95163209991.16592,42484641984.47413,28471630580.42256,357382592009.1473,33607309847.859512,32446225085.39447,35794800226.67492,39293793280.38353,39521798215.258415,14944119918.755264,34002797607.498024,15596876121.527124,39163453830.88881,26058421238.428036,16489217521.6098,27232662453.198574,48510368715.78204,16070171622.461962,29070990676.488647,16156515138.070107,15074236337.703623,24691880948.801796,21765109741.827232,38533005758.95215,33035291720.317318,26860873466.356567,14631421578.679796,23113875077.901817,5024504564.838295,12359922985.824528,13089337559.670734,113357443971.15192,5920547178.15165,39361521204.93387,7611608696.799723,10637551538.324001,9280637202.522243,4246697936.536757,34701407066.55285,104792278342.56958,104792278342.56958
2016,466357733453.4223,98816637760.68057,90486798835.87804,47046427592.38372,25600808807.80077,386069064924.5431,36834367497.65846,29174641143.21636,35353568622.02204,34966883884.150444,35622075227.29264,27585468165.190628,36882287691.198074,13241108148.397545,43297511782.36016,28265150414.629295,7629252062.997094,29847610572.873325,59932310672.32019,29664194116.377213,31553695835.999233,29823586535.990955,30890628579.46115,26769180323.309246,19482495794.447308,39727082647.35938,38062008206.68425,24043841751.819233,11096182781.059803,22949046983.149303,5073226256.645001,6576942087.495135,26822761348.355526,125141527975.63759,10519771378.575304,40581272476.282425,4163507969.877812,7616956490.402369,7496761063.334407,1783272265.4306376,35776748874.130005,98816637760.68057,98816637760.68057
