,mean_gpu_util_percent
2017-10-03 00:00:00,38.650380710659896
2017-10-03 01:00:00,38.73716864072194
2017-10-03 02:00:00,38.482021996615906
2017-10-03 03:00:00,40.92703045685279
2017-10-03 04:00:00,41.1002538071066
2017-10-03 05:00:00,39.96474901297236
2017-10-03 06:00:00,38.43436266215454
2017-10-03 07:00:00,37.85131133671743
2017-10-03 08:00:00,38.18245910885505
2017-10-03 09:00:00,37.66835871404399
2017-10-03 10:00:00,38.894952058657644
2017-10-03 11:00:00,38.78391144952059
2017-10-03 12:00:00,38.40002820078962
2017-10-03 13:00:00,38.38444726452341
2017-10-03 14:00:00,38.477368866328256
2017-10-03 15:00:00,39.42435138183869
2017-10-03 16:00:00,40.57381556683587
2017-10-03 17:00:00,41.865341229554424
2017-10-03 18:00:00,41.601170332769314
2017-10-03 19:00:00,42.565214326001126
2017-10-03 20:00:00,38.08629441624365
2017-10-03 21:00:00,36.94042583192329
2017-10-03 22:00:00,36.858996051889456
2017-10-03 23:00:00,38.990341229554424
2017-10-04 00:00:00,39.51424139875917
2017-10-04 01:00:00,39.07459108855048
2017-10-04 02:00:00,39.97913141567964
2017-10-04 03:00:00,38.95410321489002
2017-10-04 04:00:00,37.503031584884376
2017-10-04 05:00:00,37.016003948110544
2017-10-04 06:00:00,38.272631133671744
2017-10-04 07:00:00,37.171883812746756
2017-10-04 08:00:00,37.70960236886633
2017-10-04 09:00:00,38.82148900169205
2017-10-04 10:00:00,41.6864777213762
2017-10-04 11:00:00,41.474830795262264
2017-10-04 12:00:00,41.08876198533559
2017-10-04 13:00:00,40.523829667230686
2017-10-04 14:00:00,43.21686407219402
2017-10-04 15:00:00,43.05922165820643
2017-10-04 16:00:00,41.76896503102087
2017-10-04 17:00:00,44.79011562323745
2017-10-04 18:00:00,46.475183305132546
2017-10-04 19:00:00,41.62979413423576
2017-10-04 20:00:00,40.93556119571348
2017-10-04 21:00:00,41.73738014664411
2017-10-04 22:00:00,42.439650310208684
2017-10-04 23:00:00,43.78447546531303
2017-10-05 00:00:00,39.36548223350254
2017-10-05 01:00:00,39.92759447264523
2017-10-05 02:00:00,39.566624365482234
2017-10-05 03:00:00,38.36809080654258
2017-10-05 04:00:00,38.282783417935704
2017-10-05 05:00:00,38.681331077270166
2017-10-05 06:00:00,38.58234630569656
2017-10-05 07:00:00,37.78186689227299
2017-10-05 08:00:00,39.09531866892273
2017-10-05 09:00:00,39.312535250987025
2017-10-05 10:00:00,38.97370276367738
2017-10-05 11:00:00,39.42752397067118
2017-10-05 12:00:00,39.80428652002256
2017-10-05 13:00:00,39.88388324873097
2017-10-05 14:00:00,39.251692047377325
2017-10-05 15:00:00,41.43104906937394
2017-10-05 16:00:00,42.080795262267344
2017-10-05 17:00:00,42.72158770445572
2017-10-05 18:00:00,41.00352509870277
2017-10-05 19:00:00,41.33629441624365
2017-10-05 20:00:00,39.54526226734349
2017-10-05 21:00:00,38.78045685279188
2017-10-05 22:00:00,38.514029892837
2017-10-05 23:00:00,38.38691483361534
2017-10-06 00:00:00,38.55795262267343
2017-10-06 01:00:00,39.78785956006768
2017-10-06 02:00:00,39.0554850535815
2017-10-06 03:00:00,39.36604624929498
2017-10-06 04:00:00,39.18408065425832
2017-10-06 05:00:00,39.17688945290468
2017-10-06 06:00:00,39.045544275239706
2017-10-06 07:00:00,39.858996051889456
2017-10-06 08:00:00,42.99210377890581
2017-10-06 09:00:00,42.87189791314157
2017-10-06 10:00:00,43.198956570783984
2017-10-06 11:00:00,43.650380710659896
2017-10-06 12:00:00,44.51106880992668
2017-10-06 13:00:00,44.44507896221094
2017-10-06 14:00:00,44.70932036097011
2017-10-06 15:00:00,45.28369994359842
2017-10-06 16:00:00,45.661167512690355
2017-10-06 17:00:00,45.62901861252115
2017-10-06 18:00:00,45.70093062605753
2017-10-06 19:00:00,46.684856175972925
2017-10-06 20:00:00,46.48709813874788
2017-10-06 21:00:00,46.827481669486744
2017-10-06 22:00:00,46.6718133107727
2017-10-06 23:00:00,48.09644670050761
2017-10-07 00:00:00,47.892836999435985
2017-10-07 01:00:00,47.870628877608574
2017-10-07 02:00:00,47.494923857868024
2017-10-07 03:00:00,46.805767061477724
2017-10-07 04:00:00,46.148336153412295
2017-10-07 05:00:00,45.36061759729272
2017-10-07 06:00:00,44.91271855611957
2017-10-07 07:00:00,44.71087140439932
2017-10-07 08:00:00,44.64410603496898
2017-10-07 09:00:00,44.490834743372815
2017-10-07 10:00:00,44.62020586576424
2017-10-07 11:00:00,44.186689227298366
2017-10-07 12:00:00,44.03870558375635
2017-10-07 13:00:00,43.92435138183869
2017-10-07 14:00:00,43.745558375634516
2017-10-07 15:00:00,43.332698815566836
2017-10-07 16:00:00,42.680767061477724
2017-10-07 17:00:00,42.52820078962211
2017-10-07 18:00:00,45.31979695431472
2017-10-07 19:00:00,50.09320360970107
2017-10-07 20:00:00,50.28433446136492
2017-10-07 21:00:00,50.524816694867454
2017-10-07 22:00:00,50.29385222786238
2017-10-07 23:00:00,50.294839255499156
2017-10-08 00:00:00,50.78362944162436
2017-10-08 01:00:00,51.03652002256063
2017-10-08 02:00:00,51.616680767061474
2017-10-08 03:00:00,51.877326565143825
2017-10-08 04:00:00,51.82473209249859
2017-10-08 05:00:00,51.15129723632262
2017-10-08 06:00:00,52.32889170896785
2017-10-08 07:00:00,52.334179357021995
2017-10-08 08:00:00,52.48434856175973
2017-10-08 09:00:00,52.53926959954879
2017-10-08 10:00:00,51.49062323745065
2017-10-08 11:00:00,52.07980823463057
2017-10-08 12:00:00,52.71411449520586
2017-10-08 13:00:00,52.63790186125212
2017-10-08 14:00:00,52.0193880428652
2017-10-08 15:00:00,51.379512126339534
2017-10-08 16:00:00,50.63127467569092
2017-10-08 17:00:00,48.09947828539199
2017-10-08 18:00:00,46.184010152284266
2017-10-08 19:00:00,49.468626621545404
2017-10-08 20:00:00,48.209038353073886
2017-10-08 21:00:00,44.73103496897913
2017-10-08 22:00:00,48.121827411167516
2017-10-08 23:00:00,48.650310208685845
2017-10-09 00:00:00,44.81126621545403
2017-10-09 01:00:00,44.71735758601241
2017-10-09 02:00:00,44.90940496333897
2017-10-09 03:00:00,44.88226170332769
2017-10-09 04:00:00,44.90263677382967
2017-10-09 05:00:00,44.80802312464749
2017-10-09 06:00:00,44.80188945290468
2017-10-09 07:00:00,44.447546531302876
2017-10-09 08:00:00,44.53102086858432
2017-10-09 09:00:00,44.28165538635082
2017-10-09 10:00:00,45.1878877608573
2017-10-09 11:00:00,46.94458544839255
2017-10-09 12:00:00,48.125282007896224
2017-10-09 13:00:00,47.67315284827975
2017-10-09 14:00:00,48.26974055273548
2017-10-09 15:00:00,48.426043429216016
2017-10-09 16:00:00,48.428158488437674
2017-10-09 17:00:00,48.262478849407785
2017-10-09 18:00:00,50.05745910885505
2017-10-09 19:00:00,50.325366610265085
2017-10-09 20:00:00,50.266638465877044
2017-10-09 21:00:00,49.33439086294416
2017-10-09 22:00:00,49.072546531302876
2017-10-09 23:00:00,50.628172588832484
2017-10-10 00:00:00,50.09545967287084
2017-10-10 01:00:00,49.84919627749577
2017-10-10 02:00:00,50.75415961646926
2017-10-10 03:00:00,50.561125211505924
2017-10-10 04:00:00,50.201142131979694
2017-10-10 05:00:00,49.4352086858432
2017-10-10 06:00:00,50.725324309080655
2017-10-10 07:00:00,50.3034404963339
2017-10-10 08:00:00,50.45001410039481
2017-10-10 09:00:00,50.00676818950931
2017-10-10 10:00:00,50.37556401579244
2017-10-10 11:00:00,50.02629723632262
2017-10-10 12:00:00,50.61689227298364
2017-10-10 13:00:00,50.33530738860688
2017-10-10 14:00:00,50.72659334461365
2017-10-10 15:00:00,49.399534686971236
2017-10-10 16:00:00,49.983361534122956
2017-10-10 17:00:00,50.08960800902425
2017-10-10 18:00:00,50.43661872532431
2017-10-10 19:00:00,52.01945854483925
2017-10-10 20:00:00,51.32409757473209
2017-10-10 21:00:00,51.264523406655385
2017-10-10 22:00:00,51.90855893965031
2017-10-10 23:00:00,51.58396785109983
2017-10-11 00:00:00,51.107021996615906
2017-10-11 01:00:00,50.059785673998874
2017-10-11 02:00:00,50.48970671178793
2017-10-11 03:00:00,50.710377890580936
2017-10-11 04:00:00,50.27368866328257
2017-10-11 05:00:00,50.31309926677947
2017-10-11 06:00:00,50.31190073322053
2017-10-11 07:00:00,50.78165538635082
2017-10-11 08:00:00,50.40806542583192
2017-10-11 09:00:00,50.96947264523406
2017-10-11 10:00:00,50.30534404963339
2017-10-11 11:00:00,51.828116187253244
2017-10-11 12:00:00,52.11703327693176
2017-10-11 13:00:00,51.40827693175409
2017-10-11 14:00:00,50.468485617597295
2017-10-11 15:00:00,50.252467569091934
2017-10-11 16:00:00,50.91194303440496
2017-10-11 17:00:00,51.13825437112239
2017-10-11 18:00:00,51.4150451212634
2017-10-11 19:00:00,51.25091652566272
2017-10-11 20:00:00,51.17230682459109
2017-10-11 21:00:00,51.45325719120135
2017-10-11 22:00:00,46.46756909193457
2017-10-11 23:00:00,50.5628877608573
2017-10-12 00:00:00,51.81958544839255
2017-10-12 01:00:00,51.367879300620416
2017-10-12 02:00:00,51.83840947546531
2017-10-12 03:00:00,51.74252679075014
2017-10-12 04:00:00,50.55083192329385
2017-10-12 05:00:00,50.20840383530739
2017-10-12 06:00:00,50.33474337281444
2017-10-12 07:00:00,50.56895093062606
2017-10-12 08:00:00,50.2345600676819
2017-10-12 09:00:00,49.03694303440496
2017-10-12 10:00:00,48.12901861252115
2017-10-12 11:00:00,48.50909475465313
2017-10-12 12:00:00,49.05858714043993
2017-10-12 13:00:00,50.31845741680767
2017-10-12 14:00:00,50.54547377326565
2017-10-12 15:00:00,48.42562041737169
2017-10-12 16:00:00,48.822617033276934
2017-10-12 17:00:00,49.42752397067118
2017-10-12 18:00:00,48.98096446700507
2017-10-12 19:00:00,48.75007050197406
2017-10-12 20:00:00,49.396362098138745
2017-10-12 21:00:00,49.74598138747885
2017-10-12 22:00:00,50.21270445572476
2017-10-12 23:00:00,50.279399323181046
2017-10-13 00:00:00,49.7132684715172
2017-10-13 01:00:00,48.9572758037225
2017-10-13 02:00:00,49.055132543711224
2017-10-13 03:00:00,49.11879582628313
2017-10-13 04:00:00,47.336787930062044
2017-10-13 05:00:00,48.145516074450086
2017-10-13 06:00:00,48.30999717992104
2017-10-13 07:00:00,48.323322053017485
2017-10-13 08:00:00,48.016638465877044
2017-10-13 09:00:00,47.29624929498026
2017-10-13 10:00:00,47.22821489001692
2017-10-13 11:00:00,47.66553863508178
2017-10-13 12:00:00,47.718485617597295
2017-10-13 13:00:00,43.45657078398195
2017-10-13 14:00:00,45.211787930062044
2017-10-13 15:00:00,45.64382402707276
2017-10-13 16:00:00,45.404328821206995
2017-10-13 17:00:00,45.64600958826847
2017-10-13 18:00:00,47.37366046249295
2017-10-13 19:00:00,47.76177382966723
2017-10-13 20:00:00,47.96214043993232
2017-10-13 21:00:00,47.68062605752961
2017-10-13 22:00:00,46.671883812746756
2017-10-13 23:00:00,46.84249858996052
2017-10-14 00:00:00,48.53116187253243
2017-10-14 01:00:00,49.0628877608573
2017-10-14 02:00:00,47.65630287648054
2017-10-14 03:00:00,46.7533135927806
2017-10-14 04:00:00,46.417230682459106
2017-10-14 05:00:00,47.59235758601241
2017-10-14 06:00:00,48.073956570783984
2017-10-14 07:00:00,47.47045967287084
2017-10-14 08:00:00,46.081429780033844
2017-10-14 09:00:00,47.5736040609137
2017-10-14 10:00:00,48.009658770445576
2017-10-14 11:00:00,46.74069373942471
2017-10-14 12:00:00,45.12619853355894
2017-10-14 13:00:00,45.23674562887761
2017-10-14 14:00:00,44.597645234066555
2017-10-14 15:00:00,44.91546813310773
2017-10-14 16:00:00,44.70184715172025
2017-10-14 17:00:00,46.62225042301184
2017-10-14 18:00:00,44.12288494077834
2017-10-14 19:00:00,43.88917089678511
2017-10-14 20:00:00,44.413846587704455
2017-10-14 21:00:00,43.40496333897349
2017-10-14 22:00:00,43.261985335589394
2017-10-14 23:00:00,43.338691483361536
2017-10-15 00:00:00,43.883319232938526
2017-10-15 01:00:00,44.59997179921038
2017-10-15 02:00:00,44.59263959390863
2017-10-15 03:00:00,44.04660180485054
2017-10-15 04:00:00,43.546319796954315
2017-10-15 05:00:00,43.52439368302313
2017-10-15 06:00:00,43.71940214326001
2017-10-15 07:00:00,28.238085166384657
2017-10-15 08:00:00,28.548857868020306
2017-10-15 09:00:00,29.549492385786802
2017-10-15 10:00:00,29.866046249294982
2017-10-15 11:00:00,30.68408065425832
2017-10-15 12:00:00,32.91955724760293
2017-10-15 13:00:00,33.04448674562888
2017-10-15 14:00:00,33.91525662718556
2017-10-15 15:00:00,34.76826001128032
2017-10-15 16:00:00,35.34574168076706
2017-10-15 17:00:00,37.21700507614213
2017-10-15 18:00:00,36.1610970107163
2017-10-15 19:00:00,36.718626621545404
2017-10-15 20:00:00,40.05555555555556
2017-10-15 21:00:00,41.196277495769884
2017-10-15 22:00:00,42.28165538635082
2017-10-15 23:00:00,43.40616187253243
2017-10-16 00:00:00,44.23110547095319
2017-10-16 01:00:00,45.388888888888886
2017-10-16 02:00:00,45.57346305696559
2017-10-16 03:00:00,46.47010716300056
2017-10-16 04:00:00,47.33051325437112
2017-10-16 05:00:00,47.05689509306261
2017-10-16 06:00:00,46.954314720812185
2017-10-16 07:00:00,47.30351099830795
2017-10-16 08:00:00,47.21806260575296
2017-10-16 09:00:00,46.95826283135928
2017-10-16 10:00:00,45.98258601240835
2017-10-16 11:00:00,47.157783417935704
2017-10-16 12:00:00,47.5695149464185
2017-10-16 13:00:00,47.4230823463057
2017-10-16 14:00:00,46.58241680767061
2017-10-16 15:00:00,48.41687817258883
2017-10-16 16:00:00,50.535462492949804
2017-10-16 17:00:00,48.58989001692047
2017-10-16 18:00:00,46.196982515510435
2017-10-16 19:00:00,51.20283417935702
2017-10-16 20:00:00,53.59531866892273
2017-10-16 21:00:00,50.42590242526791
2017-10-16 22:00:00,51.96439650310209
2017-10-16 23:00:00,51.29103214890017
2017-10-17 00:00:00,53.86548223350254
2017-10-17 01:00:00,53.6190073322053
2017-10-17 02:00:00,53.54328821206994
2017-10-17 03:00:00,53.82289904117315
2017-10-17 04:00:00,54.19663000564016
2017-10-17 05:00:00,54.03757755217146
2017-10-17 06:00:00,53.81338127467569
2017-10-17 07:00:00,53.33509588268471
2017-10-17 08:00:00,53.29307670614777
2017-10-17 09:00:00,50.47313874788494
2017-10-17 10:00:00,51.74118725324309
2017-10-17 11:00:00,50.753172588832484
2017-10-17 12:00:00,51.298364354201915
2017-10-17 13:00:00,52.0507614213198
2017-10-17 14:00:00,52.219825155104346
2017-10-17 15:00:00,52.09468415115623
2017-10-17 16:00:00,51.71841511562324
2017-10-17 17:00:00,52.244853355893966
2017-10-17 18:00:00,52.35131133671743
2017-10-17 19:00:00,53.74675690919346
2017-10-17 20:00:00,55.27023406655386
2017-10-17 21:00:00,55.29956288776086
2017-10-17 22:00:00,54.847645234066555
2017-10-17 23:00:00,55.15073322053018
2017-10-18 00:00:00,53.21143542019176
2017-10-18 01:00:00,53.06570783981952
2017-10-18 02:00:00,53.72722786238015
2017-10-18 03:00:00,54.08044275239707
2017-10-18 04:00:00,54.521855611957136
2017-10-18 05:00:00,54.263818386914835
2017-10-18 06:00:00,53.71756909193457
2017-10-18 07:00:00,53.40461082910321
2017-10-18 08:00:00,53.391638465877044
2017-10-18 09:00:00,53.43020304568528
2017-10-18 10:00:00,53.69402143260011
2017-10-18 11:00:00,54.588197969543145
2017-10-18 12:00:00,54.47687535250987
2017-10-18 13:00:00,55.187535250987025
2017-10-18 14:00:00,53.80957416807671
2017-10-18 15:00:00,53.64255499153976
2017-10-18 16:00:00,41.43542019176537
2017-10-18 17:00:00,37.23568809926678
2017-10-18 18:00:00,38.128666102650875
2017-10-18 19:00:00,38.17759447264523
2017-10-18 20:00:00,41.07099548787366
2017-10-18 21:00:00,43.4244923857868
2017-10-18 22:00:00,42.39657360406091
2017-10-18 23:00:00,44.42435138183869
2017-10-19 00:00:00,44.98505358150028
2017-10-19 01:00:00,47.05224196277496
2017-10-19 02:00:00,49.02375916525663
2017-10-19 03:00:00,49.82924421883813
2017-10-19 04:00:00,49.95748730964467
2017-10-19 05:00:00,50.3508883248731
2017-10-19 06:00:00,49.71256345177665
2017-10-19 07:00:00,49.66779469825155
2017-10-19 08:00:00,50.19888606880993
2017-10-19 09:00:00,50.460518894529045
2017-10-19 10:00:00,49.33530738860688
2017-10-19 11:00:00,49.759799774393684
2017-10-19 12:00:00,50.56768189509306
2017-10-19 13:00:00,51.41680767061478
2017-10-19 14:00:00,52.769176536943036
2017-10-19 15:00:00,52.73519458544839
2017-10-19 16:00:00,53.192893401015226
2017-10-19 17:00:00,52.653835307388604
2017-10-19 18:00:00,48.40806542583192
2017-10-19 19:00:00,46.99245628877608
2017-10-19 20:00:00,50.753736604624926
2017-10-19 21:00:00,50.67033276931754
2017-10-19 22:00:00,47.51001128031585
2017-10-19 23:00:00,50.031443880428654
2017-10-20 00:00:00,52.490341229554424
2017-10-20 01:00:00,52.23406655386351
2017-10-20 02:00:00,51.675338409475465
2017-10-20 03:00:00,48.675338409475465
2017-10-20 04:00:00,48.02897631133672
2017-10-20 05:00:00,48.90947546531303
2017-10-20 06:00:00,48.24337281443881
2017-10-20 07:00:00,48.72560631697687
2017-10-20 08:00:00,46.7586717428088
2017-10-20 09:00:00,48.193668922729834
2017-10-20 10:00:00,48.38980541455161
2017-10-20 11:00:00,49.66137901861252
2017-10-20 12:00:00,49.6804850535815
2017-10-20 13:00:00,49.39192047377327
2017-10-20 14:00:00,50.67026226734349
2017-10-20 15:00:00,50.40609137055838
2017-10-20 16:00:00,50.42526790750141
2017-10-20 17:00:00,50.83967851099831
2017-10-20 18:00:00,51.5074027072758
2017-10-20 19:00:00,50.66257755217146
2017-10-20 20:00:00,51.119853355893966
2017-10-20 21:00:00,52.23871968415116
2017-10-20 22:00:00,51.13106316976875
2017-10-20 23:00:00,51.83460236886633
2017-10-21 00:00:00,52.015792442188385
2017-10-21 01:00:00,52.91497461928934
2017-10-21 02:00:00,53.48914269599549
2017-10-21 03:00:00,54.60286238014665
2017-10-21 04:00:00,53.85723350253807
2017-10-21 05:00:00,53.17096728708404
2017-10-21 06:00:00,51.63529328821207
2017-10-21 07:00:00,50.20974337281444
2017-10-21 08:00:00,47.65827693175409
2017-10-21 09:00:00,50.649534686971236
2017-10-21 10:00:00,53.23984771573604
2017-10-21 11:00:00,54.10666948674563
2017-10-21 12:00:00,52.37091088550479
2017-10-21 13:00:00,51.5133953750705
2017-10-21 14:00:00,51.59412013536379
2017-10-21 15:00:00,50.613860688099265
2017-10-21 16:00:00,50.91095600676819
2017-10-21 17:00:00,51.90686689227299
2017-10-21 18:00:00,52.1617315284828
2017-10-21 19:00:00,53.359701071630006
2017-10-21 20:00:00,52.59003102086859
2017-10-21 21:00:00,48.67625493513818
2017-10-21 22:00:00,48.927453468697124
2017-10-21 23:00:00,52.25930626057529
2017-10-22 00:00:00,52.501128031584884
2017-10-22 01:00:00,51.5160744500846
2017-10-22 02:00:00,50.744218838127466
2017-10-22 03:00:00,47.157712915961646
2017-10-22 04:00:00,46.54716582064298
2017-10-22 05:00:00,45.99591088550479
2017-10-22 06:00:00,45.39248448956571
2017-10-22 07:00:00,45.680696559503666
2017-10-22 08:00:00,46.27552171460801
2017-10-22 09:00:00,46.00824873096447
2017-10-22 10:00:00,45.78461646926114
2017-10-22 11:00:00,50.794345741680765
2017-10-22 12:00:00,51.051818950930624
2017-10-22 13:00:00,50.54103214890017
2017-10-22 14:00:00,49.31909193457417
2017-10-22 15:00:00,29.218344613649183
2017-10-22 16:00:00,28.40482233502538
2017-10-22 17:00:00,29.28313592780598
2017-10-22 18:00:00,30.7774252679075
2017-10-22 19:00:00,41.5053581500282
2017-10-22 20:00:00,46.36273265651438
2017-10-22 21:00:00,47.09708121827411
2017-10-22 22:00:00,46.318527918781726
2017-10-22 23:00:00,36.01092780597857
2017-10-23 00:00:00,33.544839255499156
2017-10-23 01:00:00,37.3642836999436
2017-10-23 02:00:00,38.594825155104346
2017-10-23 03:00:00,40.734842075578115
2017-10-23 04:00:00,42.723984771573605
2017-10-23 05:00:00,43.9358432036097
2017-10-23 06:00:00,44.76833051325437
2017-10-23 07:00:00,43.7419627749577
2017-10-23 08:00:00,43.62323745064862
2017-10-23 09:00:00,43.616469261139315
2017-10-23 10:00:00,43.082839819514945
2017-10-23 11:00:00,43.04942188381275
2017-10-23 12:00:00,42.83453186689227
2017-10-23 13:00:00,43.07853919909758
2017-10-23 14:00:00,43.19190637337845
2017-10-23 15:00:00,42.71496051889453
2017-10-23 16:00:00,42.70621827411168
2017-10-23 17:00:00,43.42160180485054
2017-10-23 18:00:00,42.46778059785674
2017-10-23 19:00:00,41.73942470389171
2017-10-23 20:00:00,41.52657924421884
2017-10-23 21:00:00,41.07642413987592
2017-10-23 22:00:00,41.86343767625493
2017-10-23 23:00:00,31.52848279751833
2017-10-24 00:00:00,25.197758037225043
2017-10-24 01:00:00,25.98103496897913
2017-10-24 02:00:00,27.8830372250423
2017-10-24 03:00:00,34.38663282571912
2017-10-24 04:00:00,43.40186125211506
2017-10-24 05:00:00,43.83220530174845
2017-10-24 06:00:00,44.501692047377325
2017-10-24 07:00:00,44.8349548787366
2017-10-24 08:00:00,44.57226452340665
2017-10-24 09:00:00,46.681331077270166
2017-10-24 10:00:00,47.823322053017485
2017-10-24 11:00:00,48.676043429216016
2017-10-24 12:00:00,47.635998307952626
2017-10-24 13:00:00,45.70078962210942
2017-10-24 14:00:00,46.075366610265085
2017-10-24 15:00:00,45.71199943598421
2017-10-24 16:00:00,46.81161872532431
2017-10-24 17:00:00,44.900310208685845
2017-10-24 18:00:00,43.61026508742245
2017-10-24 19:00:00,45.30957416807671
2017-10-24 20:00:00,46.66638465877045
2017-10-24 21:00:00,46.42653694303441
2017-10-24 22:00:00,47.0006345177665
2017-10-24 23:00:00,48.08587140439932
2017-10-25 00:00:00,48.898829667230686
2017-10-25 01:00:00,47.53306542583192
2017-10-25 02:00:00,47.96559503666103
2017-10-25 03:00:00,48.23738014664411
2017-10-25 04:00:00,48.252397067117876
2017-10-25 05:00:00,45.26896503102087
2017-10-25 06:00:00,45.15221376198534
2017-10-25 07:00:00,45.47913141567964
2017-10-25 08:00:00,44.790891144952056
2017-10-25 09:00:00,44.79780033840947
2017-10-25 10:00:00,44.787507050197405
2017-10-25 11:00:00,44.52277213761985
2017-10-25 12:00:00,44.574661590524535
2017-10-25 13:00:00,44.768542019176536
2017-10-25 14:00:00,44.82445008460237
2017-10-26 00:00:00,0.0
2017-10-26 01:00:00,0.0
2017-10-26 02:00:00,0.0
2017-10-26 03:00:00,0.0
2017-10-26 04:00:00,0.0
2017-10-26 05:00:00,0.0
2017-10-26 06:00:00,0.0
2017-10-26 07:00:00,0.0
2017-10-26 08:00:00,0.0
2017-10-26 09:00:00,0.0
2017-10-26 10:00:00,0.0
2017-10-26 11:00:00,0.0
2017-10-26 12:00:00,0.0
2017-10-26 13:00:00,0.0
2017-10-26 14:00:00,0.0
2017-10-26 15:00:00,0.0
2017-10-26 16:00:00,0.0
2017-10-26 17:00:00,0.0
2017-10-26 18:00:00,36.17209531866892
2017-10-26 19:00:00,41.09320360970107
2017-10-26 20:00:00,42.83784545967287
2017-10-26 21:00:00,41.99654540327129
2017-10-26 22:00:00,41.9839255499154
2017-10-26 23:00:00,45.143471517202485
2017-10-27 00:00:00,44.35730400451212
2017-10-27 01:00:00,42.95212915961647
2017-10-27 02:00:00,45.063169768753525
2017-10-27 03:00:00,44.297024816694865
2017-10-27 04:00:00,44.737662154540324
2017-10-27 05:00:00,45.54575578116187
2017-10-27 06:00:00,45.95466723068246
2017-10-27 07:00:00,46.09905527354766
2017-10-27 08:00:00,45.21538353073886
2017-10-27 09:00:00,43.695501974055276
2017-10-27 10:00:00,44.83911449520586
2017-10-27 11:00:00,45.25148054145516
2017-10-27 12:00:00,43.57311054709532
2017-10-27 13:00:00,42.83375634517766
2017-10-27 14:00:00,43.20283417935702
2017-10-27 15:00:00,44.241469261139315
2017-10-27 16:00:00,44.21143542019176
2017-10-27 17:00:00,43.44663000564016
2017-10-27 18:00:00,42.480118443316414
2017-10-27 19:00:00,41.94853355893965
2017-10-27 20:00:00,43.54067963902989
2017-10-27 21:00:00,42.094190637337846
2017-10-27 22:00:00,42.99090524534687
2017-10-27 23:00:00,44.0721940214326
2017-10-28 00:00:00,43.605823463056964
2017-10-28 01:00:00,41.978637901861255
2017-10-28 02:00:00,42.058375634517766
2017-10-28 03:00:00,42.93062605752961
2017-10-28 04:00:00,42.05470953186689
2017-10-28 05:00:00,41.53264241398759
2017-10-28 06:00:00,42.35060631697687
2017-10-28 07:00:00,40.62591652566272
2017-10-28 08:00:00,40.30527354765933
2017-10-28 09:00:00,40.46157642413988
2017-10-28 10:00:00,39.89121545403271
2017-10-28 11:00:00,40.577481669486744
2017-10-28 12:00:00,38.682036097010716
2017-10-28 13:00:00,36.49802594472645
2017-10-28 14:00:00,34.898336153412295
2017-10-28 15:00:00,36.96841511562324
2017-10-28 16:00:00,37.67703045685279
2017-10-28 17:00:00,38.424703891708965
2017-10-28 18:00:00,38.177312464749015
2017-10-28 19:00:00,38.052382966723066
2017-10-28 20:00:00,37.52848279751833
2017-10-28 21:00:00,37.959179357021995
2017-10-28 22:00:00,38.110335589396506
2017-10-28 23:00:00,39.38874788494078
2017-10-29 00:00:00,39.706993795826286
2017-10-29 01:00:00,39.83234630569656
2017-10-29 02:00:00,38.16546813310773
2017-10-29 03:00:00,39.98441906373378
2017-10-29 04:00:00,40.671883812746756
2017-10-29 05:00:00,40.62161590524535
2017-10-29 06:00:00,40.36294416243655
2017-10-29 07:00:00,40.15954596728709
2017-10-29 08:00:00,40.07987873660463
2017-10-29 09:00:00,39.60413141567964
2017-10-29 10:00:00,40.198956570783984
2017-10-29 11:00:00,41.10222786238015
2017-10-29 12:00:00,40.54921037789058
2017-10-29 13:00:00,40.879300620417375
2017-10-29 14:00:00,41.38021714608009
2017-10-29 15:00:00,40.47913141567964
2017-10-29 16:00:00,38.9344331641286
2017-10-29 17:00:00,39.672518330513256
2017-10-29 18:00:00,39.42209531866892
2017-10-29 19:00:00,39.15200225606317
2017-10-29 20:00:00,39.42688945290468
2017-10-29 21:00:00,40.46749858996052
2017-10-29 22:00:00,40.833333333333336
2017-10-29 23:00:00,40.892836999435985
2017-10-30 00:00:00,41.30661308516638
2017-10-30 01:00:00,39.64135645798083
2017-10-30 02:00:00,40.62824309080654
2017-10-30 03:00:00,40.38388324873097
2017-10-30 04:00:00,40.193880428652
2017-10-30 05:00:00,40.05760011280316
2017-10-30 06:00:00,39.73075296108291
2017-10-30 07:00:00,39.751057529610826
2017-10-30 08:00:00,38.559010152284266
2017-10-30 09:00:00,36.7586717428088
2017-10-30 10:00:00,36.0608432036097
2017-10-30 11:00:00,37.11456570783982
2017-10-30 12:00:00,39.125
2017-10-30 13:00:00,39.38931190073322
2017-10-30 14:00:00,37.8209249858996
2017-10-30 15:00:00,38.51593344613649
2017-10-30 16:00:00,39.75415961646926
2017-10-30 17:00:00,39.43090806542583
2017-10-30 18:00:00,40.292089678511
2017-10-30 19:00:00,38.84193457416808
2017-10-30 20:00:00,38.208333333333336
2017-10-30 21:00:00,39.79575578116187
2017-10-30 22:00:00,43.165891144952056
2017-10-30 23:00:00,43.07247602932882
2017-10-31 00:00:00,44.15587986463621
2017-10-31 01:00:00,44.15073322053018
2017-10-31 02:00:00,45.06895093062606
2017-10-31 03:00:00,44.54801184433164
2017-10-31 04:00:00,44.61442470389171
2017-10-31 05:00:00,42.75958826847152
2017-10-31 06:00:00,43.53757755217146
2017-10-31 07:00:00,45.280174844895654
2017-10-31 08:00:00,40.60603496897913
2017-10-31 09:00:00,43.576142131979694
2017-10-31 10:00:00,44.2005076142132
2017-10-31 11:00:00,42.61202763677383
2017-10-31 12:00:00,43.09249858996052
2017-10-31 13:00:00,47.605047941342356
2017-10-31 14:00:00,44.408347433728146
2017-10-31 15:00:00,46.556401579244216
2017-10-31 16:00:00,47.074661590524535
2017-10-31 17:00:00,46.611111111111114
2017-10-31 18:00:00,45.65108573040045
2017-10-31 19:00:00,45.35906655386351
2017-10-31 20:00:00,45.20276367738297
2017-10-31 21:00:00,46.749647490129725
2017-10-31 22:00:00,46.826001128031585
2017-10-31 23:00:00,44.68182459108855
2017-11-01 00:00:00,42.39545873674504
2017-11-01 01:00:00,46.16459197786999
2017-11-01 02:00:00,45.34255417242969
2017-11-01 03:00:00,42.78722913785155
2017-11-01 04:00:00,42.69381051175657
2017-11-01 05:00:00,41.379956201014295
2017-11-01 06:00:00,42.85344628861226
2017-11-01 07:00:00,43.72008990318119
2017-11-01 08:00:00,43.958102812355925
2017-11-01 09:00:00,44.96951360073767
2017-11-01 10:00:00,45.726486860304284
2017-11-01 11:00:00,46.80745735361918
2017-11-01 12:00:00,44.71092669432918
2017-11-01 13:00:00,46.88877362840019
2017-11-01 14:00:00,44.91130705394191
2017-11-01 15:00:00,45.196058091286304
2017-11-01 16:00:00,45.24717611802674
2017-11-01 17:00:00,43.44404103273398
2017-11-01 18:00:00,44.434877823881976
2017-11-01 19:00:00,45.01244813278009
2017-11-01 20:00:00,43.292473490087595
2017-11-01 21:00:00,43.254207007837714
2017-11-01 22:00:00,46.344974642692485
2017-11-01 23:00:00,46.77904564315353
2017-11-02 00:00:00,45.78071692023974
2017-11-02 01:00:00,45.48922314430613
2017-11-02 02:00:00,46.52120792992162
2017-11-02 03:00:00,49.1172775472568
2017-11-02 04:00:00,48.755301982480404
2017-11-02 05:00:00,50.71230982019364
2017-11-02 06:00:00,50.44202397418165
2017-11-02 07:00:00,50.05520977408944
2017-11-02 08:00:00,49.685742277547256
2017-11-02 09:00:00,49.09756800368834
2017-11-02 10:00:00,47.9291724296911
2017-11-02 11:00:00,48.36681650530198
2017-11-02 12:00:00,49.02697095435685
2017-11-02 13:00:00,48.58921161825726
2017-11-02 14:00:00,51.36093822037805
2017-11-02 15:00:00,51.2706316274781
2017-11-02 16:00:00,49.048928077455045
2017-11-02 17:00:00,46.96225218994928
2017-11-02 18:00:00,48.8427846934071
2017-11-02 19:00:00,50.999308437067775
2017-11-02 20:00:00,47.82169202397418
2017-11-02 21:00:00,49.38531581373905
2017-11-02 22:00:00,50.23570769940064
2017-11-02 23:00:00,49.59428307976026
2017-11-03 00:00:00,53.149041173152845
2017-11-03 01:00:00,54.97990693739425
2017-11-03 02:00:00,52.46975465313029
2017-11-03 03:00:00,53.15750141003948
2017-11-03 04:00:00,53.05957416807671
2017-11-03 05:00:00,52.66483361534123
2017-11-03 06:00:00,51.32473209249859
2017-11-03 07:00:00,51.752185561195716
2017-11-03 08:00:00,49.62641003948111
2017-11-03 09:00:00,48.25133953750705
2017-11-03 10:00:00,51.84595318668923
2017-11-03 11:00:00,51.36971235194586
2017-11-03 12:00:00,51.17674844895657
2017-11-03 13:00:00,50.69994359842075
2017-11-03 14:00:00,48.85596446700507
2017-11-03 15:00:00,50.536872532430905
2017-11-03 16:00:00,53.73970671178793
2017-11-03 17:00:00,51.97236322617033
2017-11-03 18:00:00,53.506979695431475
2017-11-03 19:00:00,53.449661590524535
2017-11-03 20:00:00,51.91271855611957
2017-11-03 21:00:00,50.54892836999436
2017-11-03 22:00:00,51.42139029892837
2017-11-03 23:00:00,51.77495769881557
2017-11-04 00:00:00,51.61089960518895
2017-11-04 01:00:00,51.82078398195149
2017-11-04 02:00:00,51.91025098702764
2017-11-04 03:00:00,51.94000282007896
2017-11-04 04:00:00,52.334038353073886
2017-11-04 05:00:00,50.86823181049069
2017-11-04 06:00:00,48.97405527354766
2017-11-04 07:00:00,49.07170050761421
2017-11-04 08:00:00,47.09651720248167
2017-11-04 09:00:00,47.82924421883813
2017-11-04 10:00:00,47.8904399323181
2017-11-04 11:00:00,46.5682459108855
2017-11-04 12:00:00,47.247038917089675
2017-11-04 13:00:00,47.38606880992668
2017-11-04 14:00:00,46.81493231810491
2017-11-04 15:00:00,47.01480541455161
2017-11-04 16:00:00,46.758460236886634
2017-11-04 17:00:00,46.66363508178229
2017-11-04 18:00:00,46.09010152284264
2017-11-04 19:00:00,48.69945008460237
2017-11-04 20:00:00,49.06486181613085
2017-11-04 21:00:00,48.9290750141004
2017-11-04 22:00:00,48.33699943598421
2017-11-04 23:00:00,48.175972927241965
2017-11-05 00:00:00,48.06725888324873
2017-11-05 01:00:00,47.47155797101449
2017-11-05 02:00:00,48.917089678511
2017-11-05 03:00:00,48.83664692611393
2017-11-05 04:00:00,48.52058657642414
2017-11-05 05:00:00,47.79660180485054
2017-11-05 06:00:00,47.74647490129723
2017-11-05 07:00:00,47.88656232374507
2017-11-05 08:00:00,47.65996897913141
2017-11-05 09:00:00,45.35793852227862
2017-11-05 10:00:00,42.96806260575296
2017-11-05 11:00:00,45.151790750141004
2017-11-05 12:00:00,46.27277213761985
2017-11-05 13:00:00,45.9612239142696
2017-11-05 14:00:00,46.23540609137056
2017-11-05 15:00:00,45.71108291032149
2017-11-05 16:00:00,44.72772137619853
2017-11-05 17:00:00,44.432811618725324
2017-11-05 18:00:00,44.11308516638466
2017-11-05 19:00:00,44.62915961646926
2017-11-05 20:00:00,44.50458262831359
2017-11-05 21:00:00,44.459179357021995
2017-11-05 22:00:00,43.627961082910325
2017-11-05 23:00:00,43.59186407219402
2017-11-06 00:00:00,42.201706147772136
2017-11-06 01:00:00,39.79794134235759
2017-11-06 02:00:00,44.33453186689227
2017-11-06 03:00:00,44.727509870276364
2017-11-06 04:00:00,45.42498589960519
2017-11-06 05:00:00,44.97772137619853
2017-11-06 06:00:00,45.294204737732656
2017-11-06 07:00:00,45.982092498589964
2017-11-06 08:00:00,45.944303440496334
2017-11-06 09:00:00,46.751057529610826
2017-11-06 10:00:00,46.36752679075014
2017-11-06 11:00:00,46.88860688099267
2017-11-06 12:00:00,46.19310490693739
2017-11-06 13:00:00,46.52277213761985
2017-11-06 14:00:00,45.74957698815567
2017-11-06 15:00:00,46.10540045121263
2017-11-06 16:00:00,45.94973209249859
2017-11-06 17:00:00,46.90616187253243
2017-11-06 18:00:00,43.68182459108855
2017-11-06 19:00:00,48.70262267343485
2017-11-06 20:00:00,47.652989283699945
2017-11-06 21:00:00,48.76085730400451
2017-11-06 22:00:00,47.964467005076145
2017-11-06 23:00:00,48.53849407783418
2017-11-07 00:00:00,48.68661872532431
2017-11-07 01:00:00,51.30322899041173
2017-11-07 02:00:00,50.2574027072758
2017-11-07 03:00:00,50.98293852227862
2017-11-07 04:00:00,52.123378454596725
2017-11-07 05:00:00,52.10208685843204
2017-11-07 06:00:00,51.637549351381836
2017-11-07 07:00:00,51.25888324873097
2017-11-07 08:00:00,50.53757755217146
2017-11-07 09:00:00,50.08855047941342
2017-11-07 10:00:00,48.71073040045121
2017-11-07 11:00:00,49.013324873096444
2017-11-07 12:00:00,44.6897913141568
2017-11-07 13:00:00,43.71489001692047
2017-11-07 14:00:00,44.168006204173714
2017-11-07 15:00:00,45.15940496333897
2017-11-07 16:00:00,45.546954314720814
2017-11-07 17:00:00,44.64861816130852
2017-11-07 18:00:00,46.26325437112239
2017-11-07 19:00:00,46.32148900169205
2017-11-07 20:00:00,46.64946418499718
2017-11-07 21:00:00,46.95071912013536
2017-11-07 22:00:00,45.38606880992668
2017-11-07 23:00:00,46.561971235194584
2017-11-08 00:00:00,46.92124929498026
2017-11-08 01:00:00,47.51410039481105
2017-11-08 02:00:00,47.92428087986464
2017-11-08 03:00:00,47.282148900169204
2017-11-08 04:00:00,48.07649464184997
2017-11-08 05:00:00,48.78835307388607
2017-11-08 06:00:00,48.18429216018048
2017-11-08 07:00:00,49.11527072758037
2017-11-08 08:00:00,47.7720671178793
2017-11-08 09:00:00,46.69472645234067
2017-11-08 10:00:00,47.74048223350254
2017-11-08 11:00:00,46.832769317540894
2017-11-08 12:00:00,47.91821771009588
2017-11-08 13:00:00,46.73526508742245
2017-11-08 14:00:00,47.66271855611957
2017-11-08 15:00:00,47.760363790186126
2017-11-08 16:00:00,46.42569091934574
2017-11-08 17:00:00,48.97095318668923
2017-11-08 18:00:00,49.27996333897349
2017-11-08 19:00:00,49.454314720812185
2017-11-08 20:00:00,50.043499717992106
2017-11-08 21:00:00,48.982727016356456
2017-11-08 22:00:00,50.33706993795826
2017-11-08 23:00:00,48.67893401015228
2017-11-09 00:00:00,48.15616187253243
2017-11-09 01:00:00,43.2012831359278
2017-11-09 02:00:00,49.28828257191201
2017-11-09 03:00:00,48.3174703891709
2017-11-09 04:00:00,47.499012972363225
2017-11-09 05:00:00,47.92695995487874
2017-11-09 06:00:00,47.9177241962775
2017-11-09 07:00:00,47.67808798646362
2017-11-09 08:00:00,47.35427241962775
2017-11-09 09:00:00,47.615975747320924
2017-11-09 10:00:00,47.31937394247039
2017-11-09 11:00:00,46.659052453468696
2017-11-09 12:00:00,47.07057247602933
2017-11-09 13:00:00,46.521996615905245
2017-11-09 14:00:00,46.4164551607445
2017-11-09 15:00:00,46.759165256627185
2017-11-09 16:00:00,46.854483925549914
2017-11-09 17:00:00,47.03637901861252
2017-11-09 18:00:00,48.02178510998308
2017-11-09 19:00:00,47.78299492385787
2017-11-09 20:00:00,48.245699379582625
2017-11-09 21:00:00,46.8135222786238
2017-11-09 22:00:00,47.42096728708404
2017-11-09 23:00:00,47.56394529046813
2017-11-10 00:00:00,49.29194867456289
2017-11-10 01:00:00,49.5507614213198
2017-11-10 02:00:00,49.937464749012975
2017-11-10 03:00:00,49.966511562323745
2017-11-10 04:00:00,50.82712915961647
2017-11-10 05:00:00,50.57783417935702
2017-11-10 06:00:00,49.89608009024253
2017-11-10 07:00:00,48.7774252679075
2017-11-10 08:00:00,48.5053581500282
2017-11-10 09:00:00,49.54758883248731
2017-11-10 10:00:00,50.114495205865765
2017-11-10 11:00:00,50.252397067117876
2017-11-10 12:00:00,50.09574168076706
2017-11-10 13:00:00,49.97137619853356
2017-11-10 14:00:00,49.849619289340104
2017-11-10 15:00:00,49.68323463056966
2017-11-10 16:00:00,49.6035673998872
2017-11-10 17:00:00,48.943527918781726
2017-11-10 18:00:00,48.81260575296108
2017-11-10 19:00:00,48.35391990975747
2017-11-10 20:00:00,47.732868020304565
2017-11-10 21:00:00,48.71813310772701
2017-11-10 22:00:00,50.314509306260575
2017-11-10 23:00:00,49.80478003384095
2017-11-11 00:00:00,49.82649464184997
2017-11-11 01:00:00,49.351029328821205
2017-11-11 02:00:00,49.18436266215454
2017-11-11 03:00:00,49.04942188381275
2017-11-11 04:00:00,48.4397913141568
2017-11-11 05:00:00,48.38740834743373
2017-11-11 06:00:00,47.42258883248731
2017-11-11 07:00:00,48.30541455160745
2017-11-11 08:00:00,47.96883812746757
2017-11-11 09:00:00,47.75923575860124
2017-11-11 10:00:00,47.3242385786802
2017-11-11 11:00:00,46.20685279187817
2017-11-11 12:00:00,46.230188945290465
2017-11-11 13:00:00,45.90933446136492
2017-11-11 14:00:00,46.79526226734349
2017-11-11 15:00:00,47.18161308516638
2017-11-11 16:00:00,48.08643542019176
2017-11-11 17:00:00,48.36202763677383
2017-11-11 18:00:00,48.45452622673435
2017-11-11 19:00:00,49.29864636209814
2017-11-11 20:00:00,48.46792160180485
2017-11-11 21:00:00,49.16391708967851
2017-11-11 22:00:00,49.331359278059786
2017-11-11 23:00:00,48.46333897349126
2017-11-12 00:00:00,47.82247602932882
2017-11-12 01:00:00,48.581993795826286
2017-11-12 02:00:00,47.696982515510435
2017-11-12 03:00:00,47.82381556683587
2017-11-12 04:00:00,47.40813592780598
2017-11-12 05:00:00,46.70219966159053
2017-11-12 06:00:00,46.95960236886633
2017-11-12 07:00:00,46.89918217710096
2017-11-12 08:00:00,47.49809644670051
2017-11-12 09:00:00,46.96869712351946
2017-11-12 10:00:00,46.31958544839255
2017-11-12 11:00:00,47.480682459108856
2017-11-12 12:00:00,47.12091088550479
2017-11-12 13:00:00,47.811830231246475
2017-11-12 14:00:00,47.59736322617033
2017-11-12 15:00:00,46.397701635645795
2017-11-12 16:00:00,47.4806119571348
2017-11-12 17:00:00,47.290327129159614
2017-11-12 18:00:00,46.82698815566836
2017-11-12 19:00:00,44.697687535250985
2017-11-12 20:00:00,46.98646362098139
2017-11-12 21:00:00,46.67089678510998
2017-11-12 22:00:00,47.81309926677947
2017-11-12 23:00:00,44.48032994923858
2017-11-13 00:00:00,47.38769035532995
2017-11-13 01:00:00,47.3931190073322
2017-11-13 02:00:00,48.00486463620982
2017-11-13 03:00:00,47.32367456288776
2017-11-13 04:00:00,46.60857304004512
2017-11-13 05:00:00,47.67921601804851
2017-11-13 06:00:00,46.95607727016356
2017-11-13 07:00:00,47.0781866892273
2017-11-13 08:00:00,46.14861816130852
2017-11-13 09:00:00,45.78186689227299
2017-11-13 10:00:00,46.175972927241965
2017-11-13 11:00:00,46.36202763677383
2017-11-13 12:00:00,45.643542019176536
2017-11-13 13:00:00,46.7252538071066
2017-11-13 14:00:00,46.74104624929498
2017-11-13 15:00:00,47.497602932882124
2017-11-13 16:00:00,47.98378454596729
2017-11-13 17:00:00,48.3174703891709
2017-11-13 18:00:00,47.702481669486744
2017-11-13 19:00:00,47.71129441624365
2017-11-13 20:00:00,47.336153412295545
2017-11-13 21:00:00,48.05597856739989
2017-11-13 22:00:00,48.02234912577552
2017-11-13 23:00:00,48.68732374506486
2017-11-14 00:00:00,47.99316130851664
2017-11-14 01:00:00,48.2900451212634
2017-11-14 02:00:00,47.7574027072758
2017-11-14 03:00:00,47.994218838127466
2017-11-14 04:00:00,48.32170050761421
2017-11-14 05:00:00,48.379512126339534
2017-11-14 06:00:00,48.39065143824027
2017-11-14 07:00:00,47.77763677382967
2017-11-14 08:00:00,47.39720812182741
2017-11-14 09:00:00,46.85695149464185
2017-11-14 10:00:00,46.46601804850536
2017-11-14 11:00:00,47.33009024252679
2017-11-14 12:00:00,48.457910321489
2017-11-14 13:00:00,48.3141567963903
2017-11-14 14:00:00,48.4752538071066
2017-11-14 15:00:00,48.40348279751833
2017-11-14 16:00:00,48.68161308516638
2017-11-14 17:00:00,48.06281725888325
2017-11-14 18:00:00,46.379512126339534
2017-11-14 19:00:00,46.571841511562326
2017-11-14 20:00:00,47.29046813310773
2017-11-14 21:00:00,47.33164128595601
2017-11-14 22:00:00,47.138818386914835
2017-11-14 23:00:00,48.60934856175973
2017-11-15 00:00:00,47.44916807670615
2017-11-15 01:00:00,47.96355047941342
2017-11-15 02:00:00,48.28771855611957
2017-11-15 03:00:00,46.9993654822335
2017-11-15 04:00:00,48.54667230682459
2017-11-15 05:00:00,49.14255499153976
2017-11-15 06:00:00,48.62760857304004
2017-11-15 07:00:00,50.90679639029893
2017-11-15 08:00:00,51.667935702199664
2017-11-15 09:00:00,51.09256909193457
2017-11-15 10:00:00,50.44331641285956
2017-11-15 11:00:00,52.30160744500846
2017-11-15 12:00:00,49.7994923857868
2017-11-15 13:00:00,48.828821206993794
2017-11-15 14:00:00,51.87626903553299
2017-11-15 15:00:00,52.189509306260575
2017-11-15 16:00:00,50.95657078398195
2017-11-15 17:00:00,50.200366610265085
2017-11-15 18:00:00,52.54194867456289
2017-11-15 19:00:00,53.48568809926678
2017-11-15 20:00:00,53.321347997743935
2017-11-15 21:00:00,53.39206147772138
2017-11-15 22:00:00,53.93104906937394
2017-11-15 23:00:00,54.06133671742809
2017-11-16 00:00:00,53.79180767061478
2017-11-16 01:00:00,55.00690919345742
2017-11-16 02:00:00,54.61075860124083
2017-11-16 03:00:00,55.463197969543145
2017-11-16 04:00:00,54.47708685843204
2017-11-16 05:00:00,53.56408629441624
2017-11-16 06:00:00,53.24189227298364
2017-11-16 07:00:00,53.41039199097575
2017-11-16 08:00:00,52.50669768753525
2017-11-16 09:00:00,51.4024252679075
2017-11-16 10:00:00,52.58565989847716
2017-11-16 11:00:00,53.10941906373378
2017-11-16 12:00:00,53.03532148900169
2017-11-16 13:00:00,53.23956570783982
2017-11-16 14:00:00,53.350324309080655
2017-11-16 15:00:00,53.46601804850536
2017-11-16 16:00:00,52.65002820078962
2017-11-16 17:00:00,51.92963902989284
2017-11-16 18:00:00,51.500493513818384
2017-11-16 19:00:00,50.95093062605753
2017-11-16 20:00:00,50.46622955442752
2017-11-16 21:00:00,49.280104342921604
2017-11-16 22:00:00,49.51769599548788
2017-11-16 23:00:00,48.980188945290465
2017-11-17 00:00:00,49.65066271855612
2017-11-17 01:00:00,48.98498307952622
2017-11-17 02:00:00,47.75528764805414
2017-11-17 03:00:00,47.56027918781726
2017-11-17 04:00:00,47.81704737732657
2017-11-17 05:00:00,47.313169768753525
2017-11-17 06:00:00,47.204314720812185
2017-11-17 07:00:00,47.54371122391427
2017-11-17 08:00:00,47.02848279751833
2017-11-17 09:00:00,46.59306260575296
2017-11-17 10:00:00,47.635998307952626
2017-11-17 11:00:00,48.21806260575296
2017-11-17 12:00:00,47.905738860688096
2017-11-17 13:00:00,47.16095600676819
2017-11-17 14:00:00,50.950860124083476
2017-11-17 15:00:00,51.48794416243655
2017-11-17 16:00:00,53.32296954314721
2017-11-17 17:00:00,54.313169768753525
2017-11-17 18:00:00,53.27390016920474
2017-11-17 19:00:00,53.60258037225042
2017-11-17 20:00:00,52.65827693175409
2017-11-17 21:00:00,53.74224478285392
2017-11-17 22:00:00,53.47179921037789
2017-11-17 23:00:00,53.26896503102087
2017-11-18 00:00:00,52.768542019176536
2017-11-18 01:00:00,51.02728426395939
2017-11-18 02:00:00,51.343485617597295
2017-11-18 03:00:00,49.374717992103776
2017-11-18 04:00:00,48.63712633953751
2017-11-18 05:00:00,48.103637901861255
2017-11-18 06:00:00,47.61005358150028
2017-11-18 07:00:00,48.803017484489565
2017-11-18 08:00:00,48.600958826847155
2017-11-18 09:00:00,48.54843485617597
2017-11-18 10:00:00,49.01304286520023
2017-11-18 11:00:00,49.086787930062044
2017-11-18 12:00:00,50.42484489565708
2017-11-18 13:00:00,50.72391426959955
2017-11-18 14:00:00,49.93795826283136
2017-11-18 15:00:00,49.3087986463621
2017-11-18 16:00:00,48.39756063169769
2017-11-18 17:00:00,48.295544275239706
2017-11-18 18:00:00,48.00676818950931
2017-11-18 19:00:00,47.61837281443881
2017-11-18 20:00:00,47.57571912013536
2017-11-18 21:00:00,47.4492385786802
2017-11-18 22:00:00,46.92886350817823
2017-11-18 23:00:00,47.236181613085165
2017-11-19 00:00:00,46.00415961646926
2017-11-19 01:00:00,46.560349689791316
2017-11-19 02:00:00,46.58608291032149
2017-11-19 03:00:00,46.31408629441624
2017-11-19 04:00:00,46.15002820078962
2017-11-19 05:00:00,44.98589960518895
2017-11-19 06:00:00,45.3809926677947
2017-11-19 07:00:00,45.023195149464186
2017-11-19 08:00:00,44.17272983643542
2017-11-19 09:00:00,44.33777495769881
2017-11-19 10:00:00,43.69648900169205
2017-11-19 11:00:00,23.89572758037225
2017-11-19 12:00:00,16.305414551607445
2017-11-19 13:00:00,21.757402707275805
2017-11-19 14:00:00,22.568668922729838
2017-11-19 15:00:00,23.72659334461365
2017-11-19 16:00:00,23.945149464184997
2017-11-19 17:00:00,24.095107163000563
2017-11-19 18:00:00,23.998801466441062
2017-11-19 19:00:00,24.92124929498026
2017-11-19 20:00:00,25.539692611393118
2017-11-19 21:00:00,25.820642978003384
2017-11-19 22:00:00,26.165327129159618
2017-11-19 23:00:00,26.036661026508742
2017-11-20 00:00:00,26.969331641285955
2017-11-20 01:00:00,28.500564015792442
2017-11-20 02:00:00,28.822405527354768
2017-11-20 03:00:00,28.989424703891707
2017-11-20 04:00:00,27.99280879864636
2017-11-20 05:00:00,28.488860688099265
2017-11-20 06:00:00,28.58100676818951
2017-11-20 07:00:00,28.41455160744501
2017-11-20 08:00:00,28.24612239142696
2017-11-20 09:00:00,27.311689227298363
2017-11-20 10:00:00,24.566765369430343
2017-11-20 11:00:00,33.45974337281444
2017-11-20 12:00:00,33.56500282007896
2017-11-20 13:00:00,34.21439650310209
2017-11-20 14:00:00,34.28800056401579
2017-11-20 15:00:00,34.67096728708404
2017-11-20 16:00:00,34.520022560631695
2017-11-20 17:00:00,35.7252538071066
2017-11-20 18:00:00,38.97574732092499
2017-11-20 19:00:00,40.26325437112239
2017-11-20 20:00:00,40.891497461928935
2017-11-20 21:00:00,40.47631133671743
2017-11-20 22:00:00,39.92301184433164
2017-11-20 23:00:00,40.964537507050196
2017-11-21 00:00:00,41.60004230118443
2017-11-21 01:00:00,42.792160180485055
2017-11-21 02:00:00,43.07437958262831
2017-11-21 03:00:00,43.11139311900733
2017-11-21 04:00:00,43.39784263959391
2017-11-21 05:00:00,42.71214043993232
2017-11-21 06:00:00,42.16990975747321
2017-11-21 07:00:00,43.35857304004512
2017-11-21 08:00:00,45.96418499717992
2017-11-21 09:00:00,45.59052453468697
2017-11-21 10:00:00,45.6082910321489
2017-11-21 11:00:00,45.68126057529611
2017-11-21 12:00:00,46.662648054145514
2017-11-21 13:00:00,46.91821771009588
2017-11-21 14:00:00,47.52629723632262
2017-11-21 15:00:00,48.134658770445576
2017-11-21 16:00:00,48.290961646926114
2017-11-21 17:00:00,47.875493513818384
2017-11-21 18:00:00,46.36555273547659
2017-11-21 19:00:00,46.836153412295545
2017-11-21 20:00:00,47.06613085166385
2017-11-21 21:00:00,45.5047236322617
2017-11-21 22:00:00,44.63959390862944
2017-11-21 23:00:00,46.2687535250987
2017-11-22 00:00:00,47.74506486181613
2017-11-22 01:00:00,49.082698815566836
2017-11-22 02:00:00,47.62478849407783
2017-11-22 03:00:00,47.973279751833054
2017-11-22 04:00:00,46.76410039481105
2017-11-22 05:00:00,46.69000282007896
2017-11-22 06:00:00,48.33044275239707
2017-11-22 07:00:00,51.63127467569092
2017-11-22 08:00:00,54.77354765933446
2017-11-22 09:00:00,55.21686407219402
2017-11-22 10:00:00,53.0709249858996
2017-11-22 11:00:00,55.545544275239706
2017-11-22 12:00:00,53.80724760293288
2017-11-22 13:00:00,50.35004230118443
2017-11-22 14:00:00,50.52312464749013
2017-11-22 15:00:00,52.83847997743937
2017-11-22 16:00:00,52.49175126903553
2017-11-22 17:00:00,51.891497461928935
2017-11-22 18:00:00,51.528835307388604
2017-11-22 19:00:00,51.65552735476594
2017-11-22 20:00:00,51.743654822335024
2017-11-22 21:00:00,50.83706993795826
2017-11-22 22:00:00,51.63226170332769
2017-11-22 23:00:00,54.4257614213198
2017-11-23 00:00:00,54.09010152284264
2017-11-23 01:00:00,55.378031584884376
2017-11-23 02:00:00,52.86971235194586
2017-11-23 03:00:00,52.02996333897349
2017-11-23 04:00:00,53.47412577552171
2017-11-23 05:00:00,53.02418217710096
2017-11-23 06:00:00,52.72447828539199
2017-11-23 07:00:00,51.046319796954315
2017-11-23 08:00:00,51.74873096446701
2017-11-23 09:00:00,51.663846587704455
2017-11-23 10:00:00,50.84679921037789
2017-11-23 11:00:00,51.01967005076142
2017-11-23 12:00:00,50.502397067117876
2017-11-23 13:00:00,50.21552453468697
2017-11-23 14:00:00,50.88578680203046
2017-11-23 15:00:00,49.70798082346306
2017-11-23 16:00:00,49.815214326001126
2017-11-23 17:00:00,50.068527918781726
2017-11-23 18:00:00,48.346940214326004
2017-11-23 19:00:00,49.1229554427524
2017-11-23 20:00:00,49.30386350817823
2017-11-23 21:00:00,49.42611393119007
2017-11-23 22:00:00,48.51022278623802
2017-11-23 23:00:00,50.17963902989284
2017-11-24 00:00:00,50.641003948110544
2017-11-24 01:00:00,52.161308516638464
2017-11-24 02:00:00,53.61943034404963
2017-11-24 03:00:00,52.85391990975747
2017-11-24 04:00:00,52.514523406655385
2017-11-24 05:00:00,52.338127467569095
2017-11-24 06:00:00,52.77277213761985
2017-11-24 07:00:00,52.99125775521715
2017-11-24 08:00:00,52.31606034968979
2017-11-24 09:00:00,52.754371122391426
2017-11-24 10:00:00,52.310349689791316
2017-11-24 11:00:00,52.715947546531304
2017-11-24 12:00:00,54.49640439932318
2017-11-24 13:00:00,54.77954032712916
2017-11-24 14:00:00,54.81944444444444
2017-11-24 15:00:00,54.600324309080655
2017-11-24 16:00:00,54.54110265087422
2017-11-24 17:00:00,55.04392272983644
2017-11-24 18:00:00,54.71023688663283
2017-11-24 19:00:00,54.364495205865765
2017-11-24 20:00:00,54.11555273547659
2017-11-24 21:00:00,52.972645234066555
2017-11-24 22:00:00,52.207698815566836
2017-11-24 23:00:00,52.75747320924986
2017-11-25 00:00:00,53.134024252679076
2017-11-25 01:00:00,52.630005640157925
2017-11-25 02:00:00,50.61886632825719
2017-11-25 03:00:00,50.45389170896785
2017-11-25 04:00:00,50.18196559503666
2017-11-25 05:00:00,50.524675690919345
2017-11-25 06:00:00,50.14065143824027
2017-11-25 07:00:00,49.00133953750705
2017-11-25 08:00:00,50.28116187253243
2017-11-25 09:00:00,50.5480823463057
2017-11-25 10:00:00,49.9839255499154
2017-11-25 11:00:00,49.59609419063734
2017-11-25 12:00:00,49.66081500282008
2017-11-25 13:00:00,49.54237168640722
2017-11-25 14:00:00,48.94204737732657
2017-11-25 15:00:00,47.90630287648054
2017-11-25 16:00:00,48.1270445572476
2017-11-25 17:00:00,49.02291314156796
2017-11-25 18:00:00,49.08580090242527
2017-11-25 19:00:00,48.49605188945291
2017-11-25 20:00:00,48.028835307388604
2017-11-25 21:00:00,47.72102368866328
2017-11-25 22:00:00,48.03250141003948
2017-11-25 23:00:00,49.07226452340665
2017-11-26 00:00:00,49.46622955442752
2017-11-26 01:00:00,49.53257191201354
2017-11-26 02:00:00,48.892272983643544
2017-11-26 03:00:00,46.75944726452341
2017-11-26 04:00:00,46.53785956006768
2017-11-26 05:00:00,45.41208403835307
2017-11-26 06:00:00,44.949802594472644
2017-11-26 07:00:00,44.87422447828539
2017-11-26 08:00:00,44.4519176536943
2017-11-26 09:00:00,44.40602086858432
2017-11-26 10:00:00,43.99957698815567
2017-11-26 11:00:00,44.365834743372815
2017-11-26 12:00:00,43.496263395375074
2017-11-26 13:00:00,43.09130005640158
2017-11-26 14:00:00,42.48230400451212
2017-11-26 15:00:00,42.37774957698816
2017-11-26 16:00:00,41.92766497461929
2017-11-26 17:00:00,41.50211505922166
2017-11-26 18:00:00,40.706429780033844
2017-11-26 19:00:00,40.482092498589964
2017-11-26 20:00:00,41.001128031584884
2017-11-26 21:00:00,41.405809362662154
2017-11-26 22:00:00,41.95452622673435
2017-11-26 23:00:00,41.725324309080655
2017-11-27 00:00:00,42.44331641285956
2017-11-27 01:00:00,40.873378454596725
2017-11-27 02:00:00,44.929850535815
2017-11-27 03:00:00,46.07381556683587
2017-11-27 04:00:00,46.02502820078962
2017-11-27 05:00:00,46.2654399323181
2017-11-27 06:00:00,45.969966159052454
2017-11-27 07:00:00,45.861322617033274
2017-11-27 08:00:00,45.953821206993794
2017-11-27 09:00:00,45.03644952058658
2017-11-27 10:00:00,45.56627185561196
2017-11-27 11:00:00,46.36407219402143
2017-11-27 12:00:00,47.078116187253244
2017-11-27 13:00:00,47.69507896221094
2017-11-27 14:00:00,47.197546531302876
2017-11-27 15:00:00,45.445149464185
2017-11-27 16:00:00,44.32459108855048
2017-11-27 17:00:00,43.98808516638466
2017-11-27 18:00:00,44.98434856175973
2017-11-27 19:00:00,44.716652566271854
2017-11-27 20:00:00,44.9385222786238
2017-11-27 21:00:00,44.62542301184433
2017-11-27 22:00:00,43.80273547659335
2017-11-27 23:00:00,43.292160180485055
2017-11-28 00:00:00,44.024534686971236
2017-11-28 01:00:00,43.707769317540894
2017-11-28 02:00:00,45.04342921601805
2017-11-28 03:00:00,45.32304004512126
2017-11-28 04:00:00,44.64890016920474
2017-11-28 05:00:00,44.31204173716864
2017-11-28 06:00:00,44.384165256627185
2017-11-28 07:00:00,44.85441342357586
2017-11-28 08:00:00,44.23491257755217
2017-11-28 09:00:00,46.802382966723066
2017-11-28 10:00:00,49.44063733784546
2017-11-28 11:00:00,49.65743090806543
2017-11-28 12:00:00,49.41222504230119
2017-11-28 13:00:00,50.461153412295545
2017-11-28 14:00:00,50.41095600676819
2017-11-28 15:00:00,49.70494923857868
2017-11-28 16:00:00,46.38183869148336
2017-11-28 17:00:00,46.4471940214326
2017-11-28 18:00:00,46.50994077834179
2017-11-28 19:00:00,45.34679921037789
2017-11-28 20:00:00,44.619218838127466
2017-11-28 21:00:00,45.586153412295545
2017-11-28 22:00:00,45.434010152284266
2017-11-28 23:00:00,46.10596446700507
2017-11-29 00:00:00,46.388677382966726
2017-11-29 01:00:00,46.786308516638464
2017-11-29 02:00:00,47.74506486181613
2017-11-29 03:00:00,48.81606034968979
2017-11-29 04:00:00,48.048998871968415
2017-11-29 05:00:00,47.76360688099267
2017-11-29 06:00:00,48.17618443316413
2017-11-29 07:00:00,47.76572194021433
2017-11-29 08:00:00,47.02277213761985
2017-11-29 09:00:00,46.81817540891145
2017-11-29 10:00:00,46.908488437676255
2017-11-29 11:00:00,41.77827129159616
2017-11-29 12:00:00,46.92421037789058
2017-11-29 13:00:00,47.17167230682459
2017-11-29 14:00:00,46.3128877608573
2017-11-29 15:00:00,46.88437676254935
2017-11-29 16:00:00,46.56345177664975
2017-11-29 17:00:00,46.21644106034969
2017-11-29 18:00:00,47.095671178793005
2017-11-29 19:00:00,47.39072194021433
2017-11-29 20:00:00,47.560490693739425
2017-11-29 21:00:00,46.22222222222222
2017-11-29 22:00:00,45.730047941342356
2017-11-29 23:00:00,47.63804286520023
2017-11-30 00:00:00,47.71206993795826
2017-11-30 01:00:00,48.567822899041175
2017-11-30 02:00:00,47.25359560067682
2017-11-30 03:00:00,47.57656514382403
2017-11-30 04:00:00,48.207698815566836
2017-11-30 05:00:00,48.31324027072758
2017-11-30 06:00:00,47.50549915397631
2017-11-30 07:00:00,48.19705301748449
2017-11-30 08:00:00,50.25021150592217
2017-11-30 09:00:00,50.86082910321489
2017-11-30 10:00:00,49.893683023124645
2017-11-30 11:00:00,50.2318809926678
2017-11-30 12:00:00,49.803793006204174
2017-11-30 13:00:00,49.446277495769884
2017-11-30 14:00:00,48.0641567963903
2017-11-30 15:00:00,48.706359278059786
2017-11-30 16:00:00,48.98730964467005
2017-11-30 17:00:00,48.02827129159616
2017-11-30 18:00:00,47.8756345177665
2017-11-30 19:00:00,49.04653130287648
2017-11-30 20:00:00,50.40862944162436
2017-11-30 21:00:00,50.53447546531303
2017-11-30 22:00:00,51.16342357586012
2017-11-30 23:00:00,50.44409193457417
2017-12-01 00:00:00,50.93859278059786
2017-12-01 01:00:00,51.4498730964467
2017-12-01 02:00:00,51.64036943034405
2017-12-01 03:00:00,51.090172024816695
2017-12-01 04:00:00,51.33960800902425
2017-12-01 05:00:00,50.7440073322053
2017-12-01 06:00:00,50.502326565143825
2017-12-01 07:00:00,50.37210941906373
2017-12-01 08:00:00,50.92836999435984
2017-12-01 09:00:00,51.61343767625493
2017-12-01 10:00:00,51.26896503102087
2017-12-01 11:00:00,51.35455442752397
2017-12-01 12:00:00,50.546954314720814
2017-12-01 13:00:00,50.6817540891145
2017-12-01 14:00:00,49.6202763677383
2017-12-01 15:00:00,50.00972927241963
2017-12-01 16:00:00,50.193527918781726
2017-12-01 17:00:00,50.42124929498026
2017-12-01 18:00:00,50.55442752397067
2017-12-01 19:00:00,50.50253807106599
2017-12-01 20:00:00,50.19141285956007
2017-12-01 21:00:00,50.58361534122955
2017-12-01 22:00:00,50.928652002256065
2017-12-01 23:00:00,51.52714326001128
2017-12-02 00:00:00,50.83918499717992
2017-12-02 01:00:00,50.91567963902989
2017-12-02 02:00:00,51.5668358714044
2017-12-02 03:00:00,50.738790186125215
2017-12-02 04:00:00,50.403835307388604
2017-12-02 05:00:00,51.925972927241965
2017-12-02 06:00:00,51.50465313028765
2017-12-02 07:00:00,51.862521150592215
2017-12-02 08:00:00,51.95628877608573
2017-12-02 09:00:00,49.038212069937956
2017-12-02 10:00:00,51.5047236322617
2017-12-02 11:00:00,50.695008460236885
2017-12-02 12:00:00,50.81457980823463
2017-12-02 13:00:00,50.55922165820643
2017-12-02 14:00:00,49.922659334461365
2017-12-02 15:00:00,49.10547095318669
2017-12-02 16:00:00,48.543006204173714
2017-12-02 17:00:00,48.05259447264523
2017-12-02 18:00:00,46.66469261139312
2017-12-02 19:00:00,47.19268189509306
2017-12-02 20:00:00,46.643542019176536
2017-12-02 21:00:00,47.54258319232939
2017-12-02 22:00:00,48.870699379582625
2017-12-02 23:00:00,46.50860124083474
2017-12-03 00:00:00,45.92477439368302
2017-12-03 01:00:00,45.9512831359278
2017-12-03 02:00:00,46.25260857304004
2017-12-03 03:00:00,46.122532430908066
2017-12-03 04:00:00,45.850183305132546
2017-12-03 05:00:00,45.773829667230686
2017-12-03 06:00:00,45.49139875916526
2017-12-03 07:00:00,45.30520304568528
2017-12-03 08:00:00,45.59595318668923
2017-12-03 09:00:00,45.853003384094755
2017-12-03 10:00:00,45.82409757473209
2017-12-03 11:00:00,46.06239424703892
2017-12-03 12:00:00,45.11978285391991
2017-12-03 13:00:00,43.58424985899605
2017-12-03 14:00:00,40.34193457416808
2017-12-03 15:00:00,36.62852509870277
2017-12-03 16:00:00,41.480047941342356
2017-12-03 17:00:00,41.15023970671179
2017-12-03 18:00:00,40.398829667230686
2017-12-03 19:00:00,39.14995769881557
2017-12-03 20:00:00,39.16878172588832
2017-12-03 21:00:00,38.79244218838127
2017-12-03 22:00:00,39.393542019176536
2017-12-03 23:00:00,39.549703891708965
2017-12-04 00:00:00,40.163846587704455
2017-12-04 01:00:00,40.52277213761985
2017-12-04 02:00:00,40.122814438804284
2017-12-04 03:00:00,38.774816694867454
2017-12-04 04:00:00,37.39784263959391
2017-12-04 05:00:00,38.375282007896224
2017-12-04 06:00:00,38.78447546531303
2017-12-04 07:00:00,39.74908347433728
2017-12-04 08:00:00,40.8943880428652
2017-12-04 09:00:00,41.473491257755214
2017-12-04 10:00:00,43.072617033276934
2017-12-04 11:00:00,43.46002538071066
2017-12-04 12:00:00,44.0100817822899
2017-12-04 13:00:00,43.990341229554424
2017-12-04 14:00:00,42.608502538071065
2017-12-04 15:00:00,41.929357021996616
2017-12-04 16:00:00,42.112450648618164
2017-12-04 17:00:00,43.45868584320361
2017-12-04 18:00:00,44.45960236886633
2017-12-04 19:00:00,45.23427805978567
2017-12-04 20:00:00,44.507050197405526
2017-12-04 21:00:00,44.871968415115624
2017-12-04 22:00:00,44.505781161872534
2017-12-04 23:00:00,43.12344895657078
2017-12-05 00:00:00,43.97504230118443
2017-12-05 01:00:00,45.671883812746756
2017-12-05 02:00:00,45.749012972363225
2017-12-05 03:00:00,44.575860124083476
2017-12-05 04:00:00,45.76621545403271
2017-12-05 05:00:00,46.19063733784546
2017-12-05 06:00:00,45.92406937394247
2017-12-05 07:00:00,46.929498025944724
2017-12-05 08:00:00,46.80830513254371
2017-12-05 09:00:00,46.42378736604625
2017-12-05 10:00:00,45.338197969543145
2017-12-05 11:00:00,45.99689791314157
2017-12-05 12:00:00,47.626833051325434
2017-12-05 13:00:00,47.18626621545403
2017-12-05 14:00:00,48.616610265087424
2017-12-05 15:00:00,48.103144388042864
2017-12-05 16:00:00,47.73970671178793
2017-12-05 17:00:00,43.559856175972925
2017-12-05 18:00:00,46.79646080090242
2017-12-05 19:00:00,45.79533276931754
2017-12-05 20:00:00,45.755640157924425
2017-12-05 21:00:00,46.307811618725324
2017-12-05 22:00:00,46.64206147772138
2017-12-05 23:00:00,45.73702763677383
2017-12-06 00:00:00,47.63543429216018
2017-12-06 01:00:00,47.8776790750141
2017-12-06 02:00:00,49.2112239142696
2017-12-06 03:00:00,48.94472645234067
2017-12-06 04:00:00,45.7681190073322
2017-12-06 05:00:00,48.55118443316413
2017-12-06 06:00:00,49.1757614213198
2017-12-06 07:00:00,48.386139311900735
2017-12-06 08:00:00,49.10857304004512
2017-12-06 09:00:00,51.56606034968979
2017-12-06 10:00:00,51.48970671178793
2017-12-06 11:00:00,52.241469261139315
2017-12-06 12:00:00,50.94169486745629
2017-12-06 13:00:00,50.5602086858432
2017-12-06 14:00:00,51.640862944162436
2017-12-06 15:00:00,51.6035673998872
2017-12-06 16:00:00,51.42794698251551
2017-12-06 17:00:00,36.286308516638464
2017-12-06 18:00:00,30.743372814438803
2017-12-06 19:00:00,49.52594472645234
2017-12-06 20:00:00,48.214467005076145
2017-12-06 21:00:00,49.019317540891144
2017-12-06 22:00:00,49.57903271291596
2017-12-06 23:00:00,49.37344895657078
2017-12-07 00:00:00,48.52213761985335
2017-12-07 01:00:00,48.30795262267343
2017-12-07 02:00:00,47.751621545403275
2017-12-07 03:00:00,48.07374506486182
2017-12-07 04:00:00,49.761985335589394
2017-12-07 05:00:00,50.63183869148336
2017-12-07 06:00:00,50.614354201917656
2017-12-07 07:00:00,50.51410039481105
2017-12-07 08:00:00,50.646362098138745
2017-12-07 09:00:00,49.47045967287084
2017-12-07 10:00:00,48.79822335025381
2017-12-07 11:00:00,48.9471940214326
2017-12-07 12:00:00,48.695501974055276
2017-12-07 13:00:00,48.33706993795826
2017-12-07 14:00:00,48.6357163000564
2017-12-07 15:00:00,48.489354201917656
2017-12-07 16:00:00,48.35673998871968
2017-12-07 17:00:00,47.71164692611393
2017-12-07 18:00:00,48.824661590524535
2017-12-07 19:00:00,49.00775521714608
2017-12-07 20:00:00,51.75761421319797
2017-12-07 21:00:00,55.57409757473209
2017-12-07 22:00:00,54.901156232374504
2017-12-07 23:00:00,55.02171460800903
2017-12-08 00:00:00,51.37323745064862
2017-12-08 01:00:00,53.14142695995488
2017-12-08 02:00:00,52.814650310208684
2017-12-08 03:00:00,49.37908911449521
2017-12-08 04:00:00,53.63155668358714
2017-12-08 05:00:00,53.506979695431475
2017-12-08 06:00:00,53.44373942470389
2017-12-08 07:00:00,52.21333897349126
2017-12-08 08:00:00,52.564509306260575
2017-12-08 09:00:00,52.44585448392555
2017-12-08 10:00:00,51.93718274111675
2017-12-08 11:00:00,50.59771573604061
2017-12-08 12:00:00,51.18182459108855
2017-12-08 13:00:00,52.66758319232939
2017-12-08 14:00:00,51.855118443316414
2017-12-08 15:00:00,51.14445854483925
2017-12-08 16:00:00,50.7860970107163
2017-12-08 17:00:00,50.803017484489565
2017-12-08 18:00:00,51.43542019176537
2017-12-08 19:00:00,52.61357868020305
2017-12-08 20:00:00,53.04237168640722
2017-12-08 21:00:00,52.746333897349125
2017-12-08 22:00:00,52.506979695431475
2017-12-08 23:00:00,52.57430908065426
2017-12-09 00:00:00,51.43838127467569
2017-12-09 01:00:00,51.957698815566836
2017-12-09 02:00:00,52.60215736040609
2017-12-09 03:00:00,52.35053581500282
2017-12-09 04:00:00,52.11153412295544
2017-12-09 05:00:00,52.611040609137056
2017-12-09 06:00:00,51.9792019176537
2017-12-09 07:00:00,52.31845741680767
2017-12-09 08:00:00,52.13825437112239
2017-12-09 09:00:00,52.17703045685279
2017-12-09 10:00:00,52.68295262267343
2017-12-09 11:00:00,51.6744923857868
2017-12-09 12:00:00,50.00860124083474
2017-12-09 13:00:00,50.54455724760293
2017-12-09 14:00:00,50.08840947546531
2017-12-09 15:00:00,46.06204173716864
2017-12-09 16:00:00,45.36336717428088
2017-12-09 17:00:00,45.32311054709532
2017-12-09 18:00:00,44.69740552735477
2017-12-09 19:00:00,44.12217992103779
2017-12-09 20:00:00,44.237521150592215
2017-12-09 21:00:00,44.83636491821771
2017-12-09 22:00:00,46.120558375634516
2017-12-09 23:00:00,46.2072758037225
2017-12-10 00:00:00,46.69380992667795
2017-12-10 01:00:00,46.827481669486744
2017-12-10 02:00:00,47.634024252679076
2017-12-10 03:00:00,47.67759447264523
2017-12-10 04:00:00,46.61308516638466
2017-12-10 05:00:00,45.586153412295545
2017-12-10 06:00:00,44.754300620417375
2017-12-10 07:00:00,44.66842921601805
2017-12-10 08:00:00,42.563804286520025
2017-12-10 09:00:00,39.81535532994924
2017-12-10 10:00:00,38.151720248166946
2017-12-10 11:00:00,36.27834179357022
2017-12-10 12:00:00,33.48688663282572
2017-12-10 13:00:00,32.772631133671744
2017-12-10 14:00:00,33.22391426959955
2017-12-10 15:00:00,33.1437535250987
2017-12-10 16:00:00,33.67978003384095
2017-12-10 17:00:00,33.80654258319233
2017-12-10 18:00:00,33.7613508178229
2017-12-10 19:00:00,35.20628877608573
2017-12-10 20:00:00,35.560349689791316
2017-12-10 21:00:00,34.17674844895657
2017-12-10 22:00:00,35.51043429216018
2017-12-10 23:00:00,39.53059785673999
2017-12-11 00:00:00,39.936830231246475
2017-12-11 01:00:00,36.388888888888886
2017-12-11 02:00:00,38.43097856739989
2017-12-11 03:00:00,38.43760575296108
2017-12-11 04:00:00,36.74478285391991
2017-12-11 05:00:00,34.81091370558376
2017-12-11 06:00:00,35.30492103778906
2017-12-11 07:00:00,37.011139311900735
2017-12-11 08:00:00,36.99788494077834
2017-12-11 09:00:00,37.36195713479977
2017-12-11 10:00:00,38.02629723632262
2017-12-11 11:00:00,35.869289340101524
2017-12-11 12:00:00,35.69035532994924
2017-12-11 13:00:00,33.923998871968415
2017-12-11 14:00:00,32.63113367174281
2017-12-11 15:00:00,31.971799210377892
2017-12-11 16:00:00,32.71883812746757
2017-12-11 17:00:00,31.84454314720812
2017-12-11 18:00:00,33.17688945290468
2017-12-11 19:00:00,33.28095036661026
2017-12-11 20:00:00,33.286167512690355
2017-12-11 21:00:00,35.5682459108855
2017-12-11 22:00:00,36.41941624365482
2017-12-11 23:00:00,36.27368866328257
2017-12-12 00:00:00,37.30724760293288
2017-12-12 01:00:00,43.999647490129725
2017-12-12 02:00:00,48.428652002256065
2017-12-12 03:00:00,44.67554991539763
2017-12-12 04:00:00,43.752326565143825
2017-12-12 05:00:00,43.869148336153415
2017-12-12 06:00:00,43.951635645798085
2017-12-12 07:00:00,43.60399041173153
2017-12-12 08:00:00,44.33368584320361
2017-12-12 09:00:00,44.68274111675127
2017-12-12 10:00:00,43.35871404399323
2017-12-12 11:00:00,43.544204737732656
2017-12-12 12:00:00,45.241539763113366
2017-12-12 13:00:00,45.39241398759165
2017-12-12 14:00:00,44.6704032712916
2017-12-12 15:00:00,44.27777777777778
2017-12-12 16:00:00,44.115129723632265
2017-12-12 17:00:00,42.54441624365482
2017-12-12 18:00:00,40.16990975747321
2017-12-12 19:00:00,35.53926959954879
2017-12-12 20:00:00,35.29667230682459
2017-12-12 21:00:00,37.998307952622675
2017-12-12 22:00:00,34.83636491821771
2017-12-12 23:00:00,34.07557811618725
2017-12-13 00:00:00,32.55823463056966
2017-12-13 01:00:00,41.862239142696
2017-12-13 02:00:00,41.13649182177101
2017-12-13 03:00:00,40.57980823463057
2017-12-13 04:00:00,41.32924421883813
2017-12-13 05:00:00,42.93027354765933
2017-12-13 06:00:00,42.25070501974055
2017-12-13 07:00:00,40.963973491257754
2017-12-13 08:00:00,41.44127185561196
2017-12-13 09:00:00,41.70121263395375
2017-12-13 10:00:00,40.799633389734915
2017-12-13 11:00:00,41.384870276367735
2017-12-13 12:00:00,41.79977439368302
2017-12-13 13:00:00,42.14784263959391
2017-12-13 14:00:00,41.22567681895093
2017-12-13 15:00:00,40.748871968415116
2017-12-13 16:00:00,42.105188945290465
2017-12-13 17:00:00,43.639664410603494
2017-12-13 18:00:00,42.46214043993232
2017-12-13 19:00:00,43.8616046249295
2017-12-13 20:00:00,45.31669486745629
2017-12-13 21:00:00,44.25944726452341
2017-12-13 22:00:00,43.33439086294416
2017-12-13 23:00:00,43.78835307388607
2017-12-14 00:00:00,44.12619853355894
2017-12-14 01:00:00,45.12655104342922
2017-12-14 02:00:00,46.1431190073322
2017-12-14 03:00:00,45.25394811054709
2017-12-14 04:00:00,44.60441342357586
2017-12-14 05:00:00,43.24471235194586
2017-12-14 06:00:00,43.081993795826286
2017-12-14 07:00:00,42.23025944726452
2017-12-14 08:00:00,41.55125493513818
2017-12-14 09:00:00,41.66673716864072
2017-12-14 10:00:00,40.211858432036095
2017-12-14 11:00:00,40.92893401015228
2017-12-14 12:00:00,40.60399041173153
2017-12-14 13:00:00,39.58573040045121
2017-12-14 14:00:00,39.80294698251551
2017-12-14 15:00:00,39.703821206993794
2017-12-14 16:00:00,39.00148054145516
2017-12-14 17:00:00,39.5080372250423
2017-12-14 18:00:00,39.352509870276364
2017-12-14 19:00:00,39.48364354201917
2017-12-14 20:00:00,41.41490411731529
2017-12-14 21:00:00,42.47045967287084
2017-12-14 22:00:00,42.291525662718556
2017-12-14 23:00:00,43.33862098138748
2017-12-15 00:00:00,43.271150592216586
2017-12-15 01:00:00,43.103003384094755
2017-12-15 02:00:00,44.29892836999436
2017-12-15 03:00:00,44.08967851099831
2017-12-15 04:00:00,43.60441342357586
2017-12-15 05:00:00,41.88804286520023
2017-12-15 06:00:00,40.0507614213198
2017-12-15 07:00:00,39.568527918781726
2017-12-15 08:00:00,39.54639029892837
2017-12-15 09:00:00,38.89826565143824
2017-12-15 10:00:00,37.85800902425268
2017-12-15 11:00:00,38.4486040609137
2017-12-15 12:00:00,40.25211505922166
2017-12-15 13:00:00,41.66166102650874
2017-12-15 14:00:00,40.35723350253807
2017-12-15 15:00:00,41.265862944162436
2017-12-15 16:00:00,41.05534404963339
2017-12-15 17:00:00,40.418570219966156
2017-12-15 18:00:00,35.59398732931964
