province,export,ai_share,slack_mult,slack_base_h,case,total_cost,investment,new_ocgt,new_onwind,new_solar,new_batt_mw,emissions_t,curtail,ai_mwh,import_mwh,export_mwh,s3_compensation_floor_expweek,s3_mean_commitment_mw,peak_2030
Gansu,True,0.05,1.0,6.0,NOAI,147465186.94004402,19405302.610052522,0.0,0.0,26454.809147968932,0.0,4544810.450177186,5.0063140781774264e-05,0.0,0.0,1833163.0965641525,0.0,0.0,24971.915675619126
Gansu,True,0.05,1.0,6.0,S0,152558974.89619735,20734457.583981678,0.0,0.0,28266.815993208966,-0.0,4670605.284617801,0.00012353919496671292,172281.79529656406,0.0,1715586.3830061166,0.0,0.0,24971.915675619126
Gansu,True,0.05,1.0,6.0,S0e,151884728.5576617,20199268.443648737,0.0,0.0,27537.204770437354,-0.0,4666797.058670027,5.0895961176752576e-05,149470.25545789144,0.0,1728299.0192875583,0.0,0.0,24971.915675619126
Gansu,True,0.05,1.0,6.0,S1,151904886.7181828,20368563.492616493,0.0,0.0,27768.000872932455,-0.0,4661675.095719877,8.16852516652581e-05,150317.28817594255,0.0,1731578.1306966085,0.0,0.0,24971.915675619126
Gansu,True,0.05,1.0,6.0,S2,151881355.03607374,20368563.492616493,0.0,0.0,27768.000872932455,-0.0,4660788.329596394,1.751180402832954e-18,149563.95278209535,0.0,1731358.3951534866,0.0,0.0,24971.915675619126
Gansu,True,0.05,1.0,6.0,S1rt,151881440.39993602,20344046.551043864,0.0,0.0,27734.577482262946,-0.0,4661660.993160859,9.705080533329413e-06,149544.76053269312,0.0,1731086.2546129953,0.0,0.0,24971.915675619126
Gansu,True,0.05,1.0,6.0,S3,151904886.7181828,20368563.492616493,0.0,0.0,27768.000872932455,-0.0,4661675.095719877,8.16852516652581e-05,150317.28817594255,0.0,1731578.1306966085,0.0,0.0,24971.915675619126
Gansu,True,0.05,3.0,24.0,NOAI,147465186.94004402,19405302.610052522,0.0,0.0,26454.809147968932,0.0,4544810.450177186,5.0063140781774264e-05,0.0,0.0,1833163.0965641525,0.0,0.0,24971.915675619126
Gansu,True,0.05,3.0,24.0,S0,152558974.89619735,20734457.583981678,0.0,0.0,28266.815993208966,-0.0,4670605.284617801,0.0001235391949667122,172281.79529656406,0.0,1715586.3830061166,0.0,0.0,24971.915675619126
Gansu,True,0.05,3.0,24.0,S0e,151536102.87021917,20159458.282957952,0.0,0.0,27482.932480827243,-0.0,4656313.120309409,4.3612348651505367e-05,137663.20215091092,0.0,1736303.4734836828,0.0,0.0,24971.915675619126
Gansu,True,0.05,3.0,24.0,S1,151560813.19723552,20159458.282957952,0.0,0.0,27482.932480827243,-0.0,4657347.094762062,4.361234865150611e-05,138627.42012530845,0.0,1737614.9889816754,0.0,0.0,24971.915675619126
Gansu,True,0.05,3.0,24.0,S2,151533342.78597838,20159458.282957952,0.0,0.0,27482.932480827243,-0.0,4656349.563505976,-8.344825830471699e-19,137710.04222808036,0.0,1737703.657962426,0.0,0.0,24971.915675619126
Gansu,True,0.05,3.0,24.0,S1rt,151533374.50906485,20159458.282957952,0.0,0.0,27482.932480827243,-0.0,4656349.891774389,8.257016001027601e-06,137700.63602093843,0.0,1737690.3470025402,0.0,0.0,24971.915675619126
Gansu,True,0.05,3.0,24.0,S3,151560813.19723552,20159458.282957952,0.0,0.0,27482.932480827243,-0.0,4657347.094762062,4.361234865150611e-05,138627.42012530845,0.0,1737614.9889816754,0.0,0.0,24971.915675619126
Gansu,True,0.1,1.0,6.0,NOAI,147119831.63164243,18779817.916438796,0.0,0.0,25602.10004432656,0.0,4573050.038370704,5.563380815182136e-05,0.0,0.0,2013227.8187899434,0.0,0.0,24971.915675619126
Gansu,True,0.1,1.0,6.0,S0,157304336.20492068,21438127.864297118,0.0,0.0,29226.113734806637,-0.0,4824689.957597033,0.00019931456725391555,344563.5905931281,0.0,1779700.1381331468,0.0,0.0,24971.915675619126
Gansu,True,0.1,1.0,6.0,S0e,155954283.36514333,20367749.583631232,0.0,0.0,27766.89128926341,-0.0,4817099.031608488,5.7039182761718764e-05,298940.5109157829,0.0,1805951.2488642465,0.0,0.0,24971.915675619126
Gansu,True,0.1,1.0,6.0,S1,155995002.64263293,20501979.120258063,0.0,0.0,27949.883373686956,-0.0,4814158.410636186,8.133523882661669e-05,300634.5763518851,0.0,1810718.4022910474,0.0,0.0,24971.915675619126
Gansu,True,0.1,1.0,6.0,S2,155948144.3082654,20501979.120258063,0.0,0.0,27949.883373686956,-0.0,4812381.227731983,1.3543163340015744e-18,299028.3923885566,0.0,1810117.682879894,0.0,0.0,24971.915675619126
Gansu,True,0.1,1.0,6.0,S1rt,155948240.23641548,20501979.120258063,0.0,0.0,27949.883373686956,-0.0,4812380.694568448,1.0000883206415613e-05,299016.887658342,0.0,1810071.162969918,0.0,0.0,24971.915675619126
Gansu,True,0.1,1.0,6.0,S3,155995002.64263293,20501979.120258063,0.0,0.0,27949.883373686956,-0.0,4814158.410636186,8.133523882661669e-05,300634.5763518851,0.0,1810718.4022910474,0.0,0.0,24971.915675619126
Gansu,True,0.1,3.0,24.0,NOAI,147119831.63164243,18779817.916438796,0.0,0.0,25602.10004432656,0.0,4573050.038370704,5.563380815182136e-05,0.0,0.0,2013227.8187899434,0.0,0.0,24971.915675619126
Gansu,True,0.1,3.0,24.0,S0,157304336.20492068,21438127.864297118,0.0,0.0,29226.113734806637,-0.0,4824689.957597033,0.00019931456725391482,344563.5905931281,0.0,1779700.1381331468,0.0,0.0,24971.915675619126
Gansu,True,0.1,3.0,24.0,S0e,155257300.455757,20288129.262249667,0.0,0.0,27658.34671004319,-0.0,4796126.76250863,4.253951288772132e-05,275326.40430182184,0.0,1821818.050888992,0.0,0.0,24971.915675619126
Gansu,True,0.1,3.0,24.0,S1,155305767.6938007,20288129.262249667,0.0,0.0,27658.34671004319,-0.0,4798210.310304843,4.253951288772206e-05,277254.8402506169,0.0,1824945.751885158,0.0,0.0,24971.915675619126
Gansu,True,0.1,3.0,24.0,S2,155251039.8093079,20288129.26224968,0.0,0.0,27658.346710043203,-0.0,4796219.692292796,8.7760320256964e-19,275371.6109685654,0.0,1825062.7597200635,0.0,0.0,24971.915675619126
Gansu,True,0.1,3.0,24.0,S1rt,155251733.71208426,20440034.240385443,0.0,0.0,27865.435323189915,-0.0,4790820.948998421,2.8862976047238935e-05,275401.27204187686,0.0,1826329.7889788284,0.0,0.0,24971.915675619126
Gansu,True,0.1,3.0,24.0,S3,155305767.6938007,20288129.262249667,0.0,0.0,27658.34671004319,-0.0,4798210.310304843,4.253951288772206e-05,277254.8402506169,0.0,1824945.751885158,0.0,0.0,24971.915675619126
Gansu,True,0.2,1.0,6.0,NOAI,146451944.24943557,17190837.53075623,0.0,0.0,23435.87910524559,0.0,4641246.324400325,8.334921600204607e-17,0.0,0.0,2358666.6545654903,0.0,0.0,24971.915675619126
Gansu,True,0.2,1.0,6.0,S0,166804101.4724041,20846085.134611063,0.0,0.0,28418.99530248837,-0.0,5204228.518199986,7.664191582428342e-17,689127.1811862562,0.0,1887704.806812435,0.0,0.0,24971.915675619126
Gansu,True,0.2,1.0,6.0,S0e,164102968.65453523,20323883.527668588,0.0,0.0,27707.08968957258,-0.0,5131168.390674132,-6.839470117659604e-17,597881.0218315658,0.0,1953246.83413834,0.0,0.0,24971.915675619126
Gansu,True,0.2,1.0,6.0,S1,164183475.8458724,20323883.527668595,0.0,0.0,27707.089689572585,-0.0,5134905.0633599,7.78193041216591e-17,601269.1527037702,0.0,1961201.4899965562,0.0,0.0,24971.915675619126
Gansu,True,0.2,1.0,6.0,S2,164090233.9458088,20355243.292832706,0.0,0.0,27749.84174652386,-0.0,5130253.730417855,4.610120649667794e-18,597887.1451614592,0.0,1960220.412136023,0.0,0.0,24971.915675619126
Gansu,True,0.2,1.0,6.0,S1rt,164090311.38769528,20323883.527668588,0.0,0.0,27707.08968957258,-0.0,5131375.476906298,-6.839470117659604e-17,597881.0218315658,0.0,1959946.6828262638,0.0,0.0,24971.915675619126
Gansu,True,0.2,1.0,6.0,S3,164183475.8458724,20323883.527668595,0.0,0.0,27707.089689572585,-0.0,5134905.0633599,7.78193041216591e-17,601269.1527037702,0.0,1961201.4899965562,0.0,0.0,24971.915675619126
Gansu,True,0.2,3.0,24.0,NOAI,146451944.24943557,17190837.53075623,0.0,0.0,23435.87910524559,0.0,4641246.324400325,8.334921600204607e-17,0.0,0.0,2358666.6545654903,0.0,0.0,24971.915675619126
Gansu,True,0.2,3.0,24.0,S0,166804101.4724041,20846085.134611063,0.0,0.0,28418.99530248837,-0.0,5204228.518199986,7.664191582428342e-17,689127.1811862562,0.0,1887704.806812435,0.0,0.0,24971.915675619126
Gansu,True,0.2,3.0,24.0,S0e,162710226.1697039,20323883.527668588,0.0,0.0,27707.08968957258,-0.0,5083507.861641945,-6.839470117659604e-17,550652.8086036437,0.0,1985562.3161847563,0.0,0.0,24971.915675619126
Gansu,True,0.2,3.0,24.0,S1,162804801.01048565,20323883.527668588,0.0,0.0,27707.08968957258,-0.0,5087713.563356142,-6.839470117659604e-17,554509.6805012338,0.0,1993066.7397634247,0.0,0.0,24971.915675619126
Gansu,True,0.2,3.0,24.0,S2,162696426.29665825,20323883.527668588,0.0,0.0,27707.08968957258,-0.0,5083733.6421164805,-6.839470117659604e-17,550652.8086036437,0.0,1992866.9785961937,0.0,0.0,24971.915675619126
Gansu,True,0.2,3.0,24.0,S1rt,162696849.0393499,20323883.527668588,0.0,0.0,27707.08968957258,-0.0,5083726.7256002715,-6.839470117659604e-17,550652.8086036437,0.0,1992643.2089542565,0.0,0.0,24971.915675619126
Gansu,True,0.2,3.0,24.0,S3,162804801.01048565,20323883.527668588,0.0,0.0,27707.08968957258,-0.0,5087713.563356142,-6.839470117659604e-17,554509.6805012338,0.0,1993066.7397634247,0.0,0.0,24971.915675619126
Gansu,False,0.05,1.0,6.0,NOAI,150931420.67474276,0.0,0.0,0.0,0.0,0.0,5197878.905852725,0.012239880258549746,0.0,0.0,0.0,0.0,0.0,24971.915675619126
Gansu,False,0.05,1.0,6.0,S0,155647766.63402787,0.0,0.0,0.0,0.0,-0.0,5369951.8537748195,0.0020470463241762105,172281.79529656406,0.0,0.0,0.0,0.0,24971.915675619126
Gansu,False,0.05,1.0,6.0,S0e,155012599.86453837,0.0,0.0,0.0,0.0,-0.0,5346757.970955187,0.0026269750329659565,149470.25545789144,0.0,0.0,0.0,0.0,24971.915675619126
Gansu,False,0.05,1.0,6.0,S1,155032658.94019118,0.0,0.0,0.0,0.0,-0.0,5347483.892023467,0.0023514257281276583,150317.28817594255,0.0,0.0,0.0,0.0,24971.915675619126
Gansu,False,0.05,1.0,6.0,S2,155007241.91925216,0.0,0.0,0.0,0.0,-0.0,5346525.325085861,0.001181310541101279,149991.87785873027,0.0,0.0,0.0,0.0,24971.915675619126
Gansu,False,0.05,1.0,6.0,S1rt,155008475.7698359,0.0,0.0,0.0,0.0,-0.0,5346572.783923114,0.00127441839725761,149989.80297828277,0.0,0.0,0.0,0.0,24971.915675619126
Gansu,False,0.05,1.0,6.0,S3,155032658.94019118,0.0,0.0,0.0,0.0,-0.0,5347483.892023467,0.0023514257281276583,150317.28817594255,0.0,0.0,0.0,0.0,24971.915675619126
Gansu,False,0.05,3.0,24.0,NOAI,150931420.67474276,0.0,0.0,0.0,0.0,0.0,5197878.905852725,0.012239880258549746,0.0,0.0,0.0,0.0,0.0,24971.915675619126
Gansu,False,0.05,3.0,24.0,S0,155647766.63402784,0.0,0.0,0.0,0.0,-0.0,5369951.8537748195,0.0020470463241762105,172281.79529656406,0.0,0.0,0.0,0.0,24971.915675619126
Gansu,False,0.05,3.0,24.0,S0e,154688732.16328374,0.0,0.0,0.0,0.0,-0.0,5334940.64707024,0.0032793735021124978,137663.20215091092,0.0,0.0,0.0,0.0,24971.915675619126
Gansu,False,0.05,3.0,24.0,S1,154713258.97232133,0.0,0.0,0.0,0.0,-0.0,5335831.9545957865,0.0030876460462792616,138627.42012530845,0.0,0.0,0.0,0.0,24971.915675619126
Gansu,False,0.05,3.0,24.0,S2,154684537.90381718,0.0,0.0,0.0,0.0,-0.0,5334733.497243451,0.0011661706437474434,138554.6959893581,0.0,0.0,0.0,0.0,24971.915675619126
Gansu,False,0.05,3.0,24.0,S1rt,154685076.83847558,0.0,0.0,0.0,0.0,-0.0,5334754.865006399,0.0012318625716598707,138541.471780275,0.0,0.0,0.0,0.0,24971.915675619126
Gansu,False,0.05,3.0,24.0,S3,154713258.97232133,0.0,0.0,0.0,0.0,-0.0,5335831.9545957865,0.0030876460462792616,138627.42012530845,0.0,0.0,0.0,0.0,24971.915675619126
Gansu,False,0.1,1.0,6.0,NOAI,151103385.4747101,0.0,0.0,0.0,0.0,0.0,5204470.796193284,0.02461485890479624,0.0,0.0,0.0,0.0,0.0,24971.915675619126
Gansu,False,0.1,1.0,6.0,S0,160494907.5820283,0.0,0.0,0.0,0.0,-0.0,5547044.305750553,0.0012773447948388845,344563.5905931281,0.0,0.0,0.0,0.0,24971.915675619126
Gansu,False,0.1,1.0,6.0,S0e,159216912.34233746,0.0,0.0,0.0,0.0,-0.0,5500362.507915123,0.0018852145486268513,298940.5109157829,0.0,0.0,0.0,0.0,24971.915675619126
Gansu,False,0.1,1.0,6.0,S1,159260671.69246966,0.0,0.0,0.0,0.0,-0.0,5501954.087915095,0.001596446315599159,300634.5763518851,0.0,0.0,0.0,0.0,24971.915675619126
Gansu,False,0.1,1.0,6.0,S2,159210301.44526815,0.0,0.0,0.0,0.0,-0.0,5500075.1768709,9.046032983316825e-05,299589.5400719509,0.0,0.0,0.0,0.0,24971.915675619126
Gansu,False,0.1,1.0,6.0,S1rt,159214152.46894178,0.0,0.0,0.0,0.0,-0.0,5500219.297582925,0.00022402141761221106,299660.36926784413,0.0,0.0,0.0,0.0,24971.915675619126
Gansu,False,0.1,1.0,6.0,S3,159260671.69246966,0.0,0.0,0.0,0.0,-0.0,5501954.087915095,0.001596446315599159,300634.5763518851,0.0,0.0,0.0,0.0,24971.915675619126
Gansu,False,0.1,3.0,24.0,NOAI,151103385.4747101,0.0,0.0,0.0,0.0,0.0,5204470.796193284,0.02461485890479624,0.0,0.0,0.0,0.0,0.0,24971.915675619126
Gansu,False,0.1,3.0,24.0,S0,160494907.5820283,0.0,0.0,0.0,0.0,-0.0,5547044.3057505535,0.0012773447948388836,344563.5905931281,0.0,0.0,0.0,0.0,24971.915675619126
Gansu,False,0.1,3.0,24.0,S0e,158564423.4946553,0.0,0.0,0.0,0.0,-0.0,5476545.437733274,0.0028475492589467378,275326.40430182184,0.0,0.0,0.0,0.0,24971.915675619126
Gansu,False,0.1,3.0,24.0,S1,158613477.1127306,0.0,0.0,0.0,0.0,-0.0,5478328.0527843535,0.0024640943472802627,277254.8402506169,0.0,0.0,0.0,0.0,24971.915675619126
Gansu,False,0.1,3.0,24.0,S2,158556596.94775257,0.0,0.0,0.0,0.0,-0.0,5476188.372485437,6.0180535125495954e-05,276420.9437708156,0.0,0.0,0.0,0.0,24971.915675619126
Gansu,False,0.1,3.0,24.0,S1rt,158563253.0549897,0.0,0.0,0.0,0.0,-0.0,5476439.637445786,0.00037598889228778457,276501.54190674075,0.0,0.0,0.0,0.0,24971.915675619126
Gansu,False,0.1,3.0,24.0,S3,158613477.1127306,0.0,0.0,0.0,0.0,-0.0,5478328.0527843535,0.0024640943472802627,277254.8402506169,0.0,0.0,0.0,0.0,24971.915675619126
Gansu,False,0.2,1.0,6.0,NOAI,151715063.69304496,0.0,0.0,0.0,0.0,0.0,5227782.42436854,0.06837785949706476,0.0,0.0,0.0,0.0,0.0,24971.915675619126
Gansu,False,0.2,1.0,6.0,S0,170209843.40265915,0.0,0.0,0.0,0.0,-0.0,5902021.842962831,0.001225954911460479,689127.1811862562,0.0,0.0,0.0,0.0,24971.915675619126
Gansu,False,0.2,1.0,6.0,S0e,167644720.0578205,0.0,0.0,0.0,0.0,-0.0,5808307.7563776625,0.0017837166075057947,597881.0218315658,0.0,0.0,0.0,0.0,24971.915675619126
Gansu,False,0.2,1.0,6.0,S1,167732587.26626322,0.0,0.0,0.0,0.0,-0.0,5811504.291035412,0.0012312884329920147,601269.1527037702,0.0,0.0,0.0,0.0,24971.915675619126
Gansu,False,0.2,1.0,6.0,S2,167632846.83484352,0.0,0.0,0.0,0.0,-0.0,5807831.732135777,0.0001297100216496093,598274.1393889762,0.0,0.0,0.0,0.0,24971.915675619126
Gansu,False,0.2,1.0,6.0,S1rt,167639166.2180254,0.0,0.0,0.0,0.0,-0.0,5808076.576255764,0.0006761897120270977,598229.2457087059,0.0,0.0,0.0,0.0,24971.915675619126
Gansu,False,0.2,1.0,6.0,S3,167732587.26626322,0.0,0.0,0.0,0.0,-0.0,5811504.291035412,0.0012312884329920147,601269.1527037702,0.0,0.0,0.0,0.0,24971.915675619126
Gansu,False,0.2,3.0,24.0,NOAI,151715063.69304496,0.0,0.0,0.0,0.0,0.0,5227782.42436854,0.06837785949706476,0.0,0.0,0.0,0.0,0.0,24971.915675619126
Gansu,False,0.2,3.0,24.0,S0,170209843.40265915,0.0,0.0,0.0,0.0,-0.0,5902021.842962831,0.001225954911460479,689127.1811862562,0.0,0.0,0.0,0.0,24971.915675619126
Gansu,False,0.2,3.0,24.0,S0e,166321517.37834907,0.0,0.0,0.0,0.0,-0.0,5759974.197920792,0.002395366011027262,550652.8086036437,0.0,0.0,0.0,0.0,24971.915675619126
Gansu,False,0.2,3.0,24.0,S1,166420079.908789,0.0,0.0,0.0,0.0,-0.0,5763556.900798899,0.0016612578906656601,554509.6805012338,0.0,0.0,0.0,0.0,24971.915675619126
Gansu,False,0.2,3.0,24.0,S2,166308013.56655255,0.0,0.0,0.0,0.0,-0.0,5759421.449221008,6.915043223426516e-05,551318.9983529772,0.0,0.0,0.0,0.0,24971.915675619126
Gansu,False,0.2,3.0,24.0,S1rt,166319713.14442694,0.0,0.0,0.0,0.0,-0.0,5759866.168973295,0.0007444774583172167,551401.4860041938,0.0,0.0,0.0,0.0,24971.915675619126
Gansu,False,0.2,3.0,24.0,S3,166420079.908789,0.0,0.0,0.0,0.0,-0.0,5763556.900798899,0.0016612578906656601,554509.6805012338,0.0,0.0,0.0,0.0,24971.915675619126
Jiangsu,True,0.05,1.0,6.0,NOAI,491561584.2767442,0.0,0.0,0.0,0.0,0.0,17216307.918885738,0.0,0.0,136902.20667221316,2696280.3653082456,0.0,0.0,129875.60860937074
Jiangsu,True,0.05,1.0,6.0,S0,518362586.88081384,0.0,0.0,0.0,0.0,-0.0,18127808.195905976,0.0,896014.6793344294,285070.731816308,2170670.7071230444,0.0,0.0,129875.60860937074
Jiangsu,True,0.05,1.0,6.0,S0e,514756779.17710644,0.0,0.0,0.0,0.0,-0.0,18006701.74451407,0.0,777374.897815503,250586.67664621334,2241664.2482851883,0.0,0.0,129875.60860937074
Jiangsu,True,0.05,1.0,6.0,S1,514880954.8401754,0.0,0.0,0.0,0.0,-0.0,18011190.33938785,0.0,781896.383144242,248120.11691147697,2238633.876310913,0.0,0.0,129875.60860937074
Jiangsu,True,0.05,1.0,6.0,S2,514743386.27599007,0.0,0.0,0.0,0.0,-0.0,18006595.958647095,0.0,777374.897815503,247011.6420220632,2241816.7989777876,0.0,0.0,129875.60860937074
Jiangsu,True,0.05,1.0,6.0,S1rt,514745543.5524207,0.0,0.0,0.0,0.0,-0.0,18006610.94064144,0.0,777374.897815503,247564.85465934046,2241748.2979215514,0.0,0.0,129875.60860937074
Jiangsu,True,0.05,1.0,6.0,S3,514880954.8401754,0.0,0.0,0.0,0.0,-0.0,18011190.33938785,0.0,781896.383144242,248120.11691147697,2238633.876310913,0.0,0.0,129875.60860937074
Jiangsu,True,0.05,3.0,24.0,NOAI,491561584.2767442,0.0,0.0,0.0,0.0,0.0,17216307.918885738,0.0,0.0,136902.20667221316,2696280.3653082456,0.0,0.0,129875.60860937074
Jiangsu,True,0.05,3.0,24.0,S0,518362586.88081384,0.0,0.0,0.0,0.0,-0.0,18127808.195905976,0.0,896014.6793344294,285070.73181630793,2170670.7071230444,0.0,0.0,129875.60860937074
Jiangsu,True,0.05,3.0,24.0,S0e,512915633.009461,0.0,0.0,0.0,0.0,-0.0,17944067.883406255,0.0,715967.9855847149,237820.2624195924,2274938.1127951476,0.0,0.0,129875.60860937074
Jiangsu,True,0.05,3.0,24.0,S1,513013868.6086538,0.0,0.0,0.0,0.0,-0.0,17947632.00926899,0.0,719660.2069290305,234122.2604335838,2270872.0243520862,0.0,0.0,129875.60860937074
Jiangsu,True,0.05,3.0,24.0,S2,512896950.40689915,0.0,0.0,0.0,0.0,-0.0,17943771.36422878,0.0,715967.9855847149,231194.27076303185,2271970.8369448446,0.0,0.0,129875.60860937074
Jiangsu,True,0.05,3.0,24.0,S1rt,512898748.60144717,0.0,0.0,0.0,0.0,-0.0,17943790.51449112,0.0,715967.9855847149,231728.70430129612,2272055.970717293,0.0,0.0,129875.60860937074
Jiangsu,True,0.05,3.0,24.0,S3,513013868.6086538,0.0,0.0,0.0,0.0,-0.0,17947632.00926899,0.0,719660.2069290305,234122.2604335838,2270872.0243520862,0.0,0.0,129875.60860937074
Jiangsu,True,0.1,1.0,6.0,NOAI,491561584.2767442,0.0,0.0,0.0,0.0,0.0,17216307.918885738,0.0,0.0,136902.20667221316,2696280.3653082456,0.0,0.0,129875.60860937074
Jiangsu,True,0.1,1.0,6.0,S0,545648302.8636501,0.0,0.0,0.0,0.0,-0.0,19041250.506143987,0.0,1792029.358668859,541868.1159488967,1599262.6764082126,0.0,0.0,129875.60860937074
Jiangsu,True,0.1,1.0,6.0,S0e,538332924.4231186,0.0,0.0,0.0,0.0,-0.0,18797855.725041505,0.0,1554749.795631006,441215.6547497859,1734696.869865816,0.0,0.0,129875.60860937074
Jiangsu,True,0.1,1.0,6.0,S1,538589491.0657821,0.0,0.0,0.0,0.0,-0.0,18806696.800057802,0.0,1563792.766288484,436263.79139380076,1724251.157912631,0.0,0.0,129875.60860937074
Jiangsu,True,0.1,1.0,6.0,S2,538306952.6538955,0.0,0.0,0.0,0.0,-0.0,18797636.92613632,0.0,1554749.795631006,434132.60909282946,1734701.1274141495,0.0,0.0,129875.60860937074
Jiangsu,True,0.1,1.0,6.0,S1rt,538314524.2627687,0.0,0.0,0.0,0.0,-0.0,18797749.831245422,0.0,1554749.795631006,436738.0037927833,1735748.5450681588,0.0,0.0,129875.60860937074
Jiangsu,True,0.1,1.0,6.0,S3,538589491.0657821,0.0,0.0,0.0,0.0,-0.0,18806696.800057802,0.0,1563792.766288484,436263.79139380076,1724251.157912631,0.0,0.0,129875.60860937074
Jiangsu,True,0.1,3.0,24.0,NOAI,491561584.2767442,0.0,0.0,0.0,0.0,0.0,17216307.918885738,0.0,0.0,136902.20667221316,2696280.3653082456,0.0,0.0,129875.60860937074
Jiangsu,True,0.1,3.0,24.0,S0,545648302.8636501,0.0,0.0,0.0,0.0,-0.0,19041250.506143987,0.0,1792029.358668859,541868.1159488966,1599262.6764082126,0.0,0.0,129875.60860937074
Jiangsu,True,0.1,3.0,24.0,S0e,534580115.41804963,0.0,0.0,0.0,0.0,-0.0,18672162.42323508,0.0,1431935.9711694298,398305.357624072,1804853.3160910532,0.0,0.0,129875.60860937074
Jiangsu,True,0.1,3.0,24.0,S1,534779475.99496895,0.0,0.0,0.0,0.0,-0.0,18678946.2858561,0.0,1439320.413858061,387640.12098892505,1788848.3714327286,0.0,0.0,129875.60860937074
Jiangsu,True,0.1,3.0,24.0,S2,534534834.182306,0.0,0.0,0.0,0.0,-0.0,18671447.80716128,0.0,1431935.9711694298,382290.5486102061,1797748.1933053364,0.0,0.0,129875.60860937074
Jiangsu,True,0.1,3.0,24.0,S1rt,534542721.8082103,0.0,0.0,0.0,0.0,-0.0,18671510.314690314,0.0,1431935.9711694298,384398.29810238373,1797662.746223187,0.0,0.0,129875.60860937074
Jiangsu,True,0.1,3.0,24.0,S3,534779475.99496895,0.0,0.0,0.0,0.0,-0.0,18678946.2858561,0.0,1439320.413858061,387640.12098892505,1788848.3714327286,0.0,0.0,129875.60860937074
Jiangsu,True,0.2,1.0,6.0,NOAI,491561584.2767442,0.0,0.0,0.0,0.0,0.0,17216307.918885738,0.0,0.0,136902.20667221316,2696280.3653082456,0.0,0.0,129875.60860937074
Jiangsu,True,0.2,1.0,6.0,S0,601061456.9759853,0.0,0.0,0.0,0.0,-0.0,20884394.88793437,0.0,3584058.717337718,1385903.2297479098,652057.3707862928,0.0,0.0,129875.60860937074
Jiangsu,True,0.2,1.0,6.0,S0e,586215425.6293263,0.0,0.0,0.0,0.0,-0.0,20391221.49754274,0.0,3109499.591262012,1075600.9477283526,825387.4995227759,0.0,0.0,129875.60860937074
Jiangsu,True,0.2,1.0,6.0,S1,586767565.27465,0.0,0.0,0.0,0.0,-0.0,20409623.916672077,0.0,3127585.532576968,1080644.6008719157,812851.5194762831,0.0,0.0,129875.60860937074
Jiangsu,True,0.2,1.0,6.0,S2,586184827.7241307,0.0,0.0,0.0,0.0,0.0,20390383.392250482,0.0,3109499.591262012,1060870.716449287,813002.5595816851,0.0,0.0,129875.60860937074
Jiangsu,True,0.2,1.0,6.0,S1rt,586194599.2766603,0.0,0.0,0.0,0.0,0.0,20390612.113009103,0.0,3109499.5912620113,1065146.5004562417,816126.5648240873,0.0,0.0,129875.60860937074
Jiangsu,True,0.2,1.0,6.0,S3,586767565.27465,0.0,0.0,0.0,0.0,-0.0,20409623.916672077,0.0,3127585.532576968,1080644.6008719157,812851.5194762831,0.0,0.0,129875.60860937074
Jiangsu,True,0.2,3.0,24.0,NOAI,491561584.2767442,0.0,0.0,0.0,0.0,0.0,17216307.918885738,0.0,0.0,136902.20667221316,2696280.3653082456,0.0,0.0,129875.60860937074
Jiangsu,True,0.2,3.0,24.0,S0,601061456.9759853,0.0,0.0,0.0,0.0,-0.0,20884394.88793437,0.0,3584058.717337718,1385903.2297479096,652057.3707862927,0.0,0.0,129875.60860937074
Jiangsu,True,0.2,3.0,24.0,S0e,578568609.0570407,0.0,0.0,0.0,0.0,-0.0,20137211.675717037,0.0,2863871.9423388597,935497.3054656526,935114.6154511088,0.0,0.0,129875.60860937074
Jiangsu,True,0.2,3.0,24.0,S1,579006839.5953758,0.0,0.0,0.0,0.0,-0.0,20151830.29766092,0.0,2878640.827716122,932842.7390938821,918428.418412437,0.0,0.0,129875.60860937074
Jiangsu,True,0.2,3.0,24.0,S2,578531149.5608703,0.0,0.0,0.0,0.0,-0.0,20136145.646448426,0.0,2863871.9423388597,917023.9213948477,919098.817302031,0.0,0.0,129875.60860937074
Jiangsu,True,0.2,3.0,24.0,S1rt,578543986.0278618,0.0,0.0,0.0,0.0,-0.0,20136535.036386214,0.0,2863871.9423388597,923619.3440840318,925101.3043648978,0.0,0.0,129875.60860937074
Jiangsu,True,0.2,3.0,24.0,S3,579006839.5953758,0.0,0.0,0.0,0.0,-0.0,20151830.29766092,0.0,2878640.827716122,932842.7390938821,918428.418412437,0.0,0.0,129875.60860937074
Jiangsu,False,0.05,1.0,6.0,NOAI,499516889.4513456,0.0,0.0,0.0,0.0,0.0,17056695.702871963,0.0,0.0,0.0,0.0,0.0,0.0,129875.60860937074
Jiangsu,False,0.05,1.0,6.0,S0,528421932.9642774,0.0,0.0,0.0,0.0,-0.0,17901892.6256069,0.0,896014.6793344294,0.0,0.0,0.0,0.0,129875.60860937074
Jiangsu,False,0.05,1.0,6.0,S0e,524229460.2375003,0.0,0.0,0.0,0.0,-0.0,17797804.009319115,0.0,777374.897815503,0.0,0.0,0.0,0.0,129875.60860937074
Jiangsu,False,0.05,1.0,6.0,S1,524296354.9744653,0.0,0.0,0.0,0.0,-0.0,17803760.470330335,0.0,781896.3831442422,0.0,0.0,0.0,0.0,129875.60860937074
Jiangsu,False,0.05,1.0,6.0,S2,524113939.63969874,0.0,0.0,0.0,0.0,-0.0,17800887.551445134,0.0,777747.6403969477,0.0,0.0,0.0,0.0,129875.60860937074
Jiangsu,False,0.05,1.0,6.0,S1rt,524127530.7453415,0.0,0.0,0.0,0.0,-0.0,17800596.43811663,0.0,777747.6403969476,0.0,0.0,0.0,0.0,129875.60860937074
Jiangsu,False,0.05,1.0,6.0,S3,524288901.9586985,0.0,0.0,0.0,0.0,-0.0,17803920.109456424,0.0,781896.3831442422,0.0,0.0,0.0,0.0,129875.60860937074
Jiangsu,False,0.05,3.0,24.0,NOAI,499516889.4513456,0.0,0.0,0.0,0.0,0.0,17056695.702871963,0.0,0.0,0.0,0.0,0.0,0.0,129875.60860937074
Jiangsu,False,0.05,3.0,24.0,S0,528421932.9642774,0.0,0.0,0.0,0.0,-0.0,17901892.6256069,0.0,896014.6793344294,0.0,0.0,0.0,0.0,129875.60860937074
Jiangsu,False,0.05,3.0,24.0,S0e,522184331.26241004,0.0,0.0,0.0,0.0,-0.0,17741254.265011158,0.0,715967.9855847149,0.0,0.0,0.0,0.0,129875.60860937074
Jiangsu,False,0.05,3.0,24.0,S1,522197589.68983144,0.0,0.0,0.0,0.0,-0.0,17747004.346317854,0.0,719660.2069290305,0.0,0.0,0.0,0.0,129875.60860937074
Jiangsu,False,0.05,3.0,24.0,S2,522021546.56350076,0.0,0.0,0.0,0.0,-0.0,17744741.015594766,0.0,715967.9855847149,0.0,0.0,0.0,0.0,129875.60860937074
Jiangsu,False,0.05,3.0,24.0,S1rt,522034676.3117894,0.0,0.0,0.0,0.0,-0.0,17744459.784263957,0.0,715967.9855847149,0.0,0.0,0.0,0.0,129875.60860937074
Jiangsu,False,0.05,3.0,24.0,S3,522197589.6898315,0.0,0.0,0.0,0.0,-0.0,17747004.346317858,0.0,719660.2069290305,0.0,0.0,0.0,0.0,129875.60860937074
Jiangsu,False,0.1,1.0,6.0,NOAI,499516889.4513456,0.0,0.0,0.0,0.0,0.0,17056695.702871963,0.0,0.0,0.0,0.0,459445.5649544373,295.4664397011674,129875.60860937074
Jiangsu,False,0.1,1.0,6.0,S0,560080895.141908,101378.00363383937,0.0,0.0,0.0,165.9824769517163,18690402.206711836,0.0,1792029.358668859,0.0,0.0,459445.5649544373,295.4664397011674,129875.60860937074
Jiangsu,False,0.1,1.0,6.0,S0e,550832372.7623444,0.0,0.0,0.0,0.0,-0.0,18498422.329884186,0.0,1554749.795631006,0.0,0.0,459445.5649544373,295.4664397011674,129875.60860937074
Jiangsu,False,0.1,1.0,6.0,S1,550965701.7440064,0.0,0.0,0.0,0.0,-0.0,18510345.115374736,0.0,1563792.7662884844,0.0,0.0,459445.5649544373,295.4664397011674,129875.60860937074
Jiangsu,False,0.1,1.0,6.0,S2,550617326.9520265,0.0,0.0,0.0,0.0,-0.0,18503545.658106755,0.0,1555066.2534414467,0.0,0.0,459445.5649544373,295.4664397011674,129875.60860937074
Jiangsu,False,0.1,1.0,6.0,S1rt,550685487.8133931,0.0,0.0,0.0,0.0,-0.0,18501997.656914387,0.0,1555012.384316274,0.0,0.0,459445.5649544373,295.4664397011674,129875.60860937074
Jiangsu,False,0.1,1.0,6.0,S3,551261128.9707884,0.0,0.0,0.0,0.0,-0.0,18515121.986168172,0.0,1570587.71285934,0.0,0.0,459445.5649544373,295.4664397011674,129875.60860937074
Jiangsu,False,0.1,3.0,24.0,NOAI,499516889.4513456,0.0,0.0,0.0,0.0,0.0,17056695.702871963,0.0,0.0,0.0,0.0,4897.960342358798,25.795545196141575,129875.60860937074
Jiangsu,False,0.1,3.0,24.0,S0,560080895.1419079,101378.00363383937,0.0,0.0,0.0,165.9824769517163,18690402.206711836,0.0,1792029.358668859,0.0,0.0,4897.960342358798,25.795545196141575,129875.60860937074
Jiangsu,False,0.1,3.0,24.0,S0e,546315192.1487684,0.0,0.0,0.0,0.0,-0.0,18394467.26857462,0.0,1431935.9711694298,0.0,0.0,4897.960342358798,25.795545196141575,129875.60860937074
Jiangsu,False,0.1,3.0,24.0,S1,546261391.8100021,0.0,0.0,0.0,0.0,-0.0,18407687.7772867,0.0,1439320.4138580612,0.0,0.0,4897.960342358798,25.795545196141575,129875.60860937074
Jiangsu,False,0.1,3.0,24.0,S2,545921746.7599816,0.0,0.0,0.0,0.0,-0.0,18402894.632744383,0.0,1431935.9711694298,0.0,0.0,4897.960342358798,25.795545196141575,129875.60860937074
Jiangsu,False,0.1,3.0,24.0,S1rt,545981810.2172015,0.0,0.0,0.0,0.0,-0.0,18401608.10952742,0.0,1431935.9711694298,0.0,0.0,4897.960342358798,25.795545196141575,129875.60860937074
Jiangsu,False,0.1,3.0,24.0,S3,546251756.6751952,0.0,0.0,0.0,0.0,-0.0,18407894.156093407,0.0,1439320.4138580612,0.0,0.0,4897.960342358798,25.795545196141575,129875.60860937074
Jiangsu,False,0.2,1.0,6.0,NOAI,499516889.4513456,0.0,0.0,0.0,0.0,0.0,17056695.702871963,0.0,0.0,0.0,0.0,1442010.865457762,2612.42677189367,129875.60860937074
Jiangsu,False,0.2,1.0,6.0,S0,639522292.42668,20479876.288167633,9498.09364586254,0.0,17279.9669595515,969.7220332094547,19867400.192547612,-3.898433439122593e-18,3584058.717337718,0.0,0.0,1442010.865457762,2612.42677189367,129875.60860937074
Jiangsu,False,0.2,1.0,6.0,S0e,615875407.4125874,12727685.703048965,6262.020875405248,0.0,9932.724463812063,1038.388216424788,19639551.84118699,-3.9777134687457285e-17,3109499.591262012,0.0,0.0,1442010.865457762,2612.42677189367,129875.60860937074
Jiangsu,False,0.2,1.0,6.0,S1,617864832.122206,24438355.440786056,6323.388286081767,0.0,25543.188726999695,1345.1320735300262,19436768.169077948,4.193314138259349e-19,3127585.532576969,0.0,0.0,1442010.865457762,2612.42677189367,129875.60860937074
Jiangsu,False,0.2,1.0,6.0,S2,610998688.8391584,13498110.972814891,591.0605497209971,0.0,17805.153794674075,-0.0,19551520.828037616,-6.206702825151031e-17,3118654.3171867896,0.0,0.0,1442010.865457762,2612.42677189367,129875.60860937074
Jiangsu,False,0.2,1.0,6.0,S1rt,612619073.0267574,15680313.827662922,1464.7194867716428,0.0,18973.99657972099,1110.1626266741143,19528474.581355505,-6.849351381156176e-17,3116678.117171004,0.0,0.0,1442010.865457762,2612.42677189367,129875.60860937074
Jiangsu,False,0.2,1.0,6.0,S3,618367508.8108552,9577810.281290565,5776.623214976631,0.0,3502.3367478665546,3404.8066412511416,19761431.50179748,-3.515475079033626e-17,3144553.4857855337,0.0,0.0,1442010.865457762,2612.42677189367,129875.60860937074
Jiangsu,False,0.2,3.0,24.0,NOAI,499516889.4513456,0.0,0.0,0.0,0.0,0.0,17056695.702871963,0.0,0.0,0.0,0.0,84175.71938045695,1022.0875276358203,129875.60860937074
Jiangsu,False,0.2,3.0,24.0,S0,639522292.4266808,20479876.288167633,9498.09364586254,0.0,17279.9669595515,969.7220332094547,19867400.192547597,-3.898433439122593e-18,3584058.717337718,0.0,0.0,84175.71938045695,1022.0875276358203,129875.60860937074
Jiangsu,False,0.2,3.0,24.0,S0e,600707284.9744761,9335726.478515975,0.0,0.0,12311.932840682019,498.706967100384,19422142.89912079,3.6990101867052496e-17,2863871.9423388597,0.0,0.0,84175.71938045695,1022.0875276358203,129875.60860937074
Jiangsu,False,0.2,3.0,24.0,S1,601077807.1019846,8792817.265703076,0.0,0.0,11479.905463774925,609.0665094911478,19450342.562274184,1.4081086401594295e-19,2878640.8277161224,0.0,0.0,84175.71938045695,1022.0875276358203,129875.60860937074
Jiangsu,False,0.2,3.0,24.0,S2,599565184.7285589,6453264.439230272,0.0,0.0,8797.589120448636,-0.0,19494757.424176004,-5.378178809011605e-18,2870654.0753126163,0.0,0.0,84175.71938045695,1022.0875276358203,129875.60860937074
Jiangsu,False,0.2,3.0,24.0,S1rt,602120621.9788767,11524819.659649156,0.0,0.0,13414.709060579367,2758.421057971016,19440933.967549752,-8.619490131991021e-19,2882747.982991147,0.0,0.0,84175.71938045695,1022.0875276358203,129875.60860937074
Jiangsu,False,0.2,3.0,24.0,S3,601132206.1029506,9045275.073951773,0.0,0.0,12331.21846027358,-0.0,19440481.460799016,6.292162161875929e-18,2885107.8742604884,0.0,0.0,84175.71938045695,1022.0875276358203,129875.60860937074
Guizhou,True,0.05,1.0,6.0,NOAI,96271949.28764862,0.0,0.0,0.0,0.0,-0.0,3509109.6642950205,0.0,0.0,0.0,1192207.7247233102,0.0,0.0,41946.45198758362
Guizhou,True,0.05,1.0,6.0,S0,104536003.96866761,0.0,0.0,0.0,0.0,-0.0,3805564.5684179235,0.0,289389.49452715006,0.0,1137079.315049467,0.0,0.0,41946.45198758362
Guizhou,True,0.05,1.0,6.0,S0e,103435216.36224681,0.0,0.0,0.0,0.0,-0.0,3766418.7766873306,0.0,251071.92317879148,0.0,1147850.1961618406,0.0,0.0,41946.45198758362
Guizhou,True,0.05,1.0,6.0,S1,103470552.8961791,0.0,0.0,0.0,0.0,-0.0,3768095.8844495765,0.0,252583.85500887933,0.0,1151711.837270827,0.0,0.0,41946.45198758362
Guizhou,True,0.05,1.0,6.0,S2,103431151.08796111,0.0,0.0,0.0,0.0,-0.0,3766485.288861343,0.0,251071.92317879145,0.0,1150002.060615156,0.0,0.0,41946.45198758362
Guizhou,True,0.05,1.0,6.0,S1rt,103431349.53145826,0.0,0.0,0.0,0.0,-0.0,3766482.042116478,0.0,251071.92317879145,0.0,1149897.0188695178,0.0,0.0,41946.45198758362
Guizhou,True,0.05,1.0,6.0,S3,103470552.8961791,0.0,0.0,0.0,0.0,-0.0,3768095.8844495765,0.0,252583.85500887933,0.0,1151711.837270827,0.0,0.0,41946.45198758362
Guizhou,True,0.05,3.0,24.0,NOAI,96271949.28764862,0.0,0.0,0.0,0.0,-0.0,3509109.6642950205,0.0,0.0,0.0,1192207.7247233102,0.0,0.0,41946.45198758362
Guizhou,True,0.05,3.0,24.0,S0,104536003.96866761,0.0,0.0,0.0,0.0,-0.0,3805564.5684179235,0.0,289389.49452715006,0.0,1137079.315049467,0.0,0.0,41946.45198758362
Guizhou,True,0.05,3.0,24.0,S0e,102870210.97382724,0.0,0.0,0.0,0.0,-0.0,3746079.4994152533,0.0,231239.08371667354,0.0,1150909.4037437285,0.0,0.0,41946.45198758362
Guizhou,True,0.05,3.0,24.0,S1,102897929.41657153,0.0,0.0,0.0,0.0,0.0,3747428.4803982954,0.0,232447.4783361096,0.0,1154273.0854882994,0.0,0.0,41946.45198758362
Guizhou,True,0.05,3.0,24.0,S2,102866207.74046803,0.0,0.0,0.0,0.0,-0.0,3746144.9965342903,0.0,231239.0837166735,0.0,1153028.4281830974,0.0,0.0,41946.45198758362
Guizhou,True,0.05,3.0,24.0,S1rt,102866306.07472458,0.0,0.0,0.0,0.0,-0.0,3746143.3876821627,0.0,231239.0837166735,0.0,1152976.3770848224,0.0,0.0,41946.45198758362
Guizhou,True,0.05,3.0,24.0,S3,102897929.41657153,0.0,0.0,0.0,0.0,0.0,3747428.4803982954,0.0,232447.4783361096,0.0,1154273.0854882994,0.0,0.0,41946.45198758362
Guizhou,True,0.1,1.0,6.0,NOAI,96273444.09399576,0.0,0.0,0.0,0.0,-0.0,3510924.8297323096,0.0042205709493202724,0.0,0.0,1209206.042492982,0.0,0.0,41946.45198758362
Guizhou,True,0.1,1.0,6.0,S0,112658064.90690954,0.0,0.0,0.0,0.0,-0.0,4104342.6399003654,0.0,578778.9890543001,0.0,1157112.202301276,0.0,0.0,41946.45198758362
Guizhou,True,0.1,1.0,6.0,S0e,110464796.81931414,0.0,0.0,0.0,0.0,-0.0,4025915.143110561,0.0,502143.84635758295,0.0,1174256.7686002385,0.0,0.0,41946.45198758362
Guizhou,True,0.1,1.0,6.0,S1,110538997.81220037,0.0,0.0,0.0,0.0,-0.0,4029211.6380616184,0.0,505167.7100177586,0.0,1180112.6205012032,0.0,0.0,41946.45198758362
Guizhou,True,0.1,1.0,6.0,S2,110458513.23096924,0.0,0.0,0.0,0.0,-0.0,4026017.9492417136,0.0,502143.8463575829,0.0,1177582.8493141697,0.0,0.0,41946.45198758362
Guizhou,True,0.1,1.0,6.0,S1rt,110459520.80130623,0.0,0.0,0.0,0.0,-0.0,4026001.464328551,0.0,502143.8463575829,0.0,1177049.513888315,0.0,0.0,41946.45198758362
Guizhou,True,0.1,1.0,6.0,S3,110538997.81220037,0.0,0.0,0.0,0.0,-0.0,4029211.6380616184,0.0,505167.7100177586,0.0,1180112.6205012032,0.0,0.0,41946.45198758362
Guizhou,True,0.1,3.0,24.0,NOAI,96273444.09399576,0.0,0.0,0.0,0.0,-0.0,3510924.8297323096,0.0042205709493202724,0.0,0.0,1209206.042492982,0.0,0.0,41946.45198758362
Guizhou,True,0.1,3.0,24.0,S0,112658064.90690956,0.0,0.0,0.0,0.0,-0.0,4104342.6399003663,0.0,578778.9890543001,0.0,1157112.202301276,0.0,0.0,41946.45198758362
Guizhou,True,0.1,3.0,24.0,S0e,109339363.223223,0.0,0.0,0.0,0.0,-0.0,3985161.701062889,0.0,462478.16743334703,0.0,1177952.3527677734,0.0,0.0,41946.45198758362
Guizhou,True,0.1,3.0,24.0,S1,109398667.31594299,0.0,0.0,0.0,0.0,-0.0,3987796.391440821,0.0,464894.9566722192,0.0,1182632.6942874359,0.0,0.0,41946.45198758362
Guizhou,True,0.1,3.0,24.0,S2,109333581.06845479,0.0,0.0,0.0,0.0,-0.0,3985256.3032119856,0.0,462478.1674333471,0.0,1181013.0105327247,0.0,0.0,41946.45198758362
Guizhou,True,0.1,3.0,24.0,S1rt,109334700.38941844,0.0,0.0,0.0,0.0,-0.0,3985237.9899407304,0.0,462478.167433347,0.0,1180420.5223451047,0.0,0.0,41946.45198758362
Guizhou,True,0.1,3.0,24.0,S3,109398667.31594299,0.0,0.0,0.0,0.0,-0.0,3987796.391440821,0.0,464894.9566722192,0.0,1182632.6942874359,0.0,0.0,41946.45198758362
Guizhou,True,0.2,1.0,6.0,NOAI,96716680.92488839,0.0,0.0,0.0,0.0,-0.0,3527877.76481104,0.054703143082644436,0.0,0.0,1209600.0,0.0,0.0,41946.45198758362
Guizhou,True,0.2,1.0,6.0,S0,128936944.90009034,0.0,0.0,0.0,0.0,-0.0,4701330.1034247605,0.0,1157557.9781086002,0.0,1178779.5243205912,0.0,0.0,41946.45198758362
Guizhou,True,0.2,1.0,6.0,S0e,124579968.56514621,0.0,0.0,0.0,0.0,-0.0,4543991.479688862,0.0,1004287.6927151659,0.0,1197421.7989205103,0.0,0.0,41946.45198758362
Guizhou,True,0.2,1.0,6.0,S1,124745232.15773888,0.0,0.0,0.0,0.0,-0.0,4550308.595923394,0.0,1010335.4200355171,0.0,1200208.1781829032,0.0,0.0,41946.45198758362
Guizhou,True,0.2,1.0,6.0,S2,124575661.10706113,0.0,0.0,0.0,0.0,-0.0,4544061.95424521,0.0,1004287.6927151659,0.0,1199701.858096395,0.0,0.0,41946.45198758362
Guizhou,True,0.2,1.0,6.0,S1rt,124578285.17333867,0.0,0.0,0.0,0.0,-0.0,4544019.021753912,0.0,1004287.6927151658,0.0,1198312.865730906,0.0,0.0,41946.45198758362
Guizhou,True,0.2,1.0,6.0,S3,124745232.15773888,0.0,0.0,0.0,0.0,-0.0,4550308.595923394,0.0,1010335.4200355171,0.0,1200208.1781829032,0.0,0.0,41946.45198758362
Guizhou,True,0.2,3.0,24.0,NOAI,96716680.92488839,0.0,0.0,0.0,0.0,-0.0,3527877.76481104,0.054703143082644436,0.0,0.0,1209600.0,0.0,0.0,41946.45198758362
Guizhou,True,0.2,3.0,24.0,S0,128936944.90009034,0.0,0.0,0.0,0.0,-0.0,4701330.103424761,0.0,1157557.9781086002,0.0,1178779.5243205912,0.0,0.0,41946.45198758362
Guizhou,True,0.2,3.0,24.0,S0e,122338557.71910678,0.0,0.0,0.0,0.0,-0.0,4462329.8797992235,0.0,924956.3348666942,0.0,1199807.456263607,0.0,0.0,41946.45198758362
Guizhou,True,0.2,3.0,24.0,S1,122472530.5449238,0.0,0.0,0.0,0.0,-0.0,4467347.878837011,0.0,929789.9133444384,0.0,1201035.2013652632,0.0,0.0,41946.45198758362
Guizhou,True,0.2,3.0,24.0,S2,122335912.9980024,0.0,0.0,0.0,0.0,-0.0,4462373.150225265,0.0,924956.3348666942,0.0,1201207.3818119762,0.0,0.0,41946.45198758362
Guizhou,True,0.2,3.0,24.0,S1rt,122338259.24705769,0.0,0.0,0.0,0.0,-0.0,4462334.763116678,0.0,924956.334866694,0.0,1199965.445945867,0.0,0.0,41946.45198758362
Guizhou,True,0.2,3.0,24.0,S3,122472530.5449238,0.0,0.0,0.0,0.0,-0.0,4467347.878837011,0.0,929789.9133444384,0.0,1201035.2013652632,0.0,0.0,41946.45198758362
Guizhou,False,0.05,1.0,6.0,NOAI,102027026.13044366,0.0,0.0,0.0,0.0,0.0,3602946.830735549,0.23871735112336054,0.0,0.0,0.0,61312.37898386037,78.82235040238447,41946.45198758362
Guizhou,False,0.05,1.0,6.0,S0,108434012.73704407,0.0,0.0,0.0,0.0,-0.0,3835951.363873063,0.130609301962695,289389.49452715006,0.0,0.0,61312.37898386037,78.82235040238447,41946.45198758362
Guizhou,False,0.05,1.0,6.0,S0e,107612720.68647353,0.0,0.0,0.0,0.0,-0.0,3806077.7120040865,0.1444798320205691,251071.92317879148,0.0,0.0,61312.37898386037,78.82235040238447,41946.45198758362
Guizhou,False,0.05,1.0,6.0,S1,107584448.31222503,0.0,0.0,0.0,0.0,-0.0,3805025.260583526,0.14254113328880882,252583.85500887933,0.0,0.0,61312.37898386037,78.82235040238447,41946.45198758362
Guizhou,False,0.05,1.0,6.0,S2,107530190.16638158,0.0,0.0,0.0,0.0,-0.0,3802903.6473221867,0.12351419744766527,260340.72970916907,0.0,0.0,61312.37898386037,78.82235040238447,41946.45198758362
Guizhou,False,0.05,1.0,6.0,S1rt,107544990.64752457,0.0,0.0,0.0,0.0,-0.0,3803466.649539355,0.12521388686017906,261054.29583663482,0.0,0.0,61312.37898386037,78.82235040238447,41946.45198758362
Guizhou,False,0.05,1.0,6.0,S3,107605951.61875309,0.0,0.0,0.0,0.0,-0.0,3805805.4982079132,0.14206152572740624,253483.3969048573,0.0,0.0,61312.37898386037,78.82235040238447,41946.45198758362
Guizhou,False,0.05,3.0,24.0,NOAI,102027026.13044366,0.0,0.0,0.0,0.0,0.0,3602946.830735549,0.23871735112336054,0.0,0.0,0.0,130173.711000307,79.36294294240851,41946.45198758362
Guizhou,False,0.05,3.0,24.0,S0,108434012.73704407,0.0,0.0,0.0,0.0,-0.0,3835951.3638730636,0.130609301962695,289389.49452715006,0.0,0.0,130173.711000307,79.36294294240851,41946.45198758362
Guizhou,False,0.05,3.0,24.0,S0e,107158694.96821739,0.0,0.0,0.0,0.0,-0.0,3789539.2635115916,0.14946944527938127,231239.08371667354,0.0,0.0,130173.711000307,79.36294294240851,41946.45198758362
Guizhou,False,0.05,3.0,24.0,S1,107163367.92246997,0.0,0.0,0.0,0.0,-0.0,3789710.180962554,0.15098805644876895,232447.4783361096,0.0,0.0,130173.711000307,79.36294294240851,41946.45198758362
Guizhou,False,0.05,3.0,24.0,S2,107083770.60177971,0.0,0.0,0.0,0.0,-0.0,3786632.3891335353,0.12629511391106762,246128.86637848118,0.0,0.0,130173.711000307,79.36294294240851,41946.45198758362
Guizhou,False,0.05,3.0,24.0,S1rt,107093213.92893067,0.0,0.0,0.0,0.0,-0.0,3786990.949725893,0.12731083808591728,246171.2692294854,0.0,0.0,130173.711000307,79.36294294240851,41946.45198758362
Guizhou,False,0.05,3.0,24.0,S3,107182106.72059807,0.0,0.0,0.0,0.0,-0.0,3790360.078121271,0.14589909543761714,238354.41355212923,0.0,0.0,130173.711000307,79.36294294240851,41946.45198758362
Guizhou,False,0.1,1.0,6.0,NOAI,103467726.14162813,0.0,0.0,0.0,0.0,0.0,3656147.3496775576,0.30600493627102654,0.0,0.0,0.0,20236.508621683344,41.16546671865723,41946.45198758362
Guizhou,False,0.1,1.0,6.0,S0,116205076.94619317,0.0,0.0,0.0,0.0,-0.0,4119675.97123073,0.10898453653665674,578778.9890543001,0.0,0.0,20236.508621683344,41.16546671865723,41946.45198758362
Guizhou,False,0.1,1.0,6.0,S0e,114467241.64168464,0.0,0.0,0.0,0.0,-0.0,4056401.2173483674,0.130807845149744,502143.84635758295,0.0,0.0,20236.508621683344,41.16546671865723,41946.45198758362
Guizhou,False,0.1,1.0,6.0,S1,114426852.64930081,0.0,0.0,0.0,0.0,-0.0,4054891.7576836417,0.1273145566834991,505167.71001775865,0.0,0.0,20236.508621683344,41.16546671865723,41946.45198758362
Guizhou,False,0.1,1.0,6.0,S2,114318525.6781497,0.0,0.0,0.0,0.0,-0.0,4050685.903711141,0.09584789917917944,517360.7905512572,0.0,0.0,20236.508621683344,41.16546671865723,41946.45198758362
Guizhou,False,0.1,1.0,6.0,S1rt,114349962.52074979,0.0,0.0,0.0,0.0,-0.0,4051882.772751388,0.09938252012912864,518678.15937649313,0.0,0.0,20236.508621683344,41.16546671865723,41946.45198758362
Guizhou,False,0.1,1.0,6.0,S3,114429850.66784203,0.0,0.0,0.0,0.0,-0.0,4054985.5190237868,0.12580680610324177,505969.60699131305,0.0,0.0,20236.508621683344,41.16546671865723,41946.45198758362
Guizhou,False,0.1,3.0,24.0,NOAI,103467726.14162813,0.0,0.0,0.0,0.0,0.0,3656147.3496775576,0.30600493627102654,0.0,0.0,0.0,217869.88232163433,158.72588588481702,41946.45198758362
Guizhou,False,0.1,3.0,24.0,S0,116205076.94619317,0.0,0.0,0.0,0.0,-0.0,4119675.97123073,0.10898453653665675,578778.9890543001,0.0,0.0,217869.88232163433,158.72588588481702,41946.45198758362
Guizhou,False,0.1,3.0,24.0,S0e,113542260.36114496,0.0,0.0,0.0,0.0,-0.0,4022708.2002828177,0.13970632546123488,462478.16743334703,0.0,0.0,217869.88232163433,158.72588588481702,41946.45198758362
Guizhou,False,0.1,3.0,24.0,S1,113557432.51693115,0.0,0.0,0.0,0.0,-0.0,4023273.4885419067,0.14331719611801527,464894.9566722192,0.0,0.0,217869.88232163433,158.72588588481702,41946.45198758362
Guizhou,False,0.1,3.0,24.0,S2,113405254.044491,0.0,0.0,0.0,0.0,-0.0,4017369.17221834,0.09952182436218131,488040.51907033205,0.0,0.0,217869.88232163433,158.72588588481702,41946.45198758362
Guizhou,False,0.1,3.0,24.0,S1rt,113440593.05225092,0.0,0.0,0.0,0.0,-0.0,4018689.5155995954,0.1026747515625093,487914.6936315158,0.0,0.0,217869.88232163433,158.72588588481702,41946.45198758362
Guizhou,False,0.1,3.0,24.0,S3,113586350.66711718,0.0,0.0,0.0,0.0,-0.0,4024225.5174400974,0.13296849171243447,475704.5220285598,0.0,0.0,217869.88232163433,158.72588588481702,41946.45198758362
Guizhou,False,0.2,1.0,6.0,NOAI,107019344.1993609,0.0,0.0,0.0,0.0,0.0,3786743.4351468952,0.4345372174104164,0.0,0.0,0.0,0.0,0.0,41946.45198758362
Guizhou,False,0.2,1.0,6.0,S0,132027287.09412143,0.0,0.0,0.0,0.0,-0.0,4697144.749573109,0.058862540816733866,1157557.9781086002,0.0,0.0,0.0,0.0,41946.45198758362
Guizhou,False,0.2,1.0,6.0,S0e,128263000.49674632,0.0,0.0,0.0,0.0,-0.0,4560152.75611005,0.10274595649331535,1004287.6927151659,0.0,0.0,0.0,0.0,41946.45198758362
Guizhou,False,0.2,1.0,6.0,S1,128240883.17916383,0.0,0.0,0.0,0.0,-0.0,4559180.412929368,0.08869381918591182,1010335.4200355173,0.0,0.0,0.0,0.0,41946.45198758362
Guizhou,False,0.2,1.0,6.0,S2,128018825.11349863,0.0,0.0,0.0,0.0,-0.0,4550591.453674352,0.042038801879111534,1022774.5959817382,0.0,0.0,0.0,0.0,41946.45198758362
Guizhou,False,0.2,1.0,6.0,S1rt,128139515.0523391,0.0,0.0,0.0,0.0,-0.0,4555064.500925378,0.047001613511011044,1026566.0084724341,0.0,0.0,0.0,0.0,41946.45198758362
Guizhou,False,0.2,1.0,6.0,S3,128240883.17916383,0.0,0.0,0.0,0.0,-0.0,4559180.412929368,0.08869381918591182,1010335.4200355173,0.0,0.0,0.0,0.0,41946.45198758362
Guizhou,False,0.2,3.0,24.0,NOAI,107019344.1993609,0.0,0.0,0.0,0.0,0.0,3786743.4351468952,0.4345372174104164,0.0,0.0,0.0,529430.0193867926,330.10775359701313,41946.45198758362
Guizhou,False,0.2,3.0,24.0,S0,132027287.09412143,0.0,0.0,0.0,0.0,-0.0,4697144.749573109,0.05886254081673389,1157557.9781086002,0.0,0.0,529430.0193867926,330.10775359701313,41946.45198758362
Guizhou,False,0.2,3.0,24.0,S0e,126358615.59877157,0.0,0.0,0.0,0.0,-0.0,4490885.548554315,0.12488953071548388,924956.334866694,0.0,0.0,529430.0193867926,330.10775359701313,41946.45198758362
Guizhou,False,0.2,3.0,24.0,S1,126386313.70788331,0.0,0.0,0.0,0.0,-0.0,4491899.178913732,0.1297069431093169,929789.9133444384,0.0,0.0,529430.0193867926,330.10775359701313,41946.45198758362
Guizhou,False,0.2,3.0,24.0,S2,126106439.65573037,0.0,0.0,0.0,0.0,-0.0,4480805.285322584,0.048287941646405604,958617.0434548629,0.0,0.0,529430.0193867926,330.10775359701313,41946.45198758362
Guizhou,False,0.2,3.0,24.0,S1rt,126253165.98427695,0.0,0.0,0.0,0.0,-0.0,4486223.576816717,0.05445936584681902,959484.2885406902,0.0,0.0,529430.0193867926,330.10775359701313,41946.45198758362
Guizhou,False,0.2,3.0,24.0,S3,126602105.13661218,0.0,0.0,0.0,0.0,-0.0,4499341.953490245,0.09309577291181027,954058.2789795217,0.0,0.0,529430.0193867926,330.10775359701313,41946.45198758362
