province,export,ai_share,W,case,total_cost,investment,new_coal,new_ocgt,new_batt_mw,emissions_t,curtail_rate,ai_mwh,export_mwh,import_mwh
Gansu,True,0.05,6,NOAI,147963758.5480307,0.0,0.0,0.0,-0.0,5264962.168443723,0.0,0.0,1773854.1949835652,0.0
Gansu,True,0.05,6,S0,151817914.077996,0.0,0.0,0.0,-0.0,5393000.758818234,0.0,128112.18222058451,1645873.103668881,0.0
Gansu,True,0.05,6,S0b,150576035.7886399,0.0,0.0,0.0,-0.0,5351748.376548257,0.0,86834.7833452319,1687150.5025442336,0.0
Gansu,True,0.05,6,S1,150655646.48786995,0.0,0.0,0.0,-0.0,5354392.863552799,0.0,89480.87404109344,1684504.4118483723,0.0
Gansu,True,0.05,6,S2,150523538.117435,0.0,0.0,0.0,-0.0,5350004.522887728,0.0,85089.87216276416,1688895.4137267016,0.0
Gansu,True,0.05,24,NOAI,147963758.5480307,0.0,0.0,0.0,-0.0,5264962.168443723,0.0,0.0,1773854.1949835652,0.0
Gansu,True,0.05,24,S0,151817914.077996,0.0,0.0,0.0,-0.0,5393000.758818234,0.0,128112.18222058451,1645873.103668881,0.0
Gansu,True,0.05,24,S0b,150576035.78863987,0.0,0.0,0.0,-0.0,5351748.376548258,0.0,86834.7833452319,1687150.5025442336,0.0
Gansu,True,0.05,24,S1,150655646.48786998,0.0,0.0,0.0,-0.0,5354392.863552802,0.0,89480.87404109344,1684504.4118483723,0.0
Gansu,True,0.05,24,S2,150523538.1174351,0.0,0.0,0.0,-0.0,5350004.522887728,0.0,85089.87216276415,1688895.4137267014,0.0
Gansu,True,0.05,72,NOAI,147963758.5480307,0.0,0.0,0.0,-0.0,5264962.168443723,0.0,0.0,1773854.1949835652,0.0
Gansu,True,0.05,72,S0,151817914.077996,0.0,0.0,0.0,-0.0,5393000.758818234,0.0,128112.18222058451,1645873.103668881,0.0
Gansu,True,0.05,72,S0b,150576035.7886399,0.0,0.0,0.0,-0.0,5351748.376548257,0.0,86834.7833452319,1687150.5025442336,0.0
Gansu,True,0.05,72,S1,150655646.48786995,0.0,0.0,0.0,-0.0,5354392.8635528,0.0,89480.87404109344,1684504.4118483723,0.0
Gansu,True,0.05,72,S2,150523538.1174348,0.0,0.0,0.0,-0.0,5350004.522887726,0.0,85089.87216276415,1688895.4137267016,0.0
Gansu,True,0.2,6,NOAI,147963758.5480307,0.0,0.0,0.0,-0.0,5264962.168443723,0.0,0.0,1773854.1949835652,0.0
Gansu,True,0.2,6,S0,163381123.63358676,0.0,0.0,0.0,-0.0,5777104.374239586,0.0,512448.72888233804,1261536.557007128,0.0
Gansu,True,0.2,6,S0b,158413610.4761616,0.0,0.0,0.0,-0.0,5612094.845159703,0.0,347339.1333809276,1426646.152508538,0.0
Gansu,True,0.2,6,S1,158732053.27308095,0.0,0.0,0.0,-0.0,5622672.793177829,0.0,357923.4961643737,1416061.789725092,0.0
Gansu,True,0.2,6,S2,158203619.79134056,0.0,0.0,0.0,-0.0,5605119.430517548,0.0,340359.4886510566,1433625.7972384093,0.0
Gansu,True,0.2,24,NOAI,147963758.5480307,0.0,0.0,0.0,-0.0,5264962.168443723,0.0,0.0,1773854.1949835652,0.0
Gansu,True,0.2,24,S0,163381123.63358676,0.0,0.0,0.0,-0.0,5777104.374239586,0.0,512448.72888233804,1261536.557007128,0.0
Gansu,True,0.2,24,S0b,158413610.4761616,0.0,0.0,0.0,-0.0,5612094.845159703,0.0,347339.1333809276,1426646.1525085382,0.0
Gansu,True,0.2,24,S1,158732053.27308106,0.0,0.0,0.0,-0.0,5622672.793177828,0.0,357923.49616437376,1416061.789725092,0.0
Gansu,True,0.2,24,S2,158203619.79134065,0.0,0.0,0.0,-0.0,5605119.430517539,0.0,340359.4886510566,1433625.7972384093,0.0
Gansu,True,0.2,72,NOAI,147963758.5480307,0.0,0.0,0.0,-0.0,5264962.168443723,0.0,0.0,1773854.1949835652,0.0
Gansu,True,0.2,72,S0,163381123.63358676,0.0,0.0,0.0,-0.0,5777104.374239586,0.0,512448.72888233804,1261536.557007128,0.0
Gansu,True,0.2,72,S0b,158413610.4761616,0.0,0.0,0.0,-0.0,5612094.845159703,0.0,347339.1333809276,1426646.152508538,0.0
Gansu,True,0.2,72,S1,158732053.273081,0.0,0.0,0.0,-0.0,5622672.793177828,0.0,357923.49616437376,1416061.789725092,0.0
Gansu,True,0.2,72,S2,158203619.79134068,0.0,0.0,0.0,-0.0,5605119.430517543,0.0,340359.4886510566,1433625.797238409,0.0
Gansu,False,0.05,6,NOAI,151314900.77933595,0.0,0.0,0.0,0.0,5210133.947871386,0.0,0.0,0.0,0.0
Gansu,False,0.05,6,S0,154927276.09922245,0.0,0.0,0.0,-0.0,5342128.317431988,0.0,128112.18222058451,0.0,0.0
Gansu,False,0.05,6,S0b,153763378.53396404,0.0,0.0,0.0,-0.0,5299600.088287686,0.0,86834.78334523192,0.0,0.0
Gansu,False,0.05,6,S1,153837990.2731307,0.0,0.0,0.0,-0.0,5302326.363550087,0.0,89480.87404109343,0.0,0.0
Gansu,False,0.05,6,S2,153714177.32622832,0.0,0.0,0.0,0.0,5297802.301008782,0.0,85089.87216276415,0.0,0.0
Gansu,False,0.05,24,NOAI,151314900.77933595,0.0,0.0,0.0,0.0,5210133.947871386,0.0,0.0,0.0,0.0
Gansu,False,0.05,24,S0,154927276.09922245,0.0,0.0,0.0,-0.0,5342128.317431988,0.0,128112.18222058451,0.0,0.0
Gansu,False,0.05,24,S0b,153763378.53396404,0.0,0.0,0.0,-0.0,5299600.088287686,0.0,86834.7833452319,0.0,0.0
Gansu,False,0.05,24,S1,153837990.2731307,0.0,0.0,0.0,-0.0,5302326.3635500865,0.0,89480.87404109344,0.0,0.0
Gansu,False,0.05,24,S2,153714177.32622832,0.0,0.0,0.0,0.0,5297802.301008777,0.0,85089.87216276415,0.0,0.0
Gansu,False,0.05,72,NOAI,151314900.77933595,0.0,0.0,0.0,0.0,5210133.947871386,0.0,0.0,0.0,0.0
Gansu,False,0.05,72,S0,154927276.09922245,0.0,0.0,0.0,-0.0,5342128.317431988,0.0,128112.18222058451,0.0,0.0
Gansu,False,0.05,72,S0b,153763378.53396404,0.0,0.0,0.0,-0.0,5299600.088287686,0.0,86834.7833452319,0.0,0.0
Gansu,False,0.05,72,S1,153837990.2731307,0.0,0.0,0.0,-0.0,5302326.3635500865,0.0,89480.87404109344,0.0,0.0
Gansu,False,0.05,72,S2,153714177.32622832,0.0,0.0,0.0,0.0,5297802.301008777,0.0,85089.87216276415,0.0,0.0
Gansu,False,0.2,6,NOAI,151314900.77933595,0.0,0.0,0.0,0.0,5210133.947871386,0.0,0.0,0.0,0.0
Gansu,False,0.2,6,S0,165764402.0588819,0.0,0.0,0.0,-0.0,5738111.426113792,0.0,512448.72888233804,0.0,0.0
Gansu,False,0.2,6,S0b,161108811.79784963,0.0,0.0,0.0,-0.0,5567998.509536583,0.0,347339.13338092767,0.0,0.0
Gansu,False,0.2,6,S1,161407258.75451612,0.0,0.0,0.0,-0.0,5578903.610586191,0.0,357923.49616437376,0.0,0.0
Gansu,False,0.2,6,S2,160912006.96690583,0.0,0.0,0.0,-0.0,5560807.3604209535,0.0,340359.48865105666,0.0,0.0
Gansu,False,0.2,24,NOAI,151314900.77933595,0.0,0.0,0.0,0.0,5210133.947871386,0.0,0.0,0.0,0.0
Gansu,False,0.2,24,S0,165764402.0588819,0.0,0.0,0.0,-0.0,5738111.426113792,0.0,512448.72888233804,0.0,0.0
Gansu,False,0.2,24,S0b,161108811.79784963,0.0,0.0,0.0,-0.0,5567998.509536583,0.0,347339.1333809276,0.0,0.0
Gansu,False,0.2,24,S1,161407258.75451615,0.0,0.0,0.0,-0.0,5578903.610586191,0.0,357923.49616437376,0.0,0.0
Gansu,False,0.2,24,S2,160912006.96690586,0.0,0.0,0.0,-0.0,5560807.360420953,0.0,340359.48865105654,0.0,0.0
Gansu,False,0.2,72,NOAI,151314900.77933595,0.0,0.0,0.0,0.0,5210133.947871386,0.0,0.0,0.0,0.0
Gansu,False,0.2,72,S0,165764402.0588819,0.0,0.0,0.0,-0.0,5738111.426113792,0.0,512448.72888233804,0.0,0.0
Gansu,False,0.2,72,S0b,161108811.79784963,0.0,0.0,0.0,-0.0,5567998.509536583,0.0,347339.1333809276,0.0,0.0
Gansu,False,0.2,72,S1,161407258.7545162,0.0,0.0,0.0,-0.0,5578903.610586191,0.0,357923.49616437376,0.0,0.0
Gansu,False,0.2,72,S2,160912006.96690595,0.0,0.0,0.0,-0.0,5560807.360420951,0.0,340359.48865105666,0.0,0.0
Jiangsu,True,0.05,6,NOAI,438159953.800638,0.0,0.0,0.0,0.0,15508429.966979371,0.0,0.0,3878346.419121827,0.0
Jiangsu,True,0.05,6,S0,458641502.25738585,0.0,0.0,0.0,-0.0,16239819.814161578,0.0,714980.1681522322,3708286.8503343537,0.0
Jiangsu,True,0.05,6,S0b,452027864.37621486,0.0,0.0,0.0,-0.0,16004405.844330272,0.0,484615.49027974484,3770775.12801247,0.0
Jiangsu,True,0.05,6,S1,452434610.27197045,0.0,0.0,0.0,-0.0,16019778.841800269,0.0,499383.0349260113,3775885.322656393,0.0
Jiangsu,True,0.05,6,S2,451729648.6304638,0.0,0.0,0.0,-0.0,15994759.186713345,0.0,474877.3305744997,3783282.705090437,0.0
Jiangsu,True,0.05,24,NOAI,438159953.800638,0.0,0.0,0.0,0.0,15508429.966979371,0.0,0.0,3878346.419121827,0.0
Jiangsu,True,0.05,24,S0,458641502.25738585,0.0,0.0,0.0,-0.0,16239819.814161578,0.0,714980.1681522322,3708286.8503343537,0.0
Jiangsu,True,0.05,24,S0b,452027864.37621486,0.0,0.0,0.0,-0.0,16004405.844330272,0.0,484615.49027974484,3770775.12801247,0.0
Jiangsu,True,0.05,24,S1,452434514.46531177,0.0,0.0,0.0,-0.0,16019780.409298224,0.0,499383.0349260113,3775936.035825668,0.0
Jiangsu,True,0.05,24,S2,451729648.6304635,0.0,0.0,0.0,-0.0,15994759.186713355,0.0,474877.3305744997,3783282.705090437,0.0
Jiangsu,True,0.05,72,NOAI,438159953.800638,0.0,0.0,0.0,0.0,15508429.966979371,0.0,0.0,3878346.419121827,0.0
Jiangsu,True,0.05,72,S0,458641502.25738585,0.0,0.0,0.0,-0.0,16239819.814161578,0.0,714980.1681522322,3708286.8503343537,0.0
Jiangsu,True,0.05,72,S0b,452027864.37621486,0.0,0.0,0.0,-0.0,16004405.844330272,0.0,484615.49027974484,3770775.12801247,0.0
Jiangsu,True,0.05,72,S1,452434610.27197057,0.0,0.0,0.0,-0.0,16019778.841800265,0.0,499383.0349260113,3775885.322656393,0.0
Jiangsu,True,0.05,72,S2,451729648.63046336,0.0,0.0,0.0,-0.0,15994759.186713353,0.0,474877.3305744997,3783282.705090437,0.0
Jiangsu,True,0.2,6,NOAI,438159953.800638,0.0,0.0,0.0,0.0,15508429.966979371,0.0,0.0,3878346.419121827,0.0
Jiangsu,True,0.2,6,S0,520964585.10632545,0.0,0.0,0.0,-0.0,18425148.120386485,0.0,2859920.6726089288,2851210.123897697,60858.05378182113
Jiangsu,True,0.2,6,S0b,493985289.5305027,0.0,0.0,0.0,-0.0,17486807.930766866,0.0,1938461.9611189794,3266418.9895332707,2874.6128655031503
Jiangsu,True,0.2,6,S1,495670581.54852134,0.0,0.0,0.0,-0.0,17547638.643409256,0.0,1997532.1397040451,3262244.7474868,6095.369917647824
Jiangsu,True,0.2,6,S2,492822890.70743626,0.0,0.0,0.0,-0.0,17447461.622702397,0.0,1899509.3222979987,3294746.106110667,0.0
Jiangsu,True,0.2,24,NOAI,438159953.800638,0.0,0.0,0.0,0.0,15508429.966979371,0.0,0.0,3878346.419121827,0.0
Jiangsu,True,0.2,24,S0,520964585.10632545,0.0,0.0,0.0,-0.0,18425148.120386485,0.0,2859920.6726089288,2851210.123897697,60858.05378182113
Jiangsu,True,0.2,24,S0b,493985289.5305027,0.0,0.0,0.0,-0.0,17486807.930766866,0.0,1938461.9611189794,3266418.9895332707,2874.6128655031494
Jiangsu,True,0.2,24,S1,495672836.6669225,0.0,0.0,0.0,-0.0,17547598.933248628,0.0,1997532.1397040451,3260990.9705767427,6064.406336587152
Jiangsu,True,0.2,24,S2,492822890.7074364,0.0,0.0,0.0,-0.0,17447461.622702405,0.0,1899509.3222979987,3294746.106110667,0.0
Jiangsu,True,0.2,72,NOAI,438159953.800638,0.0,0.0,0.0,0.0,15508429.966979371,0.0,0.0,3878346.419121827,0.0
Jiangsu,True,0.2,72,S0,520964585.10632545,0.0,0.0,0.0,-0.0,18425148.120386485,0.0,2859920.6726089288,2851210.123897697,60858.05378182113
Jiangsu,True,0.2,72,S0b,493985289.5305027,0.0,0.0,0.0,-0.0,17486807.930766866,0.0,1938461.9611189794,3266418.98953327,2874.6128655031494
Jiangsu,True,0.2,72,S1,495670597.0561271,0.0,0.0,0.0,-0.0,17547638.389688473,0.0,1997532.1397040451,3262236.538873151,6095.3699176478285
Jiangsu,True,0.2,72,S2,492822890.7074362,0.0,0.0,0.0,-0.0,17447461.622702397,0.0,1899509.3222979987,3294746.106110667,0.0
Jiangsu,False,0.05,6,NOAI,445486875.3196117,0.0,0.0,0.0,0.0,15388553.804933693,0.0,0.0,0.0,0.0
Jiangsu,False,0.05,6,S0,465647149.4549339,0.0,0.0,0.0,-0.0,16125200.038787527,0.0,714980.1681522322,0.0,0.0
Jiangsu,False,0.05,6,S0b,459151563.6137121,0.0,0.0,0.0,-0.0,15887854.613100708,0.0,484615.49027974484,0.0,0.0
Jiangsu,False,0.05,6,S1,459567963.6226016,0.0,0.0,0.0,-0.0,15903069.659099894,0.0,499383.0349260112,0.0,0.0
Jiangsu,False,0.05,6,S2,458876977.0195993,0.0,0.0,0.0,-0.0,15877821.357646812,0.0,474877.3305744997,0.0,0.0
Jiangsu,False,0.05,24,NOAI,445486875.3196117,0.0,0.0,0.0,0.0,15388553.804933693,0.0,0.0,0.0,0.0
Jiangsu,False,0.05,24,S0,465647149.4549339,0.0,0.0,0.0,-0.0,16125200.038787527,0.0,714980.1681522322,0.0,0.0
Jiangsu,False,0.05,24,S0b,459151563.6137121,0.0,0.0,0.0,-0.0,15887854.613100708,0.0,484615.49027974484,0.0,0.0
Jiangsu,False,0.05,24,S1,459567963.6226016,0.0,0.0,0.0,-0.0,15903069.659099896,0.0,499383.03492601134,0.0,0.0
Jiangsu,False,0.05,24,S2,458876977.01959896,0.0,0.0,0.0,-0.0,15877821.357646812,0.0,474877.3305744997,0.0,0.0
Jiangsu,False,0.05,72,NOAI,445486875.3196117,0.0,0.0,0.0,0.0,15388553.804933693,0.0,0.0,0.0,0.0
Jiangsu,False,0.05,72,S0,465647149.4549339,0.0,0.0,0.0,-0.0,16125200.038787527,0.0,714980.1681522322,0.0,0.0
Jiangsu,False,0.05,72,S0b,459151563.6137121,0.0,0.0,0.0,-0.0,15887854.613100708,0.0,484615.49027974484,0.0,0.0
Jiangsu,False,0.05,72,S1,459567963.62260157,0.0,0.0,0.0,-0.0,15903069.659099896,0.0,499383.0349260113,0.0,0.0
Jiangsu,False,0.05,72,S2,458876977.0195991,0.0,0.0,0.0,-0.0,15877821.357646827,0.0,474877.3305744997,0.0,0.0
Jiangsu,False,0.2,6,NOAI,445486875.3196117,0.0,0.0,0.0,0.0,15388553.804933693,0.0,0.0,0.0,0.0
Jiangsu,False,0.2,6,S0,528653903.60339105,958444.9686241259,0.0,1241.2900754280126,-0.0,18303833.726320527,0.0,2859920.6726089288,0.0,0.0
Jiangsu,False,0.2,6,S0b,500219668.28806317,0.0,0.0,0.0,-0.0,17384278.354165815,0.0,1938461.9611189794,0.0,0.0
Jiangsu,False,0.2,6,S1,501968223.5574373,0.0,0.0,0.0,-0.0,17443481.80025467,0.0,1997532.1397040451,0.0,0.0
Jiangsu,False,0.2,6,S2,499047282.1195596,0.0,0.0,0.0,-0.0,17345624.01578637,0.0,1899509.3222979987,0.0,0.0
Jiangsu,False,0.2,24,NOAI,445486875.3196117,0.0,0.0,0.0,0.0,15388553.804933693,0.0,0.0,0.0,0.0
Jiangsu,False,0.2,24,S0,528653903.60339105,958444.9686241259,0.0,1241.2900754280126,-0.0,18303833.726320527,0.0,2859920.6726089288,0.0,0.0
Jiangsu,False,0.2,24,S0b,500219668.28806317,0.0,0.0,0.0,-0.0,17384278.354165815,0.0,1938461.9611189794,0.0,0.0
Jiangsu,False,0.2,24,S1,501967426.0458383,0.0,0.0,0.0,-0.0,17443497.727733113,0.0,1997532.1397040454,0.0,0.0
Jiangsu,False,0.2,24,S2,499047282.1195598,0.0,0.0,0.0,-0.0,17345624.015786365,0.0,1899509.3222979987,0.0,0.0
Jiangsu,False,0.2,72,NOAI,445486875.3196117,0.0,0.0,0.0,0.0,15388553.804933693,0.0,0.0,0.0,0.0
Jiangsu,False,0.2,72,S0,528653903.60339105,958444.9686241259,0.0,1241.2900754280126,-0.0,18303833.726320527,0.0,2859920.6726089288,0.0,0.0
Jiangsu,False,0.2,72,S0b,500219668.28806317,0.0,0.0,0.0,-0.0,17384278.354165815,0.0,1938461.9611189794,0.0,0.0
Jiangsu,False,0.2,72,S1,501968223.5574373,0.0,0.0,0.0,-0.0,17443481.800254665,0.0,1997532.1397040451,0.0,0.0
Jiangsu,False,0.2,72,S2,499047282.11956,0.0,0.0,0.0,-0.0,17345624.01578637,0.0,1899509.3222979987,0.0,0.0
Guizhou,True,0.05,6,NOAI,55737211.59441539,0.0,0.0,0.0,0.0,2029927.660566518,0.06588897060931023,0.0,1209600.0,0.0
Guizhou,True,0.05,6,S0,61128336.069928,0.0,0.0,0.0,-0.0,2226313.417615559,0.022582996489269674,203470.75843289812,1209600.0,0.0
Guizhou,True,0.05,6,S0b,59360204.71159317,0.0,0.0,0.0,-0.0,2161851.971864208,0.03267129737058044,137913.02996610623,1209600.0,0.0
Guizhou,True,0.05,6,S1,59445389.667745955,0.0,0.0,0.0,-0.0,2164899.9737029253,0.0284763513491435,142115.61297918885,1209600.0,0.0
Guizhou,True,0.05,6,S2,59244082.801410586,0.0,0.0,0.0,0.0,2157373.1970335282,0.016423640818268442,138385.06700391325,1209600.0,0.0
Guizhou,True,0.05,24,NOAI,55737211.59441539,0.0,0.0,0.0,0.0,2029927.660566518,0.06588897060931023,0.0,1209600.0,0.0
Guizhou,True,0.05,24,S0,61128336.069928,0.0,0.0,0.0,-0.0,2226313.417615559,0.022582996489269674,203470.75843289812,1209600.0,0.0
Guizhou,True,0.05,24,S0b,59360204.71159317,0.0,0.0,0.0,-0.0,2161851.971864208,0.03267129737058044,137913.02996610623,1209600.0,0.0
Guizhou,True,0.05,24,S1,59445389.66774595,0.0,0.0,0.0,-0.0,2164899.9737029243,0.0284763513491435,142115.61297918885,1209600.0,0.0
Guizhou,True,0.05,24,S2,59244082.80141053,0.0,0.0,0.0,-0.0,2157373.1970335282,0.016423640818268442,138385.06700391322,1209600.0,0.0
Guizhou,True,0.05,72,NOAI,55737211.59441539,0.0,0.0,0.0,0.0,2029927.660566518,0.06588897060931023,0.0,1209600.0,0.0
Guizhou,True,0.05,72,S0,61128336.06992799,0.0,0.0,0.0,-0.0,2226313.417615559,0.022582996489269674,203470.75843289812,1209600.0,0.0
Guizhou,True,0.05,72,S0b,59360204.71159317,0.0,0.0,0.0,-0.0,2161851.971864208,0.03267129737058044,137913.02996610623,1209600.0,0.0
Guizhou,True,0.05,72,S1,59445389.66774595,0.0,0.0,0.0,-0.0,2164899.9737029253,0.0284763513491435,142115.61297918885,1209600.0,0.0
Guizhou,True,0.05,72,S2,59244082.8014105,0.0,0.0,0.0,-0.0,2157373.1970335282,0.016423640818268442,138385.06700391325,1209600.0,0.0
Guizhou,True,0.2,6,NOAI,55737211.59441539,0.0,0.0,0.0,0.0,2029927.660566518,0.06588897060931023,0.0,1209600.0,0.0
Guizhou,True,0.2,6,S0,78160919.08546698,0.0,0.0,0.0,-0.0,2848321.904121498,0.0,813883.0337315925,1209600.0,0.0
Guizhou,True,0.2,6,S0b,70774249.56928407,0.0,0.0,0.0,-0.0,2578432.02109881,0.0009405493739255638,551652.1198644249,1209600.0,0.0
Guizhou,True,0.2,6,S1,71240877.25476289,0.0,0.0,0.0,-0.0,2595467.224698829,9.4562092847575e-06,568462.4519167554,1209600.0,0.0
Guizhou,True,0.2,6,S2,70454283.78928673,0.0,0.0,0.0,-0.0,2566725.343057426,0.0,540568.7244635178,1209600.0,0.0
Guizhou,True,0.2,24,NOAI,55737211.59441539,0.0,0.0,0.0,0.0,2029927.660566518,0.06588897060931023,0.0,1209600.0,0.0
Guizhou,True,0.2,24,S0,78160919.08546698,0.0,0.0,0.0,-0.0,2848321.904121498,0.0,813883.0337315925,1209600.0,0.0
Guizhou,True,0.2,24,S0b,70774249.56928407,0.0,0.0,0.0,-0.0,2578432.02109881,0.0009405493739255638,551652.1198644249,1209600.0,0.0
Guizhou,True,0.2,24,S1,71240877.25476292,0.0,0.0,0.0,-0.0,2595467.224698829,9.4562092847575e-06,568462.4519167554,1209600.0,0.0
Guizhou,True,0.2,24,S2,70454283.78928669,0.0,0.0,0.0,-0.0,2566725.343057426,0.0,540568.7244635178,1209600.0,0.0
Guizhou,True,0.2,72,NOAI,55737211.59441539,0.0,0.0,0.0,0.0,2029927.660566518,0.06588897060931023,0.0,1209600.0,0.0
Guizhou,True,0.2,72,S0,78160919.08546698,0.0,0.0,0.0,-0.0,2848321.904121498,0.0,813883.0337315925,1209600.0,0.0
Guizhou,True,0.2,72,S0b,70774249.56928405,0.0,0.0,0.0,-0.0,2578432.02109881,0.0009405493739255646,551652.1198644249,1209600.0,0.0
Guizhou,True,0.2,72,S1,71240877.25476293,0.0,0.0,0.0,-0.0,2595467.22469883,9.4562092847575e-06,568462.4519167554,1209600.0,0.0
Guizhou,True,0.2,72,S2,70454283.78928675,0.0,0.0,0.0,-0.0,2566725.343057427,0.0,540568.7244635179,1209600.0,0.0
Guizhou,False,0.05,6,NOAI,64459649.69038804,0.0,0.0,0.0,0.0,2230262.65179078,0.39670746312770766,0.0,0.0,0.0
Guizhou,False,0.05,6,S0,68764542.67229687,0.0,0.0,0.0,-0.0,2387530.8447937034,0.3749276032162548,203470.75843289812,0.0,0.0
Guizhou,False,0.05,6,S0b,67376237.11907671,0.0,0.0,0.0,-0.0,2336831.811310041,0.3856078692754845,137913.02996610623,0.0,0.0
Guizhou,False,0.05,6,S1,67465129.65273726,0.0,0.0,0.0,-0.0,2340079.26182015,0.38798545137053686,142115.61297918885,0.0,0.0
Guizhou,False,0.05,6,S2,67317601.09605914,0.0,0.0,0.0,0.0,2334690.345517331,0.3929513840294235,137400.77069762567,0.0,0.0
Guizhou,False,0.05,24,NOAI,64459649.69038804,0.0,0.0,0.0,0.0,2230262.65179078,0.39670746312770766,0.0,0.0,0.0
Guizhou,False,0.05,24,S0,68764542.67229687,0.0,0.0,0.0,-0.0,2387530.8447937034,0.3749276032162548,203470.75843289812,0.0,0.0
Guizhou,False,0.05,24,S0b,67376237.11907671,0.0,0.0,0.0,-0.0,2336831.8113100417,0.3856078692754845,137913.02996610623,0.0,0.0
Guizhou,False,0.05,24,S1,67465129.98176028,0.0,0.0,0.0,-0.0,2340079.2618201496,0.3878745204499737,142115.61297918885,0.0,0.0
Guizhou,False,0.05,24,S2,67317601.09605916,0.0,0.0,0.0,-0.0,2334690.3455173303,0.3929513840294235,138291.033402434,0.0,0.0
Guizhou,False,0.05,72,NOAI,64459649.69038804,0.0,0.0,0.0,0.0,2230262.65179078,0.39670746312770766,0.0,0.0,0.0
Guizhou,False,0.05,72,S0,68764542.67229687,0.0,0.0,0.0,-0.0,2387530.8447937034,0.3749276032162548,203470.75843289812,0.0,0.0
Guizhou,False,0.05,72,S0b,67376237.11907671,0.0,0.0,0.0,-0.0,2336831.811310041,0.3856078692754845,137913.02996610623,0.0,0.0
Guizhou,False,0.05,72,S1,67465129.26090765,0.0,0.0,0.0,-0.0,2340079.26182015,0.388117557676721,142115.61297918885,0.0,0.0
Guizhou,False,0.05,72,S2,67317601.09605914,0.0,0.0,0.0,-0.0,2334690.3455173303,0.3929513840294235,138235.3604458854,0.0,0.0
Guizhou,False,0.2,6,NOAI,64459649.69038804,0.0,0.0,0.0,0.0,2230262.65179078,0.39670746312770766,0.0,0.0,0.0
Guizhou,False,0.2,6,S0,82385723.81107958,0.0,0.0,0.0,-0.0,2884022.0827887547,0.18006343170151182,813883.0337315925,0.0,0.0
Guizhou,False,0.2,6,S0b,76356536.77501409,0.0,0.0,0.0,-0.0,2664433.152829389,0.27118573998969125,551652.1198644249,0.0,0.0
Guizhou,False,0.2,6,S1,76602672.09469521,0.0,0.0,0.0,-0.0,2673603.271356695,0.28395336438076585,568462.4519167554,0.0,0.0
Guizhou,False,0.2,6,S2,75966240.11515623,0.0,0.0,0.0,-0.0,2650594.260662344,0.2786511869350279,567567.5679447475,0.0,0.0
Guizhou,False,0.2,24,NOAI,64459649.69038804,0.0,0.0,0.0,0.0,2230262.65179078,0.39670746312770766,0.0,0.0,0.0
Guizhou,False,0.2,24,S0,82385723.81107958,0.0,0.0,0.0,-0.0,2884022.082788755,0.18006343170151182,813883.0337315925,0.0,0.0
Guizhou,False,0.2,24,S0b,76356536.77501409,0.0,0.0,0.0,-0.0,2664433.152829389,0.27118573998969125,551652.1198644249,0.0,0.0
Guizhou,False,0.2,24,S1,76605128.97852893,0.0,0.0,0.0,-0.0,2673698.0886669615,0.2842636409354076,568462.4519167554,0.0,0.0
Guizhou,False,0.2,24,S2,75966238.05573653,0.0,0.0,0.0,-0.0,2650594.260662342,0.2793455253201689,567105.4273589043,0.0,0.0
Guizhou,False,0.2,72,NOAI,64459649.69038804,0.0,0.0,0.0,0.0,2230262.65179078,0.39670746312770766,0.0,0.0,0.0
Guizhou,False,0.2,72,S0,82385723.81107958,0.0,0.0,0.0,-0.0,2884022.0827887547,0.18006343170151182,813883.0337315925,0.0,0.0
Guizhou,False,0.2,72,S0b,76356536.77501409,0.0,0.0,0.0,-0.0,2664433.152829389,0.27118573998969125,551652.1198644249,0.0,0.0
Guizhou,False,0.2,72,S1,76599962.19893509,0.0,0.0,0.0,-0.0,2673499.7927540382,0.28361474494280686,568462.4519167554,0.0,0.0
Guizhou,False,0.2,72,S2,75966238.05573651,0.0,0.0,0.0,-0.0,2650594.260662342,0.2793455253201689,567105.4273589044,0.0,0.0
