GEM unit/phase ID,province_source_label,Plant / Project name,Unit / Phase name,capacity_numeric_MW,Status,Start year,Retired year,Technology,Fuel,CHP,Captive Industry Type,Captive Industry Use,Captive Non Industry Use,candidate_category,legacy_mapping,admission,stage34_event_refs,stage34_correspondence,stage34_original_fields_changed,stage34_dispatch_admitted
G100001017684,Jiangsu,Changzhou Zhongtian Iron & Steel power station,Unit 3,135.0,operating,2019,,steam turbine,industrial by-product: blast furnace gas,not found,iron & steel,power,,INDUSTRIAL_BYPRODUCT_REQUIRES_PROCESS_AND_EXPORT_BOUNDARY,OCGT_natural_gas_parameters,CANDIDATE_ONLY_NOT_OPERATIONALLY_VALIDATED,,not_reviewed_this_stage,false,false
G100000405757,Jiangsu,China Resources Changzhou Zhonglou Distributed Energy Station,1,54.0,operating,2019,,combined cycle,fossil gas: natural gas,yes,,,,CCGT_FOSSIL_GAS_REQUIRES_HEAT_AND_OPERATION_DATA,OCGT_natural_gas_parameters,CANDIDATE_ONLY_NOT_OPERATIONALLY_VALIDATED,,not_reviewed_this_stage,false,false
G100000405758,Jiangsu,China Resources Changzhou Zhonglou Distributed Energy Station,2,54.0,operating,2019,,combined cycle,fossil gas: natural gas,yes,,,,CCGT_FOSSIL_GAS_REQUIRES_HEAT_AND_OPERATION_DATA,OCGT_natural_gas_parameters,CANDIDATE_ONLY_NOT_OPERATIONALLY_VALIDATED,,not_reviewed_this_stage,false,false
G100000405489,Jiangsu,CNOOC Funing Thermal power station,1,100.0,operating,2022,,combined cycle,fossil gas: natural gas,yes,,,,CCGT_FOSSIL_GAS_REQUIRES_HEAT_AND_OPERATION_DATA,OCGT_natural_gas_parameters,CANDIDATE_ONLY_NOT_OPERATIONALLY_VALIDATED,,not_reviewed_this_stage,false,false
G100000405490,Jiangsu,CNOOC Funing Thermal power station,2,100.0,operating,2022,,combined cycle,fossil gas: natural gas,yes,,,,CCGT_FOSSIL_GAS_REQUIRES_HEAT_AND_OPERATION_DATA,OCGT_natural_gas_parameters,CANDIDATE_ONLY_NOT_OPERATIONALLY_VALIDATED,,not_reviewed_this_stage,false,false
G100000412495,Jiangsu,CNOOC Jiangsu Funing power station,1,100.0,operating,2022,,combined cycle,fossil gas: natural gas,yes,,,,CCGT_FOSSIL_GAS_REQUIRES_HEAT_AND_OPERATION_DATA,OCGT_natural_gas_parameters,CANDIDATE_ONLY_NOT_OPERATIONALLY_VALIDATED,,not_reviewed_this_stage,false,false
G100000412494,Jiangsu,CNOOC Jiangsu Funing power station,2,100.0,operating,2022,,combined cycle,fossil gas: natural gas,yes,,,,CCGT_FOSSIL_GAS_REQUIRES_HEAT_AND_OPERATION_DATA,OCGT_natural_gas_parameters,CANDIDATE_ONLY_NOT_OPERATIONALLY_VALIDATED,,not_reviewed_this_stage,false,false
G100000405497,Jiangsu,Danyang Huahai Gas Thermal power station,1,100.0,operating,2023,,combined cycle,fossil gas: natural gas,yes,,,,CCGT_FOSSIL_GAS_REQUIRES_HEAT_AND_OPERATION_DATA,OCGT_natural_gas_parameters,CANDIDATE_ONLY_NOT_OPERATIONALLY_VALIDATED,,not_reviewed_this_stage,false,false
G100000405498,Jiangsu,Danyang Huahai Gas Thermal power station,2,100.0,operating,2023,,combined cycle,fossil gas: natural gas,yes,,,,CCGT_FOSSIL_GAS_REQUIRES_HEAT_AND_OPERATION_DATA,OCGT_natural_gas_parameters,CANDIDATE_ONLY_NOT_OPERATIONALLY_VALIDATED,,not_reviewed_this_stage,false,false
G100000405582,Jiangsu,Datang Jiangyan Gas Thermal power station,1,180.0,operating,2017,,combined cycle,fossil gas: natural gas,yes,,,,CCGT_FOSSIL_GAS_REQUIRES_HEAT_AND_OPERATION_DATA,OCGT_natural_gas_parameters,CANDIDATE_ONLY_NOT_OPERATIONALLY_VALIDATED,,not_reviewed_this_stage,false,false
G100000405583,Jiangsu,Datang Jiangyan Gas Thermal power station,2,180.0,operating,2017,,combined cycle,fossil gas: natural gas,yes,,,,CCGT_FOSSIL_GAS_REQUIRES_HEAT_AND_OPERATION_DATA,OCGT_natural_gas_parameters,CANDIDATE_ONLY_NOT_OPERATIONALLY_VALIDATED,,not_reviewed_this_stage,false,false
G100000405584,Jiangsu,Datang Jintan Gas Thermal power station,1,459.0,operating,2019,,combined cycle,fossil gas: natural gas,yes,,,,CCGT_FOSSIL_GAS_REQUIRES_HEAT_AND_OPERATION_DATA,OCGT_natural_gas_parameters,CANDIDATE_ONLY_NOT_OPERATIONALLY_VALIDATED,,not_reviewed_this_stage,false,false
G100000405585,Jiangsu,Datang Jintan Gas Thermal power station,2,459.0,operating,2019,,combined cycle,fossil gas: natural gas,yes,,,,CCGT_FOSSIL_GAS_REQUIRES_HEAT_AND_OPERATION_DATA,OCGT_natural_gas_parameters,CANDIDATE_ONLY_NOT_OPERATIONALLY_VALIDATED,,not_reviewed_this_stage,false,false
G100000405588,Jiangsu,Datang Lishui Gas Thermal power station,1,100.0,operating,2021,,combined cycle,fossil gas: natural gas,yes,,,,CCGT_FOSSIL_GAS_REQUIRES_HEAT_AND_OPERATION_DATA,OCGT_natural_gas_parameters,CANDIDATE_ONLY_NOT_OPERATIONALLY_VALIDATED,,not_reviewed_this_stage,false,false
G100000405589,Jiangsu,Datang Lishui Gas Thermal power station,2,100.0,operating,2021,,combined cycle,fossil gas: natural gas,yes,,,,CCGT_FOSSIL_GAS_REQUIRES_HEAT_AND_OPERATION_DATA,OCGT_natural_gas_parameters,CANDIDATE_ONLY_NOT_OPERATIONALLY_VALIDATED,,not_reviewed_this_stage,false,false
G100000405580,Jiangsu,Datang Suzhou Gas Thermal power station,1,200.0,operating,2013,,combined cycle,fossil gas: natural gas,yes,,,,CCGT_FOSSIL_GAS_REQUIRES_HEAT_AND_OPERATION_DATA,OCGT_natural_gas_parameters,CANDIDATE_ONLY_NOT_OPERATIONALLY_VALIDATED,,not_reviewed_this_stage,false,false
G100000405581,Jiangsu,Datang Suzhou Gas Thermal power station,2,200.0,operating,2013,,combined cycle,fossil gas: natural gas,yes,,,,CCGT_FOSSIL_GAS_REQUIRES_HEAT_AND_OPERATION_DATA,OCGT_natural_gas_parameters,CANDIDATE_ONLY_NOT_OPERATIONALLY_VALIDATED,,not_reviewed_this_stage,false,false
G100000405483,Jiangsu,East Asia Power Wuxi Gas power station,2025-01-01 00:00:00,400.0,operating,2018,,combined cycle,fossil gas: natural gas,not found,,,,CCGT_FOSSIL_GAS_REQUIRES_HEAT_AND_OPERATION_DATA,OCGT_natural_gas_parameters,CANDIDATE_ONLY_NOT_OPERATIONALLY_VALIDATED,wuxi_original_proposal;wuxi_reserve_expansion,plant_or_capacity_group_candidate_only,false,false
G100000405484,Jiangsu,East Asia Power Wuxi Gas power station,2025-02-01 00:00:00,400.0,operating,2019,,combined cycle,fossil gas: natural gas,not found,,,,CCGT_FOSSIL_GAS_REQUIRES_HEAT_AND_OPERATION_DATA,OCGT_natural_gas_parameters,CANDIDATE_ONLY_NOT_OPERATIONALLY_VALIDATED,wuxi_original_proposal;wuxi_reserve_expansion,plant_or_capacity_group_candidate_only,false,false
G100000405553,Jiangsu,GCL Gaochun Gas Thermal power station,1,100.0,operating,2023,,combined cycle,fossil gas: natural gas,yes,,,,CCGT_FOSSIL_GAS_REQUIRES_HEAT_AND_OPERATION_DATA,OCGT_natural_gas_parameters,CANDIDATE_ONLY_NOT_OPERATIONALLY_VALIDATED,,not_reviewed_this_stage,false,false
G100000405554,Jiangsu,GCL Gaochun Gas Thermal power station,2,100.0,operating,2023,,combined cycle,fossil gas: natural gas,yes,,,,CCGT_FOSSIL_GAS_REQUIRES_HEAT_AND_OPERATION_DATA,OCGT_natural_gas_parameters,CANDIDATE_ONLY_NOT_OPERATIONALLY_VALIDATED,,not_reviewed_this_stage,false,false
G100000405547,Jiangsu,GCL Kunshan Lantian Distributed Gas power station,1,60.0,operating,2018,,combined cycle,fossil gas: natural gas,yes,,,,CCGT_FOSSIL_GAS_REQUIRES_HEAT_AND_OPERATION_DATA,OCGT_natural_gas_parameters,CANDIDATE_ONLY_NOT_OPERATIONALLY_VALIDATED,,not_reviewed_this_stage,false,false
G100000405548,Jiangsu,GCL Kunshan Lantian Distributed Gas power station,2,60.0,operating,2018,,combined cycle,fossil gas: natural gas,yes,,,,CCGT_FOSSIL_GAS_REQUIRES_HEAT_AND_OPERATION_DATA,OCGT_natural_gas_parameters,CANDIDATE_ONLY_NOT_OPERATIONALLY_VALIDATED,,not_reviewed_this_stage,false,false
G100000405543,Jiangsu,GCL Nanjing Lantian Gas Thermal power station,1,200.0,operating,2018,,combined cycle,fossil gas: natural gas,yes,,,,CCGT_FOSSIL_GAS_REQUIRES_HEAT_AND_OPERATION_DATA,OCGT_natural_gas_parameters,CANDIDATE_ONLY_NOT_OPERATIONALLY_VALIDATED,,not_reviewed_this_stage,false,false
G100000405544,Jiangsu,GCL Nanjing Lantian Gas Thermal power station,2,200.0,operating,2018,,combined cycle,fossil gas: natural gas,yes,,,,CCGT_FOSSIL_GAS_REQUIRES_HEAT_AND_OPERATION_DATA,OCGT_natural_gas_parameters,CANDIDATE_ONLY_NOT_OPERATIONALLY_VALIDATED,,not_reviewed_this_stage,false,false
G100000405551,Jiangsu,GCL Suzhou Economic Zone Lantian Gas Thermal power station,1,180.0,operating,2005,,combined cycle,fossil gas: natural gas,yes,,,,CCGT_FOSSIL_GAS_REQUIRES_HEAT_AND_OPERATION_DATA,OCGT_natural_gas_parameters,CANDIDATE_ONLY_NOT_OPERATIONALLY_VALIDATED,,not_reviewed_this_stage,false,false
G100000405552,Jiangsu,GCL Suzhou Economic Zone Lantian Gas Thermal power station,2,180.0,operating,2005,,combined cycle,fossil gas: natural gas,yes,,,,CCGT_FOSSIL_GAS_REQUIRES_HEAT_AND_OPERATION_DATA,OCGT_natural_gas_parameters,CANDIDATE_ONLY_NOT_OPERATIONALLY_VALIDATED,,not_reviewed_this_stage,false,false
G100000405549,Jiangsu,GCL Suzhou Economic Zone North Gas Thermal power station,1,180.0,operating,2013,,combined cycle,fossil gas: natural gas,yes,,,,CCGT_FOSSIL_GAS_REQUIRES_HEAT_AND_OPERATION_DATA,OCGT_natural_gas_parameters,CANDIDATE_ONLY_NOT_OPERATIONALLY_VALIDATED,,not_reviewed_this_stage,false,false
G100000405550,Jiangsu,GCL Suzhou Economic Zone North Gas Thermal power station,2,180.0,operating,2013,,combined cycle,fossil gas: natural gas,yes,,,,CCGT_FOSSIL_GAS_REQUIRES_HEAT_AND_OPERATION_DATA,OCGT_natural_gas_parameters,CANDIDATE_ONLY_NOT_OPERATIONALLY_VALIDATED,,not_reviewed_this_stage,false,false
G100000405545,Jiangsu,GCL Wuxi Lantian Gas Thermal power station,1,200.0,operating,2015,,combined cycle,fossil gas: natural gas,yes,,,,CCGT_FOSSIL_GAS_REQUIRES_HEAT_AND_OPERATION_DATA,OCGT_natural_gas_parameters,CANDIDATE_ONLY_NOT_OPERATIONALLY_VALIDATED,,not_reviewed_this_stage,false,false
G100000405546,Jiangsu,GCL Wuxi Lantian Gas Thermal power station,2,200.0,operating,2015,,combined cycle,fossil gas: natural gas,yes,,,,CCGT_FOSSIL_GAS_REQUIRES_HEAT_AND_OPERATION_DATA,OCGT_natural_gas_parameters,CANDIDATE_ONLY_NOT_OPERATIONALLY_VALIDATED,,not_reviewed_this_stage,false,false
G100000405572,Jiangsu,Guoxin Gaoyou Gas Thermal power station,1,100.0,operating,2017,,combined cycle,fossil gas: natural gas,yes,,,,CCGT_FOSSIL_GAS_REQUIRES_HEAT_AND_OPERATION_DATA,OCGT_natural_gas_parameters,CANDIDATE_ONLY_NOT_OPERATIONALLY_VALIDATED,,not_reviewed_this_stage,false,false
G100000405573,Jiangsu,Guoxin Gaoyou Gas Thermal power station,2,100.0,operating,2017,,combined cycle,fossil gas: natural gas,yes,,,,CCGT_FOSSIL_GAS_REQUIRES_HEAT_AND_OPERATION_DATA,OCGT_natural_gas_parameters,CANDIDATE_ONLY_NOT_OPERATIONALLY_VALIDATED,,not_reviewed_this_stage,false,false
G100000405564,Jiangsu,Guoxin Huai'an Gas Thermal power station,1,180.0,operating,2017,,combined cycle,fossil gas: natural gas,yes,,,,CCGT_FOSSIL_GAS_REQUIRES_HEAT_AND_OPERATION_DATA,OCGT_natural_gas_parameters,CANDIDATE_ONLY_NOT_OPERATIONALLY_VALIDATED,,not_reviewed_this_stage,false,false
G100000405565,Jiangsu,Guoxin Huai'an Gas Thermal power station,2,180.0,operating,2017,,combined cycle,fossil gas: natural gas,yes,,,,CCGT_FOSSIL_GAS_REQUIRES_HEAT_AND_OPERATION_DATA,OCGT_natural_gas_parameters,CANDIDATE_ONLY_NOT_OPERATIONALLY_VALIDATED,,not_reviewed_this_stage,false,false
G100000405566,Jiangsu,Guoxin Huai'an No.2 Gas Thermal power station,1,460.0,operating,2017,,combined cycle,fossil gas: natural gas,yes,,,,CCGT_FOSSIL_GAS_REQUIRES_HEAT_AND_OPERATION_DATA,OCGT_natural_gas_parameters,CANDIDATE_ONLY_NOT_OPERATIONALLY_VALIDATED,,not_reviewed_this_stage,false,false
G100000405567,Jiangsu,Guoxin Huai'an No.2 Gas Thermal power station,2,460.0,operating,2017,,combined cycle,fossil gas: natural gas,yes,,,,CCGT_FOSSIL_GAS_REQUIRES_HEAT_AND_OPERATION_DATA,OCGT_natural_gas_parameters,CANDIDATE_ONLY_NOT_OPERATIONALLY_VALIDATED,,not_reviewed_this_stage,false,false
G100000405560,Jiangsu,Guoxin Yizheng Gas Thermal power station,1,100.0,operating,2018,,combined cycle,fossil gas: LNG,yes,,,,CCGT_FOSSIL_GAS_REQUIRES_HEAT_AND_OPERATION_DATA,OCGT_natural_gas_parameters,CANDIDATE_ONLY_NOT_OPERATIONALLY_VALIDATED,,not_reviewed_this_stage,false,false
G100000405561,Jiangsu,Guoxin Yizheng Gas Thermal power station,2,100.0,operating,2018,,combined cycle,fossil gas: LNG,yes,,,,CCGT_FOSSIL_GAS_REQUIRES_HEAT_AND_OPERATION_DATA,OCGT_natural_gas_parameters,CANDIDATE_ONLY_NOT_OPERATIONALLY_VALIDATED,,not_reviewed_this_stage,false,false
G100000405493,Jiangsu,Huachen Zhangjiagang Huaxing Gas power station,2025-01-01 00:00:00,390.0,operating,2005,,combined cycle,fossil gas: natural gas,not found,,,,CCGT_FOSSIL_GAS_REQUIRES_HEAT_AND_OPERATION_DATA,OCGT_natural_gas_parameters,CANDIDATE_ONLY_NOT_OPERATIONALLY_VALIDATED,,not_reviewed_this_stage,false,false
G100000405494,Jiangsu,Huachen Zhangjiagang Huaxing Gas power station,2025-02-01 00:00:00,390.0,operating,2006,,combined cycle,fossil gas: natural gas,not found,,,,CCGT_FOSSIL_GAS_REQUIRES_HEAT_AND_OPERATION_DATA,OCGT_natural_gas_parameters,CANDIDATE_ONLY_NOT_OPERATIONALLY_VALIDATED,,not_reviewed_this_stage,false,false
G100000405495,Jiangsu,Huachen Zhangjiagang Huaxing Gas power station,2025-01-02 00:00:00,400.0,operating,2021,,combined cycle,fossil gas: natural gas,yes,,,,CCGT_FOSSIL_GAS_REQUIRES_HEAT_AND_OPERATION_DATA,OCGT_natural_gas_parameters,CANDIDATE_ONLY_NOT_OPERATIONALLY_VALIDATED,,not_reviewed_this_stage,false,false
G100000405496,Jiangsu,Huachen Zhangjiagang Huaxing Gas power station,2025-02-02 00:00:00,400.0,operating,2021,,combined cycle,fossil gas: natural gas,yes,,,,CCGT_FOSSIL_GAS_REQUIRES_HEAT_AND_OPERATION_DATA,OCGT_natural_gas_parameters,CANDIDATE_ONLY_NOT_OPERATIONALLY_VALIDATED,,not_reviewed_this_stage,false,false
G100000405523,Jiangsu,Huadian Kunshan Thermal power plant,2025-01-01 00:00:00,451.0,operating,2017,,combined cycle,fossil gas: natural gas,yes,,,,CCGT_FOSSIL_GAS_REQUIRES_HEAT_AND_OPERATION_DATA,OCGT_natural_gas_parameters,CANDIDATE_ONLY_NOT_OPERATIONALLY_VALIDATED,,not_reviewed_this_stage,false,false
G100000405524,Jiangsu,Huadian Kunshan Thermal power plant,2025-02-01 00:00:00,451.0,operating,2017,,combined cycle,fossil gas: natural gas,yes,,,,CCGT_FOSSIL_GAS_REQUIRES_HEAT_AND_OPERATION_DATA,OCGT_natural_gas_parameters,CANDIDATE_ONLY_NOT_OPERATIONALLY_VALIDATED,,not_reviewed_this_stage,false,false
G100000405515,Jiangsu,Huadian Qishuyan Gas power station,1,390.0,operating,2005,,combined cycle,fossil gas: natural gas,not found,,,,CCGT_FOSSIL_GAS_REQUIRES_HEAT_AND_OPERATION_DATA,OCGT_natural_gas_parameters,CANDIDATE_ONLY_NOT_OPERATIONALLY_VALIDATED,qishuyan_historical_groups,plant_or_capacity_group_candidate_only,false,false
G100000405516,Jiangsu,Huadian Qishuyan Gas power station,2,390.0,operating,2005,,combined cycle,fossil gas: natural gas,not found,,,,CCGT_FOSSIL_GAS_REQUIRES_HEAT_AND_OPERATION_DATA,OCGT_natural_gas_parameters,CANDIDATE_ONLY_NOT_OPERATIONALLY_VALIDATED,qishuyan_historical_groups,plant_or_capacity_group_candidate_only,false,false
G100000405517,Jiangsu,Huadian Qishuyan Gas power station,3,220.0,operating,2011,,combined cycle,fossil gas: natural gas,yes,,,,CCGT_FOSSIL_GAS_REQUIRES_HEAT_AND_OPERATION_DATA,OCGT_natural_gas_parameters,CANDIDATE_ONLY_NOT_OPERATIONALLY_VALIDATED,qishuyan_historical_groups,plant_or_capacity_group_candidate_only,false,false
G100000405518,Jiangsu,Huadian Qishuyan Gas power station,4,220.0,operating,2011,,combined cycle,fossil gas: natural gas,yes,,,,CCGT_FOSSIL_GAS_REQUIRES_HEAT_AND_OPERATION_DATA,OCGT_natural_gas_parameters,CANDIDATE_ONLY_NOT_OPERATIONALLY_VALIDATED,qishuyan_historical_groups,plant_or_capacity_group_candidate_only,false,false
G100000405519,Jiangsu,Huadian Qishuyan Gas power station,5,475.0,operating,2015,,combined cycle,fossil gas: natural gas,not found,,,,CCGT_FOSSIL_GAS_REQUIRES_HEAT_AND_OPERATION_DATA,OCGT_natural_gas_parameters,CANDIDATE_ONLY_NOT_OPERATIONALLY_VALIDATED,qishuyan_historical_groups,plant_or_capacity_group_candidate_only,false,false
G100000405520,Jiangsu,Huadian Qishuyan Gas power station,6,475.0,operating,2015,,combined cycle,fossil gas: natural gas,not found,,,,CCGT_FOSSIL_GAS_REQUIRES_HEAT_AND_OPERATION_DATA,OCGT_natural_gas_parameters,CANDIDATE_ONLY_NOT_OPERATIONALLY_VALIDATED,qishuyan_historical_groups,plant_or_capacity_group_candidate_only,false,false
G100000405511,Jiangsu,Huadian Wujiang Gas power station,1,180.0,operating,2013,,combined cycle,fossil gas: natural gas,yes,,,,CCGT_FOSSIL_GAS_REQUIRES_HEAT_AND_OPERATION_DATA,OCGT_natural_gas_parameters,CANDIDATE_ONLY_NOT_OPERATIONALLY_VALIDATED,,not_reviewed_this_stage,false,false
G100000405512,Jiangsu,Huadian Wujiang Gas power station,2,180.0,operating,2013,,combined cycle,fossil gas: natural gas,yes,,,,CCGT_FOSSIL_GAS_REQUIRES_HEAT_AND_OPERATION_DATA,OCGT_natural_gas_parameters,CANDIDATE_ONLY_NOT_OPERATIONALLY_VALIDATED,,not_reviewed_this_stage,false,false
G100000405521,Jiangsu,Huadian Yangzhou Gas power station,1,475.0,operating,2017,,combined cycle,fossil gas: natural gas,yes,,,,CCGT_FOSSIL_GAS_REQUIRES_HEAT_AND_OPERATION_DATA,OCGT_natural_gas_parameters,CANDIDATE_ONLY_NOT_OPERATIONALLY_VALIDATED,,not_reviewed_this_stage,false,false
G100000405522,Jiangsu,Huadian Yangzhou Gas power station,2,475.0,operating,2017,,combined cycle,fossil gas: natural gas,yes,,,,CCGT_FOSSIL_GAS_REQUIRES_HEAT_AND_OPERATION_DATA,OCGT_natural_gas_parameters,CANDIDATE_ONLY_NOT_OPERATIONALLY_VALIDATED,,not_reviewed_this_stage,false,false
G100000405501,Jiangsu,Huadian Yizheng Thermal power station,2025-01-01 00:00:00,200.0,operating,2012,,combined cycle,fossil gas: natural gas,yes,,,,CCGT_FOSSIL_GAS_REQUIRES_HEAT_AND_OPERATION_DATA,OCGT_natural_gas_parameters,CANDIDATE_ONLY_NOT_OPERATIONALLY_VALIDATED,,not_reviewed_this_stage,false,false
G100000405502,Jiangsu,Huadian Yizheng Thermal power station,2025-02-01 00:00:00,200.0,operating,2012,,combined cycle,fossil gas: natural gas,yes,,,,CCGT_FOSSIL_GAS_REQUIRES_HEAT_AND_OPERATION_DATA,OCGT_natural_gas_parameters,CANDIDATE_ONLY_NOT_OPERATIONALLY_VALIDATED,,not_reviewed_this_stage,false,false
G100000405503,Jiangsu,Huadian Yizheng Thermal power station,2025-03-01 00:00:00,200.0,operating,2012,,combined cycle,fossil gas: natural gas,yes,,,,CCGT_FOSSIL_GAS_REQUIRES_HEAT_AND_OPERATION_DATA,OCGT_natural_gas_parameters,CANDIDATE_ONLY_NOT_OPERATIONALLY_VALIDATED,,not_reviewed_this_stage,false,false
G100000405539,Jiangsu,Huaneng Jiangyin Gas Thermal power station,1,400.0,operating,2020,,combined cycle,fossil gas: natural gas,yes,,,,CCGT_FOSSIL_GAS_REQUIRES_HEAT_AND_OPERATION_DATA,OCGT_natural_gas_parameters,CANDIDATE_ONLY_NOT_OPERATIONALLY_VALIDATED,,not_reviewed_this_stage,false,false
G100000405540,Jiangsu,Huaneng Jiangyin Gas Thermal power station,2,400.0,operating,2020,,combined cycle,fossil gas: natural gas,yes,,,,CCGT_FOSSIL_GAS_REQUIRES_HEAT_AND_OPERATION_DATA,OCGT_natural_gas_parameters,CANDIDATE_ONLY_NOT_OPERATIONALLY_VALIDATED,,not_reviewed_this_stage,false,false
G100000405531,Jiangsu,Huaneng Nanjing Jinling Gas power station,1,390.0,operating,2006,,combined cycle,fossil gas: natural gas,yes,,,,CCGT_FOSSIL_GAS_REQUIRES_HEAT_AND_OPERATION_DATA,OCGT_natural_gas_parameters,CANDIDATE_ONLY_NOT_OPERATIONALLY_VALIDATED,,not_reviewed_this_stage,false,false
G100000405532,Jiangsu,Huaneng Nanjing Jinling Gas power station,2,390.0,operating,2007,,combined cycle,fossil gas: natural gas,yes,,,,CCGT_FOSSIL_GAS_REQUIRES_HEAT_AND_OPERATION_DATA,OCGT_natural_gas_parameters,CANDIDATE_ONLY_NOT_OPERATIONALLY_VALIDATED,,not_reviewed_this_stage,false,false
G100000405533,Jiangsu,Huaneng Nanjing Jinling Gas power station,3,191.0,operating,2013,,combined cycle,fossil gas: natural gas,yes,,,,CCGT_FOSSIL_GAS_REQUIRES_HEAT_AND_OPERATION_DATA,OCGT_natural_gas_parameters,CANDIDATE_ONLY_NOT_OPERATIONALLY_VALIDATED,,not_reviewed_this_stage,false,false
G100000405534,Jiangsu,Huaneng Nanjing Jinling Gas power station,4,191.0,operating,2013,,combined cycle,fossil gas: natural gas,yes,,,,CCGT_FOSSIL_GAS_REQUIRES_HEAT_AND_OPERATION_DATA,OCGT_natural_gas_parameters,CANDIDATE_ONLY_NOT_OPERATIONALLY_VALIDATED,,not_reviewed_this_stage,false,false
G100000405535,Jiangsu,Huaneng Nantong power station,1,745.0,construction,2026,,combined cycle,fossil gas: natural gas,not found,,,,CCGT_FOSSIL_GAS_REQUIRES_HEAT_AND_OPERATION_DATA,OCGT_natural_gas_parameters,CANDIDATE_ONLY_NOT_OPERATIONALLY_VALIDATED,nantong_planned_sequence;nantong_unit2_trial,plant_or_capacity_group_candidate_only,false,false
G100000405536,Jiangsu,Huaneng Nantong power station,2,745.0,construction,2028,,combined cycle,fossil gas: natural gas,not found,,,,CCGT_FOSSIL_GAS_REQUIRES_HEAT_AND_OPERATION_DATA,OCGT_natural_gas_parameters,CANDIDATE_ONLY_NOT_OPERATIONALLY_VALIDATED,nantong_planned_sequence;nantong_unit2_trial,plant_or_capacity_group_candidate_only,false,false
G100000405541,Jiangsu,Huaneng Suzhou Gas power station,1,255.0,operating,2017,,combined cycle,fossil gas: natural gas,yes,,,,CCGT_FOSSIL_GAS_REQUIRES_HEAT_AND_OPERATION_DATA,OCGT_natural_gas_parameters,CANDIDATE_ONLY_NOT_OPERATIONALLY_VALIDATED,,not_reviewed_this_stage,false,false
G100000405542,Jiangsu,Huaneng Suzhou Gas power station,2,255.0,operating,2017,,combined cycle,fossil gas: natural gas,yes,,,,CCGT_FOSSIL_GAS_REQUIRES_HEAT_AND_OPERATION_DATA,OCGT_natural_gas_parameters,CANDIDATE_ONLY_NOT_OPERATIONALLY_VALIDATED,,not_reviewed_this_stage,false,false
G100001030385,Jiangsu,Huaneng Suzhou Gas Turbine Innovation and Development Demonstration power station,2,217.0,operating,2024,,combined cycle,fossil gas: natural gas,yes,,,,CCGT_FOSSIL_GAS_REQUIRES_HEAT_AND_OPERATION_DATA,OCGT_natural_gas_parameters,CANDIDATE_ONLY_NOT_OPERATIONALLY_VALIDATED,,not_reviewed_this_stage,false,false
G100000405600,Jiangsu,Jiangsu Bairun Xinminzhou Distributed Gas power station,1,75.0,operating,2020,,combined cycle,fossil gas: natural gas,yes,,,,CCGT_FOSSIL_GAS_REQUIRES_HEAT_AND_OPERATION_DATA,OCGT_natural_gas_parameters,CANDIDATE_ONLY_NOT_OPERATIONALLY_VALIDATED,,not_reviewed_this_stage,false,false
G100000405601,Jiangsu,Jiangsu Bairun Xinminzhou Distributed Gas power station,2,75.0,operating,2020,,combined cycle,fossil gas: natural gas,yes,,,,CCGT_FOSSIL_GAS_REQUIRES_HEAT_AND_OPERATION_DATA,OCGT_natural_gas_parameters,CANDIDATE_ONLY_NOT_OPERATIONALLY_VALIDATED,,not_reviewed_this_stage,false,false
G100000405599,Jiangsu,Jiangsu Changzhou Suyuan power station,1,51.0,operating,1996,,combined cycle,fossil gas: natural gas,not found,,,,CCGT_FOSSIL_GAS_REQUIRES_HEAT_AND_OPERATION_DATA,OCGT_natural_gas_parameters,CANDIDATE_ONLY_NOT_OPERATIONALLY_VALIDATED,,not_reviewed_this_stage,false,false
G100000405507,Jiangsu,Jiangsu Huadian Tongzhou Power Station,2025-01-01 00:00:00,200.0,operating,2016,,combined cycle,fossil gas: natural gas,yes,,,,CCGT_FOSSIL_GAS_REQUIRES_HEAT_AND_OPERATION_DATA,OCGT_natural_gas_parameters,CANDIDATE_ONLY_NOT_OPERATIONALLY_VALIDATED,,not_reviewed_this_stage,false,false
G100000405508,Jiangsu,Jiangsu Huadian Tongzhou Power Station,2025-02-01 00:00:00,200.0,operating,2016,,combined cycle,fossil gas: natural gas,yes,,,,CCGT_FOSSIL_GAS_REQUIRES_HEAT_AND_OPERATION_DATA,OCGT_natural_gas_parameters,CANDIDATE_ONLY_NOT_OPERATIONALLY_VALIDATED,,not_reviewed_this_stage,false,false
G100000405597,Jiangsu,Jiangsu Huafeng Microfiber Distributed Energy Station,1,50.0,operating,2021,,combined cycle,fossil gas: natural gas,yes,,,,CCGT_FOSSIL_GAS_REQUIRES_HEAT_AND_OPERATION_DATA,OCGT_natural_gas_parameters,CANDIDATE_ONLY_NOT_OPERATIONALLY_VALIDATED,,not_reviewed_this_stage,false,false
G100000405598,Jiangsu,Jiangsu Huafeng Microfiber Distributed Energy Station,2,50.0,operating,2021,,combined cycle,fossil gas: natural gas,yes,,,,CCGT_FOSSIL_GAS_REQUIRES_HEAT_AND_OPERATION_DATA,OCGT_natural_gas_parameters,CANDIDATE_ONLY_NOT_OPERATIONALLY_VALIDATED,,not_reviewed_this_stage,false,false
G100000412357,Jiangsu,"Jiangsu Lihuai Iron & Steel Co., Ltd. power project",1,80.0,operating,2018,,steam turbine,industrial by-product: blast furnace gas,not found,iron & steel,power,,INDUSTRIAL_BYPRODUCT_REQUIRES_PROCESS_AND_EXPORT_BOUNDARY,OCGT_natural_gas_parameters,CANDIDATE_ONLY_NOT_OPERATIONALLY_VALIDATED,,not_reviewed_this_stage,false,false
G100000412356,Jiangsu,"Jiangsu Province Binxin Steel Group Co., Ltd. power project",1,80.0,operating,2019,,steam turbine,industrial by-product: blast furnace gas,not found,iron & steel,power,,INDUSTRIAL_BYPRODUCT_REQUIRES_PROCESS_AND_EXPORT_BOUNDARY,OCGT_natural_gas_parameters,CANDIDATE_ONLY_NOT_OPERATIONALLY_VALIDATED,,not_reviewed_this_stage,false,false
G100000412355,Jiangsu,"Jiangsu Province Binxin Steel Group Co., Ltd. power project",2,80.0,operating,2019,,steam turbine,industrial by-product: blast furnace gas,not found,iron & steel,power,,INDUSTRIAL_BYPRODUCT_REQUIRES_PROCESS_AND_EXPORT_BOUNDARY,OCGT_natural_gas_parameters,CANDIDATE_ONLY_NOT_OPERATIONALLY_VALIDATED,,not_reviewed_this_stage,false,false
G100000412354,Jiangsu,"Jiangsu Province Binxin Steel Group Co., Ltd. power project",3,150.0,operating,2023,,steam turbine,industrial by-product: blast furnace gas,not found,iron & steel,power,,INDUSTRIAL_BYPRODUCT_REQUIRES_PROCESS_AND_EXPORT_BOUNDARY,OCGT_natural_gas_parameters,CANDIDATE_ONLY_NOT_OPERATIONALLY_VALIDATED,,not_reviewed_this_stage,false,false
G100000405595,Jiangsu,Jiangsu Zhenjiang Gas Thermal power station,1,475.0,operating,2021,,combined cycle,fossil gas: natural gas,yes,,,,CCGT_FOSSIL_GAS_REQUIRES_HEAT_AND_OPERATION_DATA,OCGT_natural_gas_parameters,CANDIDATE_ONLY_NOT_OPERATIONALLY_VALIDATED,,not_reviewed_this_stage,false,false
G100000405596,Jiangsu,Jiangsu Zhenjiang Gas Thermal power station,2,475.0,operating,2021,,combined cycle,fossil gas: natural gas,yes,,,,CCGT_FOSSIL_GAS_REQUIRES_HEAT_AND_OPERATION_DATA,OCGT_natural_gas_parameters,CANDIDATE_ONLY_NOT_OPERATIONALLY_VALIDATED,,not_reviewed_this_stage,false,false
G100000405602,Jiangsu,Jiangyin Cogen power station,2025-01-01 00:00:00,100.0,operating,2022,,combined cycle,fossil gas: natural gas,yes,,,,CCGT_FOSSIL_GAS_REQUIRES_HEAT_AND_OPERATION_DATA,OCGT_natural_gas_parameters,CANDIDATE_ONLY_NOT_OPERATIONALLY_VALIDATED,,not_reviewed_this_stage,false,false
G100000405603,Jiangsu,Jiangyin Cogen power station,2025-02-01 00:00:00,100.0,operating,2022,,combined cycle,fossil gas: natural gas,yes,,,,CCGT_FOSSIL_GAS_REQUIRES_HEAT_AND_OPERATION_DATA,OCGT_natural_gas_parameters,CANDIDATE_ONLY_NOT_OPERATIONALLY_VALIDATED,,not_reviewed_this_stage,false,false
G100000405196,Gansu,Jiugang Group Captive Gas power station,1,180.0,operating,2019,,combined cycle,fossil gas: natural gas,yes,"aluminum, industrial park, iron & steel",power,,CCGT_FOSSIL_GAS_REQUIRES_HEAT_AND_OPERATION_DATA,OCGT_natural_gas_parameters,CANDIDATE_ONLY_NOT_OPERATIONALLY_VALIDATED,,not_reviewed_this_stage,false,false
G100000405555,Jiangsu,Nanjing Liuhe District Yangba power station,1,52.0,operating,2005,,combined cycle,fossil gas: natural gas,yes,,,,CCGT_FOSSIL_GAS_REQUIRES_HEAT_AND_OPERATION_DATA,OCGT_natural_gas_parameters,CANDIDATE_ONLY_NOT_OPERATIONALLY_VALIDATED,,not_reviewed_this_stage,false,false
G100000405830,Jiangsu,Nanjing Liuhe District Yangba power station,2,52.0,operating,2005,,combined cycle,fossil gas: natural gas,yes,,,,CCGT_FOSSIL_GAS_REQUIRES_HEAT_AND_OPERATION_DATA,OCGT_natural_gas_parameters,CANDIDATE_ONLY_NOT_OPERATIONALLY_VALIDATED,,not_reviewed_this_stage,false,false
G100000405831,Jiangsu,Nanjing Liuhe District Yangba power station,3,52.0,operating,2005,,combined cycle,fossil gas: natural gas,yes,,,,CCGT_FOSSIL_GAS_REQUIRES_HEAT_AND_OPERATION_DATA,OCGT_natural_gas_parameters,CANDIDATE_ONLY_NOT_OPERATIONALLY_VALIDATED,,not_reviewed_this_stage,false,false
G100000412574,Jiangsu,"Nanjing Nangang Industrial Development Co., Ltd. power project",5,120.0,operating,2020,,steam turbine,industrial by-product: blast furnace gas,not found,iron & steel,power,,INDUSTRIAL_BYPRODUCT_REQUIRES_PROCESS_AND_EXPORT_BOUNDARY,OCGT_natural_gas_parameters,CANDIDATE_ONLY_NOT_OPERATIONALLY_VALIDATED,,not_reviewed_this_stage,false,false
G100000412573,Jiangsu,"Nanjing Nangang Industrial Development Co., Ltd. power project",6,120.0,operating,2022,,steam turbine,industrial by-product: blast furnace gas,not found,iron & steel,power,,INDUSTRIAL_BYPRODUCT_REQUIRES_PROCESS_AND_EXPORT_BOUNDARY,OCGT_natural_gas_parameters,CANDIDATE_ONLY_NOT_OPERATIONALLY_VALIDATED,,not_reviewed_this_stage,false,false
G100000405491,Jiangsu,SPIC Changshu Thermal power station,1,100.0,operating,2022,,combined cycle,fossil gas: natural gas,yes,,,,CCGT_FOSSIL_GAS_REQUIRES_HEAT_AND_OPERATION_DATA,OCGT_natural_gas_parameters,CANDIDATE_ONLY_NOT_OPERATIONALLY_VALIDATED,,not_reviewed_this_stage,false,false
G100000405492,Jiangsu,SPIC Changshu Thermal power station,2,100.0,operating,2022,,combined cycle,fossil gas: natural gas,yes,,,,CCGT_FOSSIL_GAS_REQUIRES_HEAT_AND_OPERATION_DATA,OCGT_natural_gas_parameters,CANDIDATE_ONLY_NOT_OPERATIONALLY_VALIDATED,,not_reviewed_this_stage,false,false
G100000405574,Jiangsu,SPIC Wusongjiang Gas power station,1,80.0,operating,2022,,combined cycle,fossil gas: natural gas,not found,,,,CCGT_FOSSIL_GAS_REQUIRES_HEAT_AND_OPERATION_DATA,OCGT_natural_gas_parameters,CANDIDATE_ONLY_NOT_OPERATIONALLY_VALIDATED,,not_reviewed_this_stage,false,false
G100000405575,Jiangsu,SPIC Wusongjiang Gas power station,2,80.0,operating,2023,,combined cycle,fossil gas: natural gas,not found,,,,CCGT_FOSSIL_GAS_REQUIRES_HEAT_AND_OPERATION_DATA,OCGT_natural_gas_parameters,CANDIDATE_ONLY_NOT_OPERATIONALLY_VALIDATED,,not_reviewed_this_stage,false,false
G100000405527,Jiangsu,Wangting power station,2025-01-01 00:00:00,390.0,operating,2005,,combined cycle,fossil gas: natural gas,yes,,,,CCGT_FOSSIL_GAS_REQUIRES_HEAT_AND_OPERATION_DATA,OCGT_natural_gas_parameters,CANDIDATE_ONLY_NOT_OPERATIONALLY_VALIDATED,,not_reviewed_this_stage,false,false
G100000405528,Jiangsu,Wangting power station,2025-02-01 00:00:00,390.0,operating,2005,,combined cycle,fossil gas: natural gas,yes,,,,CCGT_FOSSIL_GAS_REQUIRES_HEAT_AND_OPERATION_DATA,OCGT_natural_gas_parameters,CANDIDATE_ONLY_NOT_OPERATIONALLY_VALIDATED,,not_reviewed_this_stage,false,false
G100000405529,Jiangsu,Wangting power station,2025-01-02 00:00:00,485.0,construction,2025,,combined cycle,fossil gas: natural gas,not found,,,,CCGT_FOSSIL_GAS_REQUIRES_HEAT_AND_OPERATION_DATA,OCGT_natural_gas_parameters,CANDIDATE_ONLY_NOT_OPERATIONALLY_VALIDATED,,not_reviewed_this_stage,false,false
G100000405530,Jiangsu,Wangting power station,2025-02-02 00:00:00,485.0,construction,2025,,combined cycle,fossil gas: natural gas,not found,,,,CCGT_FOSSIL_GAS_REQUIRES_HEAT_AND_OPERATION_DATA,OCGT_natural_gas_parameters,CANDIDATE_ONLY_NOT_OPERATIONALLY_VALIDATED,,not_reviewed_this_stage,false,false
G100000405558,Jiangsu,Wujiang Shengze Gas Thermal power station,1,100.0,operating,2023,,combined cycle,fossil gas: natural gas,yes,,,,CCGT_FOSSIL_GAS_REQUIRES_HEAT_AND_OPERATION_DATA,OCGT_natural_gas_parameters,CANDIDATE_ONLY_NOT_OPERATIONALLY_VALIDATED,,not_reviewed_this_stage,false,false
G100000405559,Jiangsu,Wujiang Shengze Gas Thermal power station,2,100.0,operating,2023,,combined cycle,fossil gas: natural gas,yes,,,,CCGT_FOSSIL_GAS_REQUIRES_HEAT_AND_OPERATION_DATA,OCGT_natural_gas_parameters,CANDIDATE_ONLY_NOT_OPERATIONALLY_VALIDATED,,not_reviewed_this_stage,false,false
G100000405594,Jiangsu,Wuxi West Zone Gas Thermal power station,1,400.0,operating,2016,,combined cycle,fossil gas: natural gas,yes,,,,CCGT_FOSSIL_GAS_REQUIRES_HEAT_AND_OPERATION_DATA,OCGT_natural_gas_parameters,CANDIDATE_ONLY_NOT_OPERATIONALLY_VALIDATED,,not_reviewed_this_stage,false,false
G100000410252,Jiangsu,Wuxi West Zone Gas Thermal power station,2,450.0,operating,2024,,combined cycle,fossil gas: natural gas,yes,,,,CCGT_FOSSIL_GAS_REQUIRES_HEAT_AND_OPERATION_DATA,OCGT_natural_gas_parameters,CANDIDATE_ONLY_NOT_OPERATIONALLY_VALIDATED,,not_reviewed_this_stage,false,false
G100000412272,Jiangsu,"Yangzhou Hengrun Ocean Heavy Industry Co., Ltd. Gas Power Project",1,65.0,operating,2018,,steam turbine,industrial by-product: blast furnace gas,not found,iron & steel,power,,INDUSTRIAL_BYPRODUCT_REQUIRES_PROCESS_AND_EXPORT_BOUNDARY,OCGT_natural_gas_parameters,CANDIDATE_ONLY_NOT_OPERATIONALLY_VALIDATED,,not_reviewed_this_stage,false,false
G100000412271,Jiangsu,"Yangzhou Hengrun Ocean Heavy Industry Co., Ltd. Gas Power Project",2,65.0,operating,2018,,steam turbine,industrial by-product: blast furnace gas,not found,iron & steel,power,,INDUSTRIAL_BYPRODUCT_REQUIRES_PROCESS_AND_EXPORT_BOUNDARY,OCGT_natural_gas_parameters,CANDIDATE_ONLY_NOT_OPERATIONALLY_VALIDATED,,not_reviewed_this_stage,false,false
G100000405562,Jiangsu,Yixing Xielian power station,1,420.0,operating,2015,,combined cycle,fossil gas: natural gas,yes,,,,CCGT_FOSSIL_GAS_REQUIRES_HEAT_AND_OPERATION_DATA,OCGT_natural_gas_parameters,CANDIDATE_ONLY_NOT_OPERATIONALLY_VALIDATED,,not_reviewed_this_stage,false,false
G100000405563,Jiangsu,Yixing Xielian power station,2,420.0,operating,2015,,combined cycle,fossil gas: natural gas,yes,,,,CCGT_FOSSIL_GAS_REQUIRES_HEAT_AND_OPERATION_DATA,OCGT_natural_gas_parameters,CANDIDATE_ONLY_NOT_OPERATIONALLY_VALIDATED,,not_reviewed_this_stage,false,false
G100000412270,Jiangsu,"Zenith Steel Group (Nantong) Co., Ltd. Gas power project",1,100.0,operating,2022,,steam turbine,"industrial by-product: blast furnace gas, industrial by-product: coke oven gas",not found,iron & steel,power,,INDUSTRIAL_BYPRODUCT_REQUIRES_PROCESS_AND_EXPORT_BOUNDARY,OCGT_natural_gas_parameters,CANDIDATE_ONLY_NOT_OPERATIONALLY_VALIDATED,,not_reviewed_this_stage,false,false
G100000412262,Jiangsu,"Zhongxin Iron and Steel Group Co., Ltd. Gas Power Project",1,65.0,operating,2021,,steam turbine,industrial by-product: blast furnace gas,not found,iron & steel,power,,INDUSTRIAL_BYPRODUCT_REQUIRES_PROCESS_AND_EXPORT_BOUNDARY,OCGT_natural_gas_parameters,CANDIDATE_ONLY_NOT_OPERATIONALLY_VALIDATED,,not_reviewed_this_stage,false,false
G100000412261,Jiangsu,"Zhongxin Iron and Steel Group Co., Ltd. Gas Power Project",2,65.0,operating,2021,,steam turbine,industrial by-product: blast furnace gas,not found,iron & steel,power,,INDUSTRIAL_BYPRODUCT_REQUIRES_PROCESS_AND_EXPORT_BOUNDARY,OCGT_natural_gas_parameters,CANDIDATE_ONLY_NOT_OPERATIONALLY_VALIDATED,,not_reviewed_this_stage,false,false
