active_gpus,gpu_cap_w,relative_reference_time_allowance,rounding_only_additional_time_margin_s,rounding_only_additional_energy_margin_j,nominal_energy_reduction_pct,rounding_only_energy_reduction_lower_pct,mean_candidate_passes_rounding_and_zero_overhead_screen,is_reference
1,100,0,-408.740,-115390.000,-47.00753717661438174781014460,-47.01256900731324736702723620,False,False
1,110,0,-283.500,-68960.000,-28.09126094927683845997148100,-28.09590743343722626250280100,False,False
1,120,0,-195.410,-35810.000,-14.58545528620900387044204520,-14.58982664140642506467844120,False,False
1,130,0,-137.280,-15510.000,-6.314931757995518435526583800,-6.319134633013506080792030800,False,False
1,140,0,-107.600,-6950.000,-2.827459767773477286616418800,-2.831591598932551080690175000,False,False
1,150,0,-83.220,-340.000,-0.134446934202485231207985300,-0.138523905559290268695634500,False,False
1,160,0,-66.440,2840.000,1.161132613566917905887146060,1.157082034671718714987064310,False,False
1,170,0,-53.490,4800.000,1.959665919739254430637604400,1.955631607895862616879545320,False,False
1,180,0,-42.470,6120.000,2.497453656549195355469545730,2.493430300067224836521420280,False,False
1,190,0,-33.450,6830.000,2.786718272560602974129150540,2.782700808735154515268186360,False,False
1,200,0,-25.930,6840.000,2.790792422081890405377877370,2.786775041251604229053352070,False,False
1,210,0,-19.970,6190.000,2.525972703198207374210633530,2.521949927682372833017580310,False,False
1,220,0,-14.650,5250.000,2.143002648197188836830311670,2.138972071136099737212002690,False,False
1,230,0,-10.270,4240.000,1.731513546547158280708902020,1.727474586974678644910265030,False,False
1,240,0,-6.200,2780.000,1.136687716439193318394785090,1.132636639573020432276070000,False,False
1,250,0,-2.900,1470.000,0.6029741291505398248115705800,0.5989121799181079264193607500,False,False
1,260,0,0.000,0,0,0,True,True
1,100,0.025,-398.152625,-115390.000,-47.00753717661438174781014460,-47.01256900731324736702723620,False,False
1,110,0.025,-272.912625,-68960.000,-28.09126094927683845997148100,-28.09590743343722626250280100,False,False
1,120,0.025,-184.822625,-35810.000,-14.58545528620900387044204520,-14.58982664140642506467844120,False,False
1,130,0.025,-126.692625,-15510.000,-6.314931757995518435526583800,-6.319134633013506080792030800,False,False
1,140,0.025,-97.012625,-6950.000,-2.827459767773477286616418800,-2.831591598932551080690175000,False,False
1,150,0.025,-72.632625,-340.000,-0.134446934202485231207985300,-0.138523905559290268695634500,False,False
1,160,0.025,-55.852625,2840.000,1.161132613566917905887146060,1.157082034671718714987064310,False,False
1,170,0.025,-42.902625,4800.000,1.959665919739254430637604400,1.955631607895862616879545320,False,False
1,180,0.025,-31.882625,6120.000,2.497453656549195355469545730,2.493430300067224836521420280,False,False
1,190,0.025,-22.862625,6830.000,2.786718272560602974129150540,2.782700808735154515268186360,False,False
1,200,0.025,-15.342625,6840.000,2.790792422081890405377877370,2.786775041251604229053352070,False,False
1,210,0.025,-9.382625,6190.000,2.525972703198207374210633530,2.521949927682372833017580310,False,False
1,220,0.025,-4.062625,5250.000,2.143002648197188836830311670,2.138972071136099737212002690,False,False
1,230,0.025,0.317375,4240.000,1.731513546547158280708902020,1.727474586974678644910265030,True,False
1,240,0.025,4.387375,2780.000,1.136687716439193318394785090,1.132636639573020432276070000,True,False
1,250,0.025,7.687375,1470.000,0.6029741291505398248115705800,0.5989121799181079264193607500,True,False
1,260,0.025,10.587375,0,0,0,True,True
1,100,0.05,-387.56525,-115390.000,-47.00753717661438174781014460,-47.01256900731324736702723620,False,False
1,110,0.05,-262.32525,-68960.000,-28.09126094927683845997148100,-28.09590743343722626250280100,False,False
1,120,0.05,-174.23525,-35810.000,-14.58545528620900387044204520,-14.58982664140642506467844120,False,False
1,130,0.05,-116.10525,-15510.000,-6.314931757995518435526583800,-6.319134633013506080792030800,False,False
1,140,0.05,-86.42525,-6950.000,-2.827459767773477286616418800,-2.831591598932551080690175000,False,False
1,150,0.05,-62.04525,-340.000,-0.134446934202485231207985300,-0.138523905559290268695634500,False,False
1,160,0.05,-45.26525,2840.000,1.161132613566917905887146060,1.157082034671718714987064310,False,False
1,170,0.05,-32.31525,4800.000,1.959665919739254430637604400,1.955631607895862616879545320,False,False
1,180,0.05,-21.29525,6120.000,2.497453656549195355469545730,2.493430300067224836521420280,False,False
1,190,0.05,-12.27525,6830.000,2.786718272560602974129150540,2.782700808735154515268186360,False,False
1,200,0.05,-4.75525,6840.000,2.790792422081890405377877370,2.786775041251604229053352070,False,False
1,210,0.05,1.20475,6190.000,2.525972703198207374210633530,2.521949927682372833017580310,True,False
1,220,0.05,6.52475,5250.000,2.143002648197188836830311670,2.138972071136099737212002690,True,False
1,230,0.05,10.90475,4240.000,1.731513546547158280708902020,1.727474586974678644910265030,True,False
1,240,0.05,14.97475,2780.000,1.136687716439193318394785090,1.132636639573020432276070000,True,False
1,250,0.05,18.27475,1470.000,0.6029741291505398248115705800,0.5989121799181079264193607500,True,False
1,260,0.05,21.17475,0,0,0,True,True
1,100,0.1,-366.3905,-115390.000,-47.00753717661438174781014460,-47.01256900731324736702723620,False,False
1,110,0.1,-241.1505,-68960.000,-28.09126094927683845997148100,-28.09590743343722626250280100,False,False
1,120,0.1,-153.0605,-35810.000,-14.58545528620900387044204520,-14.58982664140642506467844120,False,False
1,130,0.1,-94.9305,-15510.000,-6.314931757995518435526583800,-6.319134633013506080792030800,False,False
1,140,0.1,-65.2505,-6950.000,-2.827459767773477286616418800,-2.831591598932551080690175000,False,False
1,150,0.1,-40.8705,-340.000,-0.134446934202485231207985300,-0.138523905559290268695634500,False,False
1,160,0.1,-24.0905,2840.000,1.161132613566917905887146060,1.157082034671718714987064310,False,False
1,170,0.1,-11.1405,4800.000,1.959665919739254430637604400,1.955631607895862616879545320,False,False
1,180,0.1,-0.1205,6120.000,2.497453656549195355469545730,2.493430300067224836521420280,False,False
1,190,0.1,8.8995,6830.000,2.786718272560602974129150540,2.782700808735154515268186360,True,False
1,200,0.1,16.4195,6840.000,2.790792422081890405377877370,2.786775041251604229053352070,True,False
1,210,0.1,22.3795,6190.000,2.525972703198207374210633530,2.521949927682372833017580310,True,False
1,220,0.1,27.6995,5250.000,2.143002648197188836830311670,2.138972071136099737212002690,True,False
1,230,0.1,32.0795,4240.000,1.731513546547158280708902020,1.727474586974678644910265030,True,False
1,240,0.1,36.1495,2780.000,1.136687716439193318394785090,1.132636639573020432276070000,True,False
1,250,0.1,39.4495,1470.000,0.6029741291505398248115705800,0.5989121799181079264193607500,True,False
1,260,0.1,42.3495,0,0,0,True,True
1,100,0.2,-324.0410,-115390.000,-47.00753717661438174781014460,-47.01256900731324736702723620,False,False
1,110,0.2,-198.8010,-68960.000,-28.09126094927683845997148100,-28.09590743343722626250280100,False,False
1,120,0.2,-110.7110,-35810.000,-14.58545528620900387044204520,-14.58982664140642506467844120,False,False
1,130,0.2,-52.5810,-15510.000,-6.314931757995518435526583800,-6.319134633013506080792030800,False,False
1,140,0.2,-22.9010,-6950.000,-2.827459767773477286616418800,-2.831591598932551080690175000,False,False
1,150,0.2,1.4790,-340.000,-0.134446934202485231207985300,-0.138523905559290268695634500,False,False
1,160,0.2,18.2590,2840.000,1.161132613566917905887146060,1.157082034671718714987064310,True,False
1,170,0.2,31.2090,4800.000,1.959665919739254430637604400,1.955631607895862616879545320,True,False
1,180,0.2,42.2290,6120.000,2.497453656549195355469545730,2.493430300067224836521420280,True,False
1,190,0.2,51.2490,6830.000,2.786718272560602974129150540,2.782700808735154515268186360,True,False
1,200,0.2,58.7690,6840.000,2.790792422081890405377877370,2.786775041251604229053352070,True,False
1,210,0.2,64.7290,6190.000,2.525972703198207374210633530,2.521949927682372833017580310,True,False
1,220,0.2,70.0490,5250.000,2.143002648197188836830311670,2.138972071136099737212002690,True,False
1,230,0.2,74.4290,4240.000,1.731513546547158280708902020,1.727474586974678644910265030,True,False
1,240,0.2,78.4990,2780.000,1.136687716439193318394785090,1.132636639573020432276070000,True,False
1,250,0.2,81.7990,1470.000,0.6029741291505398248115705800,0.5989121799181079264193607500,True,False
1,260,0.2,84.6990,0,0,0,True,True
1,100,0.5,-196.9925,-115390.000,-47.00753717661438174781014460,-47.01256900731324736702723620,False,False
1,110,0.5,-71.7525,-68960.000,-28.09126094927683845997148100,-28.09590743343722626250280100,False,False
1,120,0.5,16.3375,-35810.000,-14.58545528620900387044204520,-14.58982664140642506467844120,False,False
1,130,0.5,74.4675,-15510.000,-6.314931757995518435526583800,-6.319134633013506080792030800,False,False
1,140,0.5,104.1475,-6950.000,-2.827459767773477286616418800,-2.831591598932551080690175000,False,False
1,150,0.5,128.5275,-340.000,-0.134446934202485231207985300,-0.138523905559290268695634500,False,False
1,160,0.5,145.3075,2840.000,1.161132613566917905887146060,1.157082034671718714987064310,True,False
1,170,0.5,158.2575,4800.000,1.959665919739254430637604400,1.955631607895862616879545320,True,False
1,180,0.5,169.2775,6120.000,2.497453656549195355469545730,2.493430300067224836521420280,True,False
1,190,0.5,178.2975,6830.000,2.786718272560602974129150540,2.782700808735154515268186360,True,False
1,200,0.5,185.8175,6840.000,2.790792422081890405377877370,2.786775041251604229053352070,True,False
1,210,0.5,191.7775,6190.000,2.525972703198207374210633530,2.521949927682372833017580310,True,False
1,220,0.5,197.0975,5250.000,2.143002648197188836830311670,2.138972071136099737212002690,True,False
1,230,0.5,201.4775,4240.000,1.731513546547158280708902020,1.727474586974678644910265030,True,False
1,240,0.5,205.5475,2780.000,1.136687716439193318394785090,1.132636639573020432276070000,True,False
1,250,0.5,208.8475,1470.000,0.6029741291505398248115705800,0.5989121799181079264193607500,True,False
1,260,0.5,211.7475,0,0,0,True,True
1,100,1,14.755,-115390.000,-47.00753717661438174781014460,-47.01256900731324736702723620,False,False
1,110,1,139.995,-68960.000,-28.09126094927683845997148100,-28.09590743343722626250280100,False,False
1,120,1,228.085,-35810.000,-14.58545528620900387044204520,-14.58982664140642506467844120,False,False
1,130,1,286.215,-15510.000,-6.314931757995518435526583800,-6.319134633013506080792030800,False,False
1,140,1,315.895,-6950.000,-2.827459767773477286616418800,-2.831591598932551080690175000,False,False
1,150,1,340.275,-340.000,-0.134446934202485231207985300,-0.138523905559290268695634500,False,False
1,160,1,357.055,2840.000,1.161132613566917905887146060,1.157082034671718714987064310,True,False
1,170,1,370.005,4800.000,1.959665919739254430637604400,1.955631607895862616879545320,True,False
1,180,1,381.025,6120.000,2.497453656549195355469545730,2.493430300067224836521420280,True,False
1,190,1,390.045,6830.000,2.786718272560602974129150540,2.782700808735154515268186360,True,False
1,200,1,397.565,6840.000,2.790792422081890405377877370,2.786775041251604229053352070,True,False
1,210,1,403.525,6190.000,2.525972703198207374210633530,2.521949927682372833017580310,True,False
1,220,1,408.845,5250.000,2.143002648197188836830311670,2.138972071136099737212002690,True,False
1,230,1,413.225,4240.000,1.731513546547158280708902020,1.727474586974678644910265030,True,False
1,240,1,417.295,2780.000,1.136687716439193318394785090,1.132636639573020432276070000,True,False
1,250,1,420.595,1470.000,0.6029741291505398248115705800,0.5989121799181079264193607500,True,False
1,260,1,423.495,0,0,0,True,True
2,100,0,-252.870,-77850.000,-42.68948118898760557200833610,-42.69613623275838429264814760,False,False
2,110,0,-155.640,-34050.000,-18.66842162992212350553910280,-18.67441796692900430526229190,False,False
2,120,0,-112.680,-16550.000,-9.070966326642535921904135100,-9.076699481723201798886664700,False,False
2,130,0,-77.310,-2380.000,-1.299769661072721289897992800,-1.305289713987989140867085300,False,False
2,140,0,-58.690,3440.000,1.892069759789404409345179340,1.886637233663312035538980450,False,False
2,150,0,-45.810,6630.000,3.641548755072940660304924870,3.636164203252255463844023360,False,False
2,160,0,-36.120,8280.000,4.546451683667873203904793240,4.541091946143088271588011080,False,False
2,170,0,-28.270,9190.000,5.045519359438411758253811560,5.040173307373790001919543700,False,False
2,180,0,-22.460,9890.000,5.429417571569595261599210270,5.424082046782022102174568790,False,False
2,190,0,-17.780,8950.000,4.913897115279148842821103430,4.908547453862396138974963670,False,False
2,200,0,-13.490,8350.000,4.584841504880991554239333110,4.579482820083911481613513590,False,False
2,210,0,-10.260,7260.000,3.987057145991005813315783700,3.981682068719664354073545950,False,False
2,220,0,-8.700,5300.000,2.912142152023692003948667320,2.906737598376614473359475690,False,False
2,230,0,-5.600,4260.000,2.341779094000219370406932100,2.336358899827241067266295550,False,False
2,240,0,-3.780,2500.000,1.376549303498957990567072500,1.371102640743686072339375330,False,False
2,250,0,-1.710,1420.000,0.7842492047822748711198859300,0.7787862999424136890887651800,False,False
2,260,0,0.000,0,0,0,True,True
2,100,0.025,-247.159375,-77850.000,-42.68948118898760557200833610,-42.69613623275838429264814760,False,False
2,110,0.025,-149.929375,-34050.000,-18.66842162992212350553910280,-18.67441796692900430526229190,False,False
2,120,0.025,-106.969375,-16550.000,-9.070966326642535921904135100,-9.076699481723201798886664700,False,False
2,130,0.025,-71.599375,-2380.000,-1.299769661072721289897992800,-1.305289713987989140867085300,False,False
2,140,0.025,-52.979375,3440.000,1.892069759789404409345179340,1.886637233663312035538980450,False,False
2,150,0.025,-40.099375,6630.000,3.641548755072940660304924870,3.636164203252255463844023360,False,False
2,160,0.025,-30.409375,8280.000,4.546451683667873203904793240,4.541091946143088271588011080,False,False
2,170,0.025,-22.559375,9190.000,5.045519359438411758253811560,5.040173307373790001919543700,False,False
2,180,0.025,-16.749375,9890.000,5.429417571569595261599210270,5.424082046782022102174568790,False,False
2,190,0.025,-12.069375,8950.000,4.913897115279148842821103430,4.908547453862396138974963670,False,False
2,200,0.025,-7.779375,8350.000,4.584841504880991554239333110,4.579482820083911481613513590,False,False
2,210,0.025,-4.549375,7260.000,3.987057145991005813315783700,3.981682068719664354073545950,False,False
2,220,0.025,-2.989375,5300.000,2.912142152023692003948667320,2.906737598376614473359475690,False,False
2,230,0.025,0.110625,4260.000,2.341779094000219370406932100,2.336358899827241067266295550,True,False
2,240,0.025,1.930625,2500.000,1.376549303498957990567072500,1.371102640743686072339375330,True,False
2,250,0.025,4.000625,1420.000,0.7842492047822748711198859300,0.7787862999424136890887651800,True,False
2,260,0.025,5.710625,0,0,0,True,True
2,100,0.05,-241.44875,-77850.000,-42.68948118898760557200833610,-42.69613623275838429264814760,False,False
2,110,0.05,-144.21875,-34050.000,-18.66842162992212350553910280,-18.67441796692900430526229190,False,False
2,120,0.05,-101.25875,-16550.000,-9.070966326642535921904135100,-9.076699481723201798886664700,False,False
2,130,0.05,-65.88875,-2380.000,-1.299769661072721289897992800,-1.305289713987989140867085300,False,False
2,140,0.05,-47.26875,3440.000,1.892069759789404409345179340,1.886637233663312035538980450,False,False
2,150,0.05,-34.38875,6630.000,3.641548755072940660304924870,3.636164203252255463844023360,False,False
2,160,0.05,-24.69875,8280.000,4.546451683667873203904793240,4.541091946143088271588011080,False,False
2,170,0.05,-16.84875,9190.000,5.045519359438411758253811560,5.040173307373790001919543700,False,False
2,180,0.05,-11.03875,9890.000,5.429417571569595261599210270,5.424082046782022102174568790,False,False
2,190,0.05,-6.35875,8950.000,4.913897115279148842821103430,4.908547453862396138974963670,False,False
2,200,0.05,-2.06875,8350.000,4.584841504880991554239333110,4.579482820083911481613513590,False,False
2,210,0.05,1.16125,7260.000,3.987057145991005813315783700,3.981682068719664354073545950,True,False
2,220,0.05,2.72125,5300.000,2.912142152023692003948667320,2.906737598376614473359475690,True,False
2,230,0.05,5.82125,4260.000,2.341779094000219370406932100,2.336358899827241067266295550,True,False
2,240,0.05,7.64125,2500.000,1.376549303498957990567072500,1.371102640743686072339375330,True,False
2,250,0.05,9.71125,1420.000,0.7842492047822748711198859300,0.7787862999424136890887651800,True,False
2,260,0.05,11.42125,0,0,0,True,True
2,100,0.1,-230.0275,-77850.000,-42.68948118898760557200833610,-42.69613623275838429264814760,False,False
2,110,0.1,-132.7975,-34050.000,-18.66842162992212350553910280,-18.67441796692900430526229190,False,False
2,120,0.1,-89.8375,-16550.000,-9.070966326642535921904135100,-9.076699481723201798886664700,False,False
2,130,0.1,-54.4675,-2380.000,-1.299769661072721289897992800,-1.305289713987989140867085300,False,False
2,140,0.1,-35.8475,3440.000,1.892069759789404409345179340,1.886637233663312035538980450,False,False
2,150,0.1,-22.9675,6630.000,3.641548755072940660304924870,3.636164203252255463844023360,False,False
2,160,0.1,-13.2775,8280.000,4.546451683667873203904793240,4.541091946143088271588011080,False,False
2,170,0.1,-5.4275,9190.000,5.045519359438411758253811560,5.040173307373790001919543700,False,False
2,180,0.1,0.3825,9890.000,5.429417571569595261599210270,5.424082046782022102174568790,True,False
2,190,0.1,5.0625,8950.000,4.913897115279148842821103430,4.908547453862396138974963670,True,False
2,200,0.1,9.3525,8350.000,4.584841504880991554239333110,4.579482820083911481613513590,True,False
2,210,0.1,12.5825,7260.000,3.987057145991005813315783700,3.981682068719664354073545950,True,False
2,220,0.1,14.1425,5300.000,2.912142152023692003948667320,2.906737598376614473359475690,True,False
2,230,0.1,17.2425,4260.000,2.341779094000219370406932100,2.336358899827241067266295550,True,False
2,240,0.1,19.0625,2500.000,1.376549303498957990567072500,1.371102640743686072339375330,True,False
2,250,0.1,21.1325,1420.000,0.7842492047822748711198859300,0.7787862999424136890887651800,True,False
2,260,0.1,22.8425,0,0,0,True,True
2,100,0.2,-207.1850,-77850.000,-42.68948118898760557200833610,-42.69613623275838429264814760,False,False
2,110,0.2,-109.9550,-34050.000,-18.66842162992212350553910280,-18.67441796692900430526229190,False,False
2,120,0.2,-66.9950,-16550.000,-9.070966326642535921904135100,-9.076699481723201798886664700,False,False
2,130,0.2,-31.6250,-2380.000,-1.299769661072721289897992800,-1.305289713987989140867085300,False,False
2,140,0.2,-13.0050,3440.000,1.892069759789404409345179340,1.886637233663312035538980450,False,False
2,150,0.2,-0.1250,6630.000,3.641548755072940660304924870,3.636164203252255463844023360,False,False
2,160,0.2,9.5650,8280.000,4.546451683667873203904793240,4.541091946143088271588011080,True,False
2,170,0.2,17.4150,9190.000,5.045519359438411758253811560,5.040173307373790001919543700,True,False
2,180,0.2,23.2250,9890.000,5.429417571569595261599210270,5.424082046782022102174568790,True,False
2,190,0.2,27.9050,8950.000,4.913897115279148842821103430,4.908547453862396138974963670,True,False
2,200,0.2,32.1950,8350.000,4.584841504880991554239333110,4.579482820083911481613513590,True,False
2,210,0.2,35.4250,7260.000,3.987057145991005813315783700,3.981682068719664354073545950,True,False
2,220,0.2,36.9850,5300.000,2.912142152023692003948667320,2.906737598376614473359475690,True,False
2,230,0.2,40.0850,4260.000,2.341779094000219370406932100,2.336358899827241067266295550,True,False
2,240,0.2,41.9050,2500.000,1.376549303498957990567072500,1.371102640743686072339375330,True,False
2,250,0.2,43.9750,1420.000,0.7842492047822748711198859300,0.7787862999424136890887651800,True,False
2,260,0.2,45.6850,0,0,0,True,True
2,100,0.5,-138.6575,-77850.000,-42.68948118898760557200833610,-42.69613623275838429264814760,False,False
2,110,0.5,-41.4275,-34050.000,-18.66842162992212350553910280,-18.67441796692900430526229190,False,False
2,120,0.5,1.5325,-16550.000,-9.070966326642535921904135100,-9.076699481723201798886664700,False,False
2,130,0.5,36.9025,-2380.000,-1.299769661072721289897992800,-1.305289713987989140867085300,False,False
2,140,0.5,55.5225,3440.000,1.892069759789404409345179340,1.886637233663312035538980450,True,False
2,150,0.5,68.4025,6630.000,3.641548755072940660304924870,3.636164203252255463844023360,True,False
2,160,0.5,78.0925,8280.000,4.546451683667873203904793240,4.541091946143088271588011080,True,False
2,170,0.5,85.9425,9190.000,5.045519359438411758253811560,5.040173307373790001919543700,True,False
2,180,0.5,91.7525,9890.000,5.429417571569595261599210270,5.424082046782022102174568790,True,False
2,190,0.5,96.4325,8950.000,4.913897115279148842821103430,4.908547453862396138974963670,True,False
2,200,0.5,100.7225,8350.000,4.584841504880991554239333110,4.579482820083911481613513590,True,False
2,210,0.5,103.9525,7260.000,3.987057145991005813315783700,3.981682068719664354073545950,True,False
2,220,0.5,105.5125,5300.000,2.912142152023692003948667320,2.906737598376614473359475690,True,False
2,230,0.5,108.6125,4260.000,2.341779094000219370406932100,2.336358899827241067266295550,True,False
2,240,0.5,110.4325,2500.000,1.376549303498957990567072500,1.371102640743686072339375330,True,False
2,250,0.5,112.5025,1420.000,0.7842492047822748711198859300,0.7787862999424136890887651800,True,False
2,260,0.5,114.2125,0,0,0,True,True
2,100,1,-24.445,-77850.000,-42.68948118898760557200833610,-42.69613623275838429264814760,False,False
2,110,1,72.785,-34050.000,-18.66842162992212350553910280,-18.67441796692900430526229190,False,False
2,120,1,115.745,-16550.000,-9.070966326642535921904135100,-9.076699481723201798886664700,False,False
2,130,1,151.115,-2380.000,-1.299769661072721289897992800,-1.305289713987989140867085300,False,False
2,140,1,169.735,3440.000,1.892069759789404409345179340,1.886637233663312035538980450,True,False
2,150,1,182.615,6630.000,3.641548755072940660304924870,3.636164203252255463844023360,True,False
2,160,1,192.305,8280.000,4.546451683667873203904793240,4.541091946143088271588011080,True,False
2,170,1,200.155,9190.000,5.045519359438411758253811560,5.040173307373790001919543700,True,False
2,180,1,205.965,9890.000,5.429417571569595261599210270,5.424082046782022102174568790,True,False
2,190,1,210.645,8950.000,4.913897115279148842821103430,4.908547453862396138974963670,True,False
2,200,1,214.935,8350.000,4.584841504880991554239333110,4.579482820083911481613513590,True,False
2,210,1,218.165,7260.000,3.987057145991005813315783700,3.981682068719664354073545950,True,False
2,220,1,219.725,5300.000,2.912142152023692003948667320,2.906737598376614473359475690,True,False
2,230,1,222.825,4260.000,2.341779094000219370406932100,2.336358899827241067266295550,True,False
2,240,1,224.645,2500.000,1.376549303498957990567072500,1.371102640743686072339375330,True,False
2,250,1,226.715,1420.000,0.7842492047822748711198859300,0.7787862999424136890887651800,True,False
2,260,1,228.425,0,0,0,True,True
4,100,0,-282.520,-118500.000,-75.62065224328291531048567230,-75.62944761783195583495548390,False,False
4,110,0,-110.300,-22550.000,-14.38509158210479290318463210,-14.39193285892076459137760470,False,False
4,120,0,-71.170,-1080.000,-0.682877018316420958580636900,-0.689281041580240610141366400,False,False
4,130,0,-49.710,9410.000,6.011870572467930308251962470,6.005680186361170501324313110,False,False
4,140,0,-34.060,16480.000,10.52396451592316038036888123,10.51791811596515301400899895,False,False
4,150,0,-25.980,18100.000,11.55785308571063884102367732,11.55183967833551392922104860,False,False
4,160,0,-20.900,17240.000,11.00899865977407620141681026,11.00296773781791492484921977,False,False
4,170,0,-16.270,16480.000,10.52396451592316038036888123,10.51791811596515301400899895,False,False
4,180,0,-12.930,14980.000,9.566660284638458101984810770,9.560583335992596611034878900,False,False
4,190,0,-9.560,13780.000,8.800816899610696279277554410,8.794715512014551488655582860,False,False
4,200,0,-7.870,11570.000,7.390388665517901589125023930,7.384242269521651721607045980,False,False
4,210,0,-5.810,9710.000,6.203331418724870763928776570,6.197147142355681781919137120,False,False
4,220,0,-6.350,6390.000,4.084498053481396387772033950,4.078246162683090276669751410,False,False
4,230,0,-3.440,5350.000,3.420767119790669474759078440,3.414494048568784503941028180,False,False
4,240,0,-2.260,3370.000,2.157125534494862467292105430,2.150812139005010052015189710,False,False
4,250,0,-1.030,1870.000,1.199821303210160188908034970,1.193477359032453649041069660,False,False
4,260,0,0.000,0,0,0,True,True
4,100,0.025,-279.312625,-118500.000,-75.62065224328291531048567230,-75.62944761783195583495548390,False,False
4,110,0.025,-107.092625,-22550.000,-14.38509158210479290318463210,-14.39193285892076459137760470,False,False
4,120,0.025,-67.962625,-1080.000,-0.682877018316420958580636900,-0.689281041580240610141366400,False,False
4,130,0.025,-46.502625,9410.000,6.011870572467930308251962470,6.005680186361170501324313110,False,False
4,140,0.025,-30.852625,16480.000,10.52396451592316038036888123,10.51791811596515301400899895,False,False
4,150,0.025,-22.772625,18100.000,11.55785308571063884102367732,11.55183967833551392922104860,False,False
4,160,0.025,-17.692625,17240.000,11.00899865977407620141681026,11.00296773781791492484921977,False,False
4,170,0.025,-13.062625,16480.000,10.52396451592316038036888123,10.51791811596515301400899895,False,False
4,180,0.025,-9.722625,14980.000,9.566660284638458101984810770,9.560583335992596611034878900,False,False
4,190,0.025,-6.352625,13780.000,8.800816899610696279277554410,8.794715512014551488655582860,False,False
4,200,0.025,-4.662625,11570.000,7.390388665517901589125023930,7.384242269521651721607045980,False,False
4,210,0.025,-2.602625,9710.000,6.203331418724870763928776570,6.197147142355681781919137120,False,False
4,220,0.025,-3.142625,6390.000,4.084498053481396387772033950,4.078246162683090276669751410,False,False
4,230,0.025,-0.232625,5350.000,3.420767119790669474759078440,3.414494048568784503941028180,False,False
4,240,0.025,0.947375,3370.000,2.157125534494862467292105430,2.150812139005010052015189710,True,False
4,250,0.025,2.177375,1870.000,1.199821303210160188908034970,1.193477359032453649041069660,True,False
4,260,0.025,3.207375,0,0,0,True,True
4,100,0.05,-276.10525,-118500.000,-75.62065224328291531048567230,-75.62944761783195583495548390,False,False
4,110,0.05,-103.88525,-22550.000,-14.38509158210479290318463210,-14.39193285892076459137760470,False,False
4,120,0.05,-64.75525,-1080.000,-0.682877018316420958580636900,-0.689281041580240610141366400,False,False
4,130,0.05,-43.29525,9410.000,6.011870572467930308251962470,6.005680186361170501324313110,False,False
4,140,0.05,-27.64525,16480.000,10.52396451592316038036888123,10.51791811596515301400899895,False,False
4,150,0.05,-19.56525,18100.000,11.55785308571063884102367732,11.55183967833551392922104860,False,False
4,160,0.05,-14.48525,17240.000,11.00899865977407620141681026,11.00296773781791492484921977,False,False
4,170,0.05,-9.85525,16480.000,10.52396451592316038036888123,10.51791811596515301400899895,False,False
4,180,0.05,-6.51525,14980.000,9.566660284638458101984810770,9.560583335992596611034878900,False,False
4,190,0.05,-3.14525,13780.000,8.800816899610696279277554410,8.794715512014551488655582860,False,False
4,200,0.05,-1.45525,11570.000,7.390388665517901589125023930,7.384242269521651721607045980,False,False
4,210,0.05,0.60475,9710.000,6.203331418724870763928776570,6.197147142355681781919137120,True,False
4,220,0.05,0.06475,6390.000,4.084498053481396387772033950,4.078246162683090276669751410,True,False
4,230,0.05,2.97475,5350.000,3.420767119790669474759078440,3.414494048568784503941028180,True,False
4,240,0.05,4.15475,3370.000,2.157125534494862467292105430,2.150812139005010052015189710,True,False
4,250,0.05,5.38475,1870.000,1.199821303210160188908034970,1.193477359032453649041069660,True,False
4,260,0.05,6.41475,0,0,0,True,True
4,100,0.1,-269.6905,-118500.000,-75.62065224328291531048567230,-75.62944761783195583495548390,False,False
4,110,0.1,-97.4705,-22550.000,-14.38509158210479290318463210,-14.39193285892076459137760470,False,False
4,120,0.1,-58.3405,-1080.000,-0.682877018316420958580636900,-0.689281041580240610141366400,False,False
4,130,0.1,-36.8805,9410.000,6.011870572467930308251962470,6.005680186361170501324313110,False,False
4,140,0.1,-21.2305,16480.000,10.52396451592316038036888123,10.51791811596515301400899895,False,False
4,150,0.1,-13.1505,18100.000,11.55785308571063884102367732,11.55183967833551392922104860,False,False
4,160,0.1,-8.0705,17240.000,11.00899865977407620141681026,11.00296773781791492484921977,False,False
4,170,0.1,-3.4405,16480.000,10.52396451592316038036888123,10.51791811596515301400899895,False,False
4,180,0.1,-0.1005,14980.000,9.566660284638458101984810770,9.560583335992596611034878900,False,False
4,190,0.1,3.2695,13780.000,8.800816899610696279277554410,8.794715512014551488655582860,True,False
4,200,0.1,4.9595,11570.000,7.390388665517901589125023930,7.384242269521651721607045980,True,False
4,210,0.1,7.0195,9710.000,6.203331418724870763928776570,6.197147142355681781919137120,True,False
4,220,0.1,6.4795,6390.000,4.084498053481396387772033950,4.078246162683090276669751410,True,False
4,230,0.1,9.3895,5350.000,3.420767119790669474759078440,3.414494048568784503941028180,True,False
4,240,0.1,10.5695,3370.000,2.157125534494862467292105430,2.150812139005010052015189710,True,False
4,250,0.1,11.7995,1870.000,1.199821303210160188908034970,1.193477359032453649041069660,True,False
4,260,0.1,12.8295,0,0,0,True,True
4,100,0.2,-256.8610,-118500.000,-75.62065224328291531048567230,-75.62944761783195583495548390,False,False
4,110,0.2,-84.6410,-22550.000,-14.38509158210479290318463210,-14.39193285892076459137760470,False,False
4,120,0.2,-45.5110,-1080.000,-0.682877018316420958580636900,-0.689281041580240610141366400,False,False
4,130,0.2,-24.0510,9410.000,6.011870572467930308251962470,6.005680186361170501324313110,False,False
4,140,0.2,-8.4010,16480.000,10.52396451592316038036888123,10.51791811596515301400899895,False,False
4,150,0.2,-0.3210,18100.000,11.55785308571063884102367732,11.55183967833551392922104860,False,False
4,160,0.2,4.7590,17240.000,11.00899865977407620141681026,11.00296773781791492484921977,True,False
4,170,0.2,9.3890,16480.000,10.52396451592316038036888123,10.51791811596515301400899895,True,False
4,180,0.2,12.7290,14980.000,9.566660284638458101984810770,9.560583335992596611034878900,True,False
4,190,0.2,16.0990,13780.000,8.800816899610696279277554410,8.794715512014551488655582860,True,False
4,200,0.2,17.7890,11570.000,7.390388665517901589125023930,7.384242269521651721607045980,True,False
4,210,0.2,19.8490,9710.000,6.203331418724870763928776570,6.197147142355681781919137120,True,False
4,220,0.2,19.3090,6390.000,4.084498053481396387772033950,4.078246162683090276669751410,True,False
4,230,0.2,22.2190,5350.000,3.420767119790669474759078440,3.414494048568784503941028180,True,False
4,240,0.2,23.3990,3370.000,2.157125534494862467292105430,2.150812139005010052015189710,True,False
4,250,0.2,24.6290,1870.000,1.199821303210160188908034970,1.193477359032453649041069660,True,False
4,260,0.2,25.6590,0,0,0,True,True
4,100,0.5,-218.3725,-118500.000,-75.62065224328291531048567230,-75.62944761783195583495548390,False,False
4,110,0.5,-46.1525,-22550.000,-14.38509158210479290318463210,-14.39193285892076459137760470,False,False
4,120,0.5,-7.0225,-1080.000,-0.682877018316420958580636900,-0.689281041580240610141366400,False,False
4,130,0.5,14.4375,9410.000,6.011870572467930308251962470,6.005680186361170501324313110,True,False
4,140,0.5,30.0875,16480.000,10.52396451592316038036888123,10.51791811596515301400899895,True,False
4,150,0.5,38.1675,18100.000,11.55785308571063884102367732,11.55183967833551392922104860,True,False
4,160,0.5,43.2475,17240.000,11.00899865977407620141681026,11.00296773781791492484921977,True,False
4,170,0.5,47.8775,16480.000,10.52396451592316038036888123,10.51791811596515301400899895,True,False
4,180,0.5,51.2175,14980.000,9.566660284638458101984810770,9.560583335992596611034878900,True,False
4,190,0.5,54.5875,13780.000,8.800816899610696279277554410,8.794715512014551488655582860,True,False
4,200,0.5,56.2775,11570.000,7.390388665517901589125023930,7.384242269521651721607045980,True,False
4,210,0.5,58.3375,9710.000,6.203331418724870763928776570,6.197147142355681781919137120,True,False
4,220,0.5,57.7975,6390.000,4.084498053481396387772033950,4.078246162683090276669751410,True,False
4,230,0.5,60.7075,5350.000,3.420767119790669474759078440,3.414494048568784503941028180,True,False
4,240,0.5,61.8875,3370.000,2.157125534494862467292105430,2.150812139005010052015189710,True,False
4,250,0.5,63.1175,1870.000,1.199821303210160188908034970,1.193477359032453649041069660,True,False
4,260,0.5,64.1475,0,0,0,True,True
4,100,1,-154.225,-118500.000,-75.62065224328291531048567230,-75.62944761783195583495548390,False,False
4,110,1,17.995,-22550.000,-14.38509158210479290318463210,-14.39193285892076459137760470,False,False
4,120,1,57.125,-1080.000,-0.682877018316420958580636900,-0.689281041580240610141366400,False,False
4,130,1,78.585,9410.000,6.011870572467930308251962470,6.005680186361170501324313110,True,False
4,140,1,94.235,16480.000,10.52396451592316038036888123,10.51791811596515301400899895,True,False
4,150,1,102.315,18100.000,11.55785308571063884102367732,11.55183967833551392922104860,True,False
4,160,1,107.395,17240.000,11.00899865977407620141681026,11.00296773781791492484921977,True,False
4,170,1,112.025,16480.000,10.52396451592316038036888123,10.51791811596515301400899895,True,False
4,180,1,115.365,14980.000,9.566660284638458101984810770,9.560583335992596611034878900,True,False
4,190,1,118.735,13780.000,8.800816899610696279277554410,8.794715512014551488655582860,True,False
4,200,1,120.425,11570.000,7.390388665517901589125023930,7.384242269521651721607045980,True,False
4,210,1,122.485,9710.000,6.203331418724870763928776570,6.197147142355681781919137120,True,False
4,220,1,121.945,6390.000,4.084498053481396387772033950,4.078246162683090276669751410,True,False
4,230,1,124.855,5350.000,3.420767119790669474759078440,3.414494048568784503941028180,True,False
4,240,1,126.035,3370.000,2.157125534494862467292105430,2.150812139005010052015189710,True,False
4,250,1,127.265,1870.000,1.199821303210160188908034970,1.193477359032453649041069660,True,False
4,260,1,128.295,0,0,0,True,True
8,100,0,-179.220,-73220.000,-40.61355819372018195939198930,-40.62023244847577043632631550,False,False
8,110,0,-77.750,740.000,0.4160656829024742039276600500,0.4105295276136584283376328000,False,False
8,120,0,-40.560,27250.000,15.12260068789526239875735049,15.11747246955701644891958614,False,False
8,130,0,-28.790,35520.000,19.71041828469987795406634861,19.70541732545560456020637430,False,False
8,140,0,-19.100,42370.000,23.51048485520914234993897703,23.50558930404149676846689412,False,False
8,150,0,-13.610,45100.000,25.02496394097414845223565960,25.02011039915675015949626917,False,False
8,160,0,-10.270,45770.000,25.39664928436702540774436924,25.39180605253668414191007184,False,False
8,170,0,-8.030,43980.000,24.40363918783978697437035393,24.39876841141715902471498710,False,False
8,180,0,-6.830,38010.000,21.09175635193609231110617996,21.08679370891237413663976034,False,False
8,190,0,-4.840,31990.000,17.75213580383889936758016199,17.74708052481207178719036920,False,False
8,200,0,-3.410,26550.000,14.73427271718628647509153445,14.72913372721977198968128485,False,False
8,210,0,-2.350,21200.000,11.76633751248197048707422612,11.76111619649940362264569637,False,False
8,220,0,-2.620,15670.000,8.698546543881060690114279370,8.693240132035172394663116140,False,False
8,230,0,-1.640,11850.000,6.579385332297792078109397540,6.574020138137638345676957640,False,False
8,240,0,-0.790,7220.000,4.010873183179851325862642850,4.005436742392721422429336220,False,False
8,250,0,-0.850,3080.000,1.714190613558193720181959390,1.708690466283875620648525700,False,False
8,260,0,0.000,0,0,0,True,True
8,100,0.025,-177.081125,-73220.000,-40.61355819372018195939198930,-40.62023244847577043632631550,False,False
8,110,0.025,-75.611125,740.000,0.4160656829024742039276600500,0.4105295276136584283376328000,False,False
8,120,0.025,-38.421125,27250.000,15.12260068789526239875735049,15.11747246955701644891958614,False,False
8,130,0.025,-26.651125,35520.000,19.71041828469987795406634861,19.70541732545560456020637430,False,False
8,140,0.025,-16.961125,42370.000,23.51048485520914234993897703,23.50558930404149676846689412,False,False
8,150,0.025,-11.471125,45100.000,25.02496394097414845223565960,25.02011039915675015949626917,False,False
8,160,0.025,-8.131125,45770.000,25.39664928436702540774436924,25.39180605253668414191007184,False,False
8,170,0.025,-5.891125,43980.000,24.40363918783978697437035393,24.39876841141715902471498710,False,False
8,180,0.025,-4.691125,38010.000,21.09175635193609231110617996,21.08679370891237413663976034,False,False
8,190,0.025,-2.701125,31990.000,17.75213580383889936758016199,17.74708052481207178719036920,False,False
8,200,0.025,-1.271125,26550.000,14.73427271718628647509153445,14.72913372721977198968128485,False,False
8,210,0.025,-0.211125,21200.000,11.76633751248197048707422612,11.76111619649940362264569637,False,False
8,220,0.025,-0.481125,15670.000,8.698546543881060690114279370,8.693240132035172394663116140,False,False
8,230,0.025,0.498875,11850.000,6.579385332297792078109397540,6.574020138137638345676957640,True,False
8,240,0.025,1.348875,7220.000,4.010873183179851325862642850,4.005436742392721422429336220,True,False
8,250,0.025,1.288875,3080.000,1.714190613558193720181959390,1.708690466283875620648525700,True,False
8,260,0.025,2.138875,0,0,0,True,True
8,100,0.05,-174.94225,-73220.000,-40.61355819372018195939198930,-40.62023244847577043632631550,False,False
8,110,0.05,-73.47225,740.000,0.4160656829024742039276600500,0.4105295276136584283376328000,False,False
8,120,0.05,-36.28225,27250.000,15.12260068789526239875735049,15.11747246955701644891958614,False,False
8,130,0.05,-24.51225,35520.000,19.71041828469987795406634861,19.70541732545560456020637430,False,False
8,140,0.05,-14.82225,42370.000,23.51048485520914234993897703,23.50558930404149676846689412,False,False
8,150,0.05,-9.33225,45100.000,25.02496394097414845223565960,25.02011039915675015949626917,False,False
8,160,0.05,-5.99225,45770.000,25.39664928436702540774436924,25.39180605253668414191007184,False,False
8,170,0.05,-3.75225,43980.000,24.40363918783978697437035393,24.39876841141715902471498710,False,False
8,180,0.05,-2.55225,38010.000,21.09175635193609231110617996,21.08679370891237413663976034,False,False
8,190,0.05,-0.56225,31990.000,17.75213580383889936758016199,17.74708052481207178719036920,False,False
8,200,0.05,0.86775,26550.000,14.73427271718628647509153445,14.72913372721977198968128485,True,False
8,210,0.05,1.92775,21200.000,11.76633751248197048707422612,11.76111619649940362264569637,True,False
8,220,0.05,1.65775,15670.000,8.698546543881060690114279370,8.693240132035172394663116140,True,False
8,230,0.05,2.63775,11850.000,6.579385332297792078109397540,6.574020138137638345676957640,True,False
8,240,0.05,3.48775,7220.000,4.010873183179851325862642850,4.005436742392721422429336220,True,False
8,250,0.05,3.42775,3080.000,1.714190613558193720181959390,1.708690466283875620648525700,True,False
8,260,0.05,4.27775,0,0,0,True,True
8,100,0.1,-170.6645,-73220.000,-40.61355819372018195939198930,-40.62023244847577043632631550,False,False
8,110,0.1,-69.1945,740.000,0.4160656829024742039276600500,0.4105295276136584283376328000,False,False
8,120,0.1,-32.0045,27250.000,15.12260068789526239875735049,15.11747246955701644891958614,False,False
8,130,0.1,-20.2345,35520.000,19.71041828469987795406634861,19.70541732545560456020637430,False,False
8,140,0.1,-10.5445,42370.000,23.51048485520914234993897703,23.50558930404149676846689412,False,False
8,150,0.1,-5.0545,45100.000,25.02496394097414845223565960,25.02011039915675015949626917,False,False
8,160,0.1,-1.7145,45770.000,25.39664928436702540774436924,25.39180605253668414191007184,False,False
8,170,0.1,0.5255,43980.000,24.40363918783978697437035393,24.39876841141715902471498710,True,False
8,180,0.1,1.7255,38010.000,21.09175635193609231110617996,21.08679370891237413663976034,True,False
8,190,0.1,3.7155,31990.000,17.75213580383889936758016199,17.74708052481207178719036920,True,False
8,200,0.1,5.1455,26550.000,14.73427271718628647509153445,14.72913372721977198968128485,True,False
8,210,0.1,6.2055,21200.000,11.76633751248197048707422612,11.76111619649940362264569637,True,False
8,220,0.1,5.9355,15670.000,8.698546543881060690114279370,8.693240132035172394663116140,True,False
8,230,0.1,6.9155,11850.000,6.579385332297792078109397540,6.574020138137638345676957640,True,False
8,240,0.1,7.7655,7220.000,4.010873183179851325862642850,4.005436742392721422429336220,True,False
8,250,0.1,7.7055,3080.000,1.714190613558193720181959390,1.708690466283875620648525700,True,False
8,260,0.1,8.5555,0,0,0,True,True
8,100,0.2,-162.1090,-73220.000,-40.61355819372018195939198930,-40.62023244847577043632631550,False,False
8,110,0.2,-60.6390,740.000,0.4160656829024742039276600500,0.4105295276136584283376328000,False,False
8,120,0.2,-23.4490,27250.000,15.12260068789526239875735049,15.11747246955701644891958614,False,False
8,130,0.2,-11.6790,35520.000,19.71041828469987795406634861,19.70541732545560456020637430,False,False
8,140,0.2,-1.9890,42370.000,23.51048485520914234993897703,23.50558930404149676846689412,False,False
8,150,0.2,3.5010,45100.000,25.02496394097414845223565960,25.02011039915675015949626917,True,False
8,160,0.2,6.8410,45770.000,25.39664928436702540774436924,25.39180605253668414191007184,True,False
8,170,0.2,9.0810,43980.000,24.40363918783978697437035393,24.39876841141715902471498710,True,False
8,180,0.2,10.2810,38010.000,21.09175635193609231110617996,21.08679370891237413663976034,True,False
8,190,0.2,12.2710,31990.000,17.75213580383889936758016199,17.74708052481207178719036920,True,False
8,200,0.2,13.7010,26550.000,14.73427271718628647509153445,14.72913372721977198968128485,True,False
8,210,0.2,14.7610,21200.000,11.76633751248197048707422612,11.76111619649940362264569637,True,False
8,220,0.2,14.4910,15670.000,8.698546543881060690114279370,8.693240132035172394663116140,True,False
8,230,0.2,15.4710,11850.000,6.579385332297792078109397540,6.574020138137638345676957640,True,False
8,240,0.2,16.3210,7220.000,4.010873183179851325862642850,4.005436742392721422429336220,True,False
8,250,0.2,16.2610,3080.000,1.714190613558193720181959390,1.708690466283875620648525700,True,False
8,260,0.2,17.1110,0,0,0,True,True
8,100,0.5,-136.4425,-73220.000,-40.61355819372018195939198930,-40.62023244847577043632631550,False,False
8,110,0.5,-34.9725,740.000,0.4160656829024742039276600500,0.4105295276136584283376328000,False,False
8,120,0.5,2.2175,27250.000,15.12260068789526239875735049,15.11747246955701644891958614,True,False
8,130,0.5,13.9875,35520.000,19.71041828469987795406634861,19.70541732545560456020637430,True,False
8,140,0.5,23.6775,42370.000,23.51048485520914234993897703,23.50558930404149676846689412,True,False
8,150,0.5,29.1675,45100.000,25.02496394097414845223565960,25.02011039915675015949626917,True,False
8,160,0.5,32.5075,45770.000,25.39664928436702540774436924,25.39180605253668414191007184,True,False
8,170,0.5,34.7475,43980.000,24.40363918783978697437035393,24.39876841141715902471498710,True,False
8,180,0.5,35.9475,38010.000,21.09175635193609231110617996,21.08679370891237413663976034,True,False
8,190,0.5,37.9375,31990.000,17.75213580383889936758016199,17.74708052481207178719036920,True,False
8,200,0.5,39.3675,26550.000,14.73427271718628647509153445,14.72913372721977198968128485,True,False
8,210,0.5,40.4275,21200.000,11.76633751248197048707422612,11.76111619649940362264569637,True,False
8,220,0.5,40.1575,15670.000,8.698546543881060690114279370,8.693240132035172394663116140,True,False
8,230,0.5,41.1375,11850.000,6.579385332297792078109397540,6.574020138137638345676957640,True,False
8,240,0.5,41.9875,7220.000,4.010873183179851325862642850,4.005436742392721422429336220,True,False
8,250,0.5,41.9275,3080.000,1.714190613558193720181959390,1.708690466283875620648525700,True,False
8,260,0.5,42.7775,0,0,0,True,True
8,100,1,-93.665,-73220.000,-40.61355819372018195939198930,-40.62023244847577043632631550,False,False
8,110,1,7.805,740.000,0.4160656829024742039276600500,0.4105295276136584283376328000,True,False
8,120,1,44.995,27250.000,15.12260068789526239875735049,15.11747246955701644891958614,True,False
8,130,1,56.765,35520.000,19.71041828469987795406634861,19.70541732545560456020637430,True,False
8,140,1,66.455,42370.000,23.51048485520914234993897703,23.50558930404149676846689412,True,False
8,150,1,71.945,45100.000,25.02496394097414845223565960,25.02011039915675015949626917,True,False
8,160,1,75.285,45770.000,25.39664928436702540774436924,25.39180605253668414191007184,True,False
8,170,1,77.525,43980.000,24.40363918783978697437035393,24.39876841141715902471498710,True,False
8,180,1,78.725,38010.000,21.09175635193609231110617996,21.08679370891237413663976034,True,False
8,190,1,80.715,31990.000,17.75213580383889936758016199,17.74708052481207178719036920,True,False
8,200,1,82.145,26550.000,14.73427271718628647509153445,14.72913372721977198968128485,True,False
8,210,1,83.205,21200.000,11.76633751248197048707422612,11.76111619649940362264569637,True,False
8,220,1,82.935,15670.000,8.698546543881060690114279370,8.693240132035172394663116140,True,False
8,230,1,83.915,11850.000,6.579385332297792078109397540,6.574020138137638345676957640,True,False
8,240,1,84.765,7220.000,4.010873183179851325862642850,4.005436742392721422429336220,True,False
8,250,1,84.705,3080.000,1.714190613558193720181959390,1.708690466283875620648525700,True,False
8,260,1,85.555,0,0,0,True,True
