run,cluster,start,workload,slack,jobs,fixed_work_gpu_h,week_allocation_gpu_h,cohort_share_of_week_gpu_h,cohort_incremental_gpu_energy_saving_pct,all_gpu_energy_saving_pct,upper_bound_on_cohort_saving_pct,exact_gang_capacity_excess_gpus,max_work_error_gpu_h,max_deadline_or_release_violation_s
Earth_2020-05-04_ft_llama_8b_dolly_0,Earth,2020-05-04,ft_llama_8b_dolly,0,19037,20703.073055555556,77774.56222222222,0.26619337305173735,3.615687509137437,0.697540572518635,3.776228190657983,0.0,1.714023367682671e-11,0.0
Earth_2020-05-04_ft_llama_8b_dolly_6,Earth,2020-05-04,ft_llama_8b_dolly,6,19037,20703.073055555556,77774.56222222222,0.26619337305173735,31.333210968324426,6.044821589934976,33.35702183764885,0.0,5.08030950641114e-10,0.0
Earth_2020-05-04_ft_llama_8b_dolly_24,Earth,2020-05-04,ft_llama_8b_dolly,24,19037,20703.073055555556,77774.56222222222,0.26619337305173735,35.6505068956039,6.877716873400808,35.65050689560191,0.0,5.08030950641114e-10,0.0
Earth_2020-05-04_ft_llama_8b_p3_0,Earth,2020-05-04,ft_llama_8b_p3,0,19037,20703.073055555556,77774.56222222222,0.26619337305173735,3.1388695138703766,0.605552562889695,3.4136662687422095,0.0,4.944453735333809e-10,0.0
Earth_2020-05-04_ft_llama_8b_p3_6,Earth,2020-05-04,ft_llama_8b_p3,6,19037,20703.073055555556,77774.56222222222,0.26619337305173735,27.223741880778487,5.25202038329578,30.241059603488644,0.0,4.6359005523299857e-10,0.0
Earth_2020-05-04_ft_llama_8b_p3_24,Earth,2020-05-04,ft_llama_8b_p3,24,19037,20703.073055555556,77774.56222222222,0.26619337305173735,33.538835054804764,6.470331893067177,33.53883505480573,0.0,4.6359005523299857e-10,0.0
Earth_2020-05-04_infer_llama_8b_48g_0,Earth,2020-05-04,infer_llama_8b_48g,0,19037,20703.073055555556,77774.56222222222,0.26619337305173735,3.692429803188687,0.7123457412710842,4.01919652486426,0.0,6.399432095349766e-10,0.0
Earth_2020-05-04_infer_llama_8b_48g_6,Earth,2020-05-04,infer_llama_8b_48g,6,19037,20703.073055555556,77774.56222222222,0.26619337305173735,32.01979488308842,6.177277764805247,35.097311902558125,0.0,5.186890916775155e-10,0.0
Earth_2020-05-04_infer_llama_8b_48g_24,Earth,2020-05-04,infer_llama_8b_48g,24,19037,20703.073055555556,77774.56222222222,0.26619337305173735,39.044791313200456,7.532544230565369,39.04479131319985,0.0,5.186890916775155e-10,0.0
Earth_2020-05-04_infer_llama_8b_32g_0,Earth,2020-05-04,infer_llama_8b_32g,0,19037,20703.073055555556,77774.56222222222,0.26619337305173735,3.692429803188687,0.7123457412710842,4.01919652486426,0.0,6.399432095349766e-10,0.0
Earth_2020-05-04_infer_llama_8b_32g_6,Earth,2020-05-04,infer_llama_8b_32g,6,19037,20703.073055555556,77774.56222222222,0.26619337305173735,32.01979488308842,6.177277764805247,35.097311902558125,0.0,5.186961971048731e-10,0.0
Earth_2020-05-04_infer_llama_8b_32g_24,Earth,2020-05-04,infer_llama_8b_32g,24,19037,20703.073055555556,77774.56222222222,0.26619337305173735,39.044791313200456,7.532544230565369,39.044791313199845,0.0,5.186961971048731e-10,0.0
Earth_2020-05-04_infer_llama_8b_0,Earth,2020-05-04,infer_llama_8b,0,19037,20703.073055555556,77774.56222222222,0.26619337305173735,3.6902482944920725,0.7119248833232262,4.016841837999828,0.0,6.399432095349766e-10,0.0
Earth_2020-05-04_infer_llama_8b_6,Earth,2020-05-04,infer_llama_8b,6,19037,20703.073055555556,77774.56222222222,0.26619337305173735,32.00124261487182,6.173698650249406,35.076800027616905,0.0,5.186961971048731e-10,0.0
Earth_2020-05-04_infer_llama_8b_24,Earth,2020-05-04,infer_llama_8b,24,19037,20703.073055555556,77774.56222222222,0.26619337305173735,39.02218616443988,7.52818323189818,39.02218616443927,0.0,5.186961971048731e-10,0.0
Earth_2020-05-04_pt_mpt_13b_lg_0,Earth,2020-05-04,pt_mpt_13b_lg,0,19037,20703.073055555556,77774.56222222222,0.26619337305173735,2.080130033758708,0.4012999162661054,2.363772121799669,0.0,1.0476952638782677e-11,0.0
Earth_2020-05-04_pt_mpt_13b_lg_6,Earth,2020-05-04,pt_mpt_13b_lg,6,19037,20703.073055555556,77774.56222222222,0.26619337305173735,17.35031156279124,3.3472323673716184,20.39562334674521,0.0,3.8760106235713465e-10,0.0
Earth_2020-05-04_pt_mpt_13b_lg_24,Earth,2020-05-04,pt_mpt_13b_lg,24,19037,20703.073055555556,77774.56222222222,0.26619337305173735,25.207672180579006,4.863079024464108,26.145339152628544,0.0,3.8760106235713465e-10,0.0
Earth_2020-05-04_pt_mpt_13b_sm_0,Earth,2020-05-04,pt_mpt_13b_sm,0,19037,20703.073055555556,77774.56222222222,0.26619337305173735,2.0993220732642985,0.4050024558773684,2.436658402190659,0.0,1.8218093700284044e-11,0.0
Earth_2020-05-04_pt_mpt_13b_sm_6,Earth,2020-05-04,pt_mpt_13b_sm,6,19037,20703.073055555556,77774.56222222222,0.26619337305173735,18.018265441736744,3.4760944247143013,21.191489979869544,0.0,3.9466563350742945e-10,0.0
Earth_2020-05-04_pt_mpt_13b_sm_24,Earth,2020-05-04,pt_mpt_13b_sm,24,19037,20703.073055555556,77774.56222222222,0.26619337305173735,25.975586937344698,5.011225593471018,27.03873510308021,0.0,3.9466563350742945e-10,0.0
Earth_2020-05-04_pt_mpt_7b_fast_0,Earth,2020-05-04,pt_mpt_7b_fast,0,19037,20703.073055555556,77774.56222222222,0.26619337305173735,2.231148971133792,0.43043457897452697,2.515029054985414,0.0,1.3487433392356252e-11,0.0
Earth_2020-05-04_pt_mpt_7b_fast_6,Earth,2020-05-04,pt_mpt_7b_fast,6,19037,20703.073055555556,77774.56222222222,0.26619337305173735,19.06823582309133,3.6786553316197796,22.11232356491598,0.0,2.750866201495228e-10,0.0
Earth_2020-05-04_pt_mpt_7b_fast_24,Earth,2020-05-04,pt_mpt_7b_fast,24,19037,20703.073055555556,77774.56222222222,0.26619337305173735,26.043625296357366,5.024351593928465,26.807415069192075,0.0,2.750866201495228e-10,0.0
Earth_2020-07-06_ft_llama_8b_dolly_0,Earth,2020-07-06,ft_llama_8b_dolly,0,13815,47701.92555555556,141417.0061111111,0.33731392614885536,2.157220347106722,0.555885667589293,2.563122230181368,0.0,2.0236257114447653e-11,0.0
Earth_2020-07-06_ft_llama_8b_dolly_6,Earth,2020-07-06,ft_llama_8b_dolly,6,13815,47701.92555555556,141417.0061111111,0.33731392614885536,31.999199387158566,8.245748440816802,33.42935483766345,0.0,6.709610644861641e-11,0.0
Earth_2020-07-06_ft_llama_8b_dolly_24,Earth,2020-07-06,ft_llama_8b_dolly,24,13815,47701.92555555556,141417.0061111111,0.33731392614885536,35.65050689560154,9.186639580948537,35.6505068956019,0.0,6.709610644861641e-11,0.0
Earth_2020-07-06_ft_llama_8b_p3_0,Earth,2020-07-06,ft_llama_8b_p3,0,13815,47701.92555555556,141417.0061111111,0.33731392614885536,1.82129878744002,0.46932335572188916,2.193620577498926,0.0,2.2345014727420676e-11,0.0
Earth_2020-07-06_ft_llama_8b_p3_6,Earth,2020-07-06,ft_llama_8b_p3,6,13815,47701.92555555556,141417.0061111111,0.33731392614885536,29.082753008333526,7.49422078882895,30.602579422162307,0.0,5.467937214120866e-11,0.0
Earth_2020-07-06_ft_llama_8b_p3_24,Earth,2020-07-06,ft_llama_8b_p3,24,13815,47701.92555555556,141417.0061111111,0.33731392614885536,33.261611220293574,8.57105440484411,33.52730068178507,0.0,5.467937214120866e-11,0.0
Earth_2020-07-06_infer_llama_8b_48g_0,Earth,2020-07-06,infer_llama_8b_48g,0,13815,47701.92555555556,141417.0061111111,0.33731392614885536,2.244528876577008,0.5783838608109186,2.6569819349452004,0.0,1.6655121726216748e-11,0.0
Earth_2020-07-06_infer_llama_8b_48g_6,Earth,2020-07-06,infer_llama_8b_48g,6,13815,47701.92555555556,141417.0061111111,0.33731392614885536,33.95373415166002,8.749404853963743,35.66507616865758,0.0,6.419043074856745e-11,0.0
Earth_2020-07-06_infer_llama_8b_48g_24,Earth,2020-07-06,infer_llama_8b_48g,24,13815,47701.92555555556,141417.0061111111,0.33731392614885536,38.74583000571916,9.984261277675087,39.01980388691357,0.0,6.419043074856745e-11,0.0
Earth_2020-07-06_infer_llama_8b_32g_0,Earth,2020-07-06,infer_llama_8b_32g,0,13815,47701.92555555556,141417.0061111111,0.33731392614885536,2.244528876577008,0.5783838608109186,2.6569819349452004,0.0,1.6655121726216748e-11,0.0
Earth_2020-07-06_infer_llama_8b_32g_6,Earth,2020-07-06,infer_llama_8b_32g,6,13815,47701.92555555556,141417.0061111111,0.33731392614885536,33.95373415166002,8.749404853963743,35.66507616865756,0.0,6.417621989385225e-11,0.0
Earth_2020-07-06_infer_llama_8b_32g_24,Earth,2020-07-06,infer_llama_8b_32g,24,13815,47701.92555555556,141417.0061111111,0.33731392614885536,38.74583000571916,9.984261277675087,39.01980388691356,0.0,6.417621989385225e-11,0.0
Earth_2020-07-06_infer_llama_8b_0,Earth,2020-07-06,infer_llama_8b,0,13815,47701.92555555556,141417.0061111111,0.33731392614885536,2.2431012887836843,0.5780159913002316,2.655358124107804,0.0,1.6655121726216748e-11,0.0
Earth_2020-07-06_infer_llama_8b_6,Earth,2020-07-06,infer_llama_8b,6,13815,47701.92555555556,141417.0061111111,0.33731392614885536,33.93395704184804,8.744308567946618,35.64439142473913,0.0,6.417621989385225e-11,0.0
Earth_2020-07-06_infer_llama_8b_24,Earth,2020-07-06,infer_llama_8b,24,13815,47701.92555555556,141417.0061111111,0.33731392614885536,38.723376255418465,9.978475258647162,38.99721139215791,0.0,6.417621989385225e-11,0.0
Earth_2020-07-06_pt_mpt_13b_lg_0,Earth,2020-07-06,pt_mpt_13b_lg,0,13815,47701.92555555556,141417.0061111111,0.33731392614885536,0.9688704726566787,0.24966443980683764,1.3653211020212983,0.0,2.513611541132832e-11,0.0
Earth_2020-07-06_pt_mpt_13b_lg_6,Earth,2020-07-06,pt_mpt_13b_lg,6,13815,47701.92555555556,141417.0061111111,0.33731392614885536,19.978630539849448,5.1482151047106814,21.794331735904876,0.0,5.205702535704404e-11,0.0
Earth_2020-07-06_pt_mpt_13b_lg_24,Earth,2020-07-06,pt_mpt_13b_lg,24,13815,47701.92555555556,141417.0061111111,0.33731392614885536,25.50476383254224,6.572222762860207,25.990996979216682,0.0,5.205702535704404e-11,0.0
Earth_2020-07-06_pt_mpt_13b_sm_0,Earth,2020-07-06,pt_mpt_13b_sm,0,13815,47701.92555555556,141417.0061111111,0.33731392614885536,0.9765350377872135,0.25163949159516485,1.4340886793227483,0.0,1.603117638637741e-11,0.0
Earth_2020-07-06_pt_mpt_13b_sm_6,Earth,2020-07-06,pt_mpt_13b_sm,6,13815,47701.92555555556,141417.0061111111,0.33731392614885536,20.412499638240686,5.260017134451895,22.586121579084782,0.0,5.615374831791087e-11,0.0
Earth_2020-07-06_pt_mpt_13b_sm_24,Earth,2020-07-06,pt_mpt_13b_sm,24,13815,47701.92555555556,141417.0061111111,0.33731392614885536,26.34285266846226,6.788186594593659,26.80845829490733,0.0,5.615374831791087e-11,0.0
Earth_2020-07-06_pt_mpt_7b_fast_0,Earth,2020-07-06,pt_mpt_7b_fast,0,13815,47701.92555555556,141417.0061111111,0.33731392614885536,1.1773235000025624,0.3033798845098275,1.517849028560283,0.0,1.2960299500264227e-11,0.0
Earth_2020-07-06_pt_mpt_7b_fast_6,Earth,2020-07-06,pt_mpt_7b_fast,6,13815,47701.92555555556,141417.0061111111,0.33731392614885536,21.3879947094703,5.5113886411354045,23.082882837593253,0.0,7.286349301693917e-11,0.0
Earth_2020-07-06_pt_mpt_7b_fast_24,Earth,2020-07-06,pt_mpt_7b_fast,24,13815,47701.92555555556,141417.0061111111,0.33731392614885536,26.3569861641343,6.791828599772945,26.68656390267312,0.0,7.286349301693917e-11,0.0
Earth_2020-09-07_ft_llama_8b_dolly_0,Earth,2020-09-07,ft_llama_8b_dolly,0,4812,56088.45361111111,145949.22916666666,0.384301129450029,4.34681932717165,1.2756902223283302,4.600075784020053,0.0,4.3431036544916424e-11,0.0
Earth_2020-09-07_ft_llama_8b_dolly_6,Earth,2020-09-07,ft_llama_8b_dolly,6,4812,56088.45361111111,145949.22916666666,0.384301129450029,29.184274581246104,8.564904802074079,31.338017886090135,0.0,8.702727427589707e-11,0.0
Earth_2020-09-07_ft_llama_8b_dolly_24,Earth,2020-09-07,ft_llama_8b_dolly,24,4812,56088.45361111111,145949.22916666666,0.384301129450029,35.05469499942464,10.287736455465966,35.49388705302518,0.0,8.702727427589707e-11,0.0
Earth_2020-09-07_ft_llama_8b_p3_0,Earth,2020-09-07,ft_llama_8b_p3,0,4812,56088.45361111111,145949.22916666666,0.384301129450029,3.74668801905955,1.0995656622192589,4.114999310479697,0.0,5.562128535530064e-11,0.0
Earth_2020-09-07_ft_llama_8b_p3_6,Earth,2020-09-07,ft_llama_8b_p3,6,4812,56088.45361111111,145949.22916666666,0.384301129450029,26.002443672061958,7.631111544421162,28.12179983837979,0.0,9.796963240660261e-11,0.0
Earth_2020-09-07_ft_llama_8b_p3_24,Earth,2020-09-07,ft_llama_8b_p3,24,4812,56088.45361111111,145949.22916666666,0.384301129450029,32.682874710939195,9.591662447460305,33.208895073592394,0.0,9.796963240660261e-11,0.0
Earth_2020-09-07_infer_llama_8b_48g_0,Earth,2020-09-07,infer_llama_8b_48g,0,4812,56088.45361111111,145949.22916666666,0.384301129450029,4.451013693214266,1.306268841768847,4.837338342295419,0.0,6.441958078085008e-11,0.0
Earth_2020-09-07_infer_llama_8b_48g_6,Earth,2020-09-07,infer_llama_8b_48g,6,4812,56088.45361111111,145949.22916666666,0.384301129450029,30.319985361682466,8.89820946209045,32.967207044269735,0.0,1.1945644473598804e-10,0.0
Earth_2020-09-07_infer_llama_8b_48g_24,Earth,2020-09-07,infer_llama_8b_48g,24,4812,56088.45361111111,145949.22916666666,0.384301129450029,38.12171403160997,11.187835101525755,38.64134631648346,0.0,1.1945644473598804e-10,0.0
Earth_2020-09-07_infer_llama_8b_32g_0,Earth,2020-09-07,infer_llama_8b_32g,0,4812,56088.45361111111,145949.22916666666,0.384301129450029,4.451013693214266,1.306268841768847,4.837338342295419,0.0,6.441958078085008e-11,0.0
Earth_2020-09-07_infer_llama_8b_32g_6,Earth,2020-09-07,infer_llama_8b_32g,6,4812,56088.45361111111,145949.22916666666,0.384301129450029,30.319985361682466,8.89820946209045,32.967207044269735,0.0,1.1948486644541845e-10,0.0
Earth_2020-09-07_infer_llama_8b_32g_24,Earth,2020-09-07,infer_llama_8b_32g,24,4812,56088.45361111111,145949.22916666666,0.384301129450029,38.12171403160997,11.187835101525755,38.64134631648344,0.0,1.1948486644541845e-10,0.0
Earth_2020-09-07_infer_llama_8b_0,Earth,2020-09-07,infer_llama_8b,0,4812,56088.45361111111,145949.22916666666,0.384301129450029,4.448444144324035,1.305514739021909,4.834498221800797,0.0,6.441958078085008e-11,0.0
Earth_2020-09-07_infer_llama_8b_6,Earth,2020-09-07,infer_llama_8b,6,4812,56088.45361111111,145949.22916666666,0.384301129450029,30.302068712028188,8.892951342748345,32.94810799455238,0.0,1.1948486644541845e-10,0.0
Earth_2020-09-07_infer_llama_8b_24,Earth,2020-09-07,infer_llama_8b,24,4812,56088.45361111111,145949.22916666666,0.384301129450029,38.09957634293633,11.181338205551869,38.61894547827953,0.0,1.1948486644541845e-10,0.0
Earth_2020-09-07_pt_mpt_13b_lg_0,Earth,2020-09-07,pt_mpt_13b_lg,0,4812,56088.45361111111,145949.22916666666,0.384301129450029,2.429571914358542,0.7130227649943283,2.8262451339386176,0.0,2.609112925711088e-11,0.0
Earth_2020-09-07_pt_mpt_13b_lg_6,Earth,2020-09-07,pt_mpt_13b_lg,6,4812,56088.45361111111,145949.22916666666,0.384301129450029,16.749551933214686,4.915603346110455,19.216521527740703,0.0,9.14610609470401e-11,0.0
Earth_2020-09-07_pt_mpt_13b_lg_24,Earth,2020-09-07,pt_mpt_13b_lg,24,4812,56088.45361111111,145949.22916666666,0.384301129450029,24.500984389218623,7.190468218305823,25.234280541664898,0.0,9.14610609470401e-11,0.0
Earth_2020-09-07_pt_mpt_13b_sm_0,Earth,2020-09-07,pt_mpt_13b_sm,0,4812,56088.45361111111,145949.22916666666,0.384301129450029,2.4650094122261046,0.723422845174989,2.9577825526622767,0.0,3.6776803824523085e-11,0.0
Earth_2020-09-07_pt_mpt_13b_sm_6,Earth,2020-09-07,pt_mpt_13b_sm,6,4812,56088.45361111111,145949.22916666666,0.384301129450029,17.12247495358663,5.02504756611653,19.886710915547802,0.0,9.35900246190613e-11,0.0
Earth_2020-09-07_pt_mpt_13b_sm_24,Earth,2020-09-07,pt_mpt_13b_sm,24,4812,56088.45361111111,145949.22916666666,0.384301129450029,25.364811991014843,7.4439814983495545,25.99019397560419,0.0,9.35900246190613e-11,0.0
Earth_2020-09-07_pt_mpt_7b_fast_0,Earth,2020-09-07,pt_mpt_7b_fast,0,4812,56088.45361111111,145949.22916666666,0.384301129450029,2.6108754404967787,0.7662311268239628,3.0378165425337382,0.0,4.4849457481177524e-11,0.0
Earth_2020-09-07_pt_mpt_7b_fast_6,Earth,2020-09-07,pt_mpt_7b_fast,6,4812,56088.45361111111,145949.22916666666,0.384301129450029,18.310339714264423,5.373658204514292,20.615765466597406,0.0,8.330403034051415e-11,0.0
Earth_2020-09-07_pt_mpt_7b_fast_24,Earth,2020-09-07,pt_mpt_7b_fast,24,4812,56088.45361111111,145949.22916666666,0.384301129450029,25.29696390243725,7.4240696647334055,26.070779491903345,0.0,8.330403034051415e-11,0.0
Venus_2020-05-04_ft_llama_8b_dolly_0,Venus,2020-05-04,ft_llama_8b_dolly,0,3781,34227.01166666667,108488.35416666667,0.3154901918235848,5.421016752240347,1.3038566705773027,5.794199485011623,0.0,4.282052490367505e-11,0.0
Venus_2020-05-04_ft_llama_8b_dolly_6,Venus,2020-05-04,ft_llama_8b_dolly,6,3781,34227.01166666667,108488.35416666667,0.3154901918235848,30.516599701955627,7.339817215707446,32.96668795300194,0.0,3.5744962545436465e-11,0.0
Venus_2020-05-04_ft_llama_8b_dolly_24,Venus,2020-05-04,ft_llama_8b_dolly,24,3781,34227.01166666667,108488.35416666667,0.3154901918235848,34.42835950840237,8.280669153717772,35.650506895601914,0.0,3.5744962545436465e-11,0.0
Venus_2020-05-04_ft_llama_8b_p3_0,Venus,2020-05-04,ft_llama_8b_p3,0,3781,34227.01166666667,108488.35416666667,0.3154901918235848,4.719274178136102,1.135074359418464,5.161326367208415,0.0,3.9259262507584936e-11,0.0
Venus_2020-05-04_ft_llama_8b_p3_6,Venus,2020-05-04,ft_llama_8b_p3,6,3781,34227.01166666667,108488.35416666667,0.3154901918235848,26.84957178935011,6.45782790935308,29.740491665635208,0.0,3.4278024862999246e-11,0.0
Venus_2020-05-04_ft_llama_8b_p3_24,Venus,2020-05-04,ft_llama_8b_p3,24,3781,34227.01166666667,108488.35416666667,0.3154901918235848,32.22608090312624,7.750979654276126,33.53883505480574,0.0,3.4278024862999246e-11,0.0
Venus_2020-05-04_infer_llama_8b_48g_0,Venus,2020-05-04,infer_llama_8b_48g,0,3781,34227.01166666667,108488.35416666667,0.3154901918235848,5.643733512242392,1.357424247740391,6.1619516355236055,0.0,4.017874921657949e-11,0.0
Venus_2020-05-04_infer_llama_8b_48g_6,Venus,2020-05-04,infer_llama_8b_48g,6,3781,34227.01166666667,108488.35416666667,0.3154901918235848,31.37384805045347,7.546001595615213,34.62074650381449,0.0,3.7061909097246826e-11,0.0
Venus_2020-05-04_infer_llama_8b_48g_24,Venus,2020-05-04,infer_llama_8b_48g,24,3781,34227.01166666667,108488.35416666667,0.3154901918235848,37.16891649372278,8.939824745688687,39.044791313199866,0.0,3.21752624543592e-11,0.0
Venus_2020-05-04_infer_llama_8b_32g_0,Venus,2020-05-04,infer_llama_8b_32g,0,3781,34227.01166666667,108488.35416666667,0.3154901918235848,5.643733512242392,1.357424247740391,6.1619516355236055,0.0,4.017874921657949e-11,0.0
Venus_2020-05-04_infer_llama_8b_32g_6,Venus,2020-05-04,infer_llama_8b_32g,6,3781,34227.01166666667,108488.35416666667,0.3154901918235848,31.37384805045347,7.546001595615213,34.62074650381447,0.0,3.7061909097246826e-11,0.0
Venus_2020-05-04_infer_llama_8b_32g_24,Venus,2020-05-04,infer_llama_8b_32g,24,3781,34227.01166666667,108488.35416666667,0.3154901918235848,37.16891649372278,8.939824745688687,39.04479131319986,0.0,3.2175595521266587e-11,0.0
Venus_2020-05-04_infer_llama_8b_0,Venus,2020-05-04,infer_llama_8b,0,3781,34227.01166666667,108488.35416666667,0.3154901918235848,5.640291355432526,1.3565963441712197,6.158263846457287,0.0,4.017874921657949e-11,0.0
Venus_2020-05-04_infer_llama_8b_6,Venus,2020-05-04,infer_llama_8b,6,3781,34227.01166666667,108488.35416666667,0.3154901918235848,31.355455076398815,7.541577738798499,34.60065575022323,0.0,3.7061909097246826e-11,0.0
Venus_2020-05-04_infer_llama_8b_24,Venus,2020-05-04,infer_llama_8b,24,3781,34227.01166666667,108488.35416666667,0.3154901918235848,37.147157687007905,8.934591342698875,39.02218616443928,0.0,3.2175595521266587e-11,0.0
Venus_2020-05-04_pt_mpt_13b_lg_0,Venus,2020-05-04,pt_mpt_13b_lg,0,3781,34227.01166666667,108488.35416666667,0.3154901918235848,3.0395340849893904,0.731065217705268,3.548341410839182,0.0,3.791567060318357e-11,0.0
Venus_2020-05-04_pt_mpt_13b_lg_6,Venus,2020-05-04,pt_mpt_13b_lg,6,3781,34227.01166666667,108488.35416666667,0.3154901918235848,17.077120133262895,4.107369155574523,20.130226510657824,0.0,3.7630343285854906e-11,0.0
Venus_2020-05-04_pt_mpt_13b_lg_24,Venus,2020-05-04,pt_mpt_13b_lg,24,3781,34227.01166666667,108488.35416666667,0.3154901918235848,23.920356262617492,5.75329638350776,25.95865265861494,0.0,2.9960034453324624e-11,0.0
Venus_2020-05-04_pt_mpt_13b_sm_0,Venus,2020-05-04,pt_mpt_13b_sm,0,3781,34227.01166666667,108488.35416666667,0.3154901918235848,3.034467363297684,0.7298465756723026,3.689464919198168,0.0,3.922229208086492e-11,0.0
Venus_2020-05-04_pt_mpt_13b_sm_6,Venus,2020-05-04,pt_mpt_13b_sm,6,3781,34227.01166666667,108488.35416666667,0.3154901918235848,17.62693806712104,4.239610728221888,20.886512397419004,0.0,3.6834535421803594e-11,0.0
Venus_2020-05-04_pt_mpt_13b_sm_24,Venus,2020-05-04,pt_mpt_13b_sm,24,3781,34227.01166666667,108488.35416666667,0.3154901918235848,24.660637498271445,5.931347968906701,26.777190541226126,0.0,2.8076874158955434e-11,0.0
Venus_2020-05-04_pt_mpt_7b_fast_0,Venus,2020-05-04,pt_mpt_7b_fast,0,3781,34227.01166666667,108488.35416666667,0.3154901918235848,3.2781687096088743,0.7884613412299256,3.785363944263224,0.0,3.964517603094464e-11,0.0
Venus_2020-05-04_pt_mpt_7b_fast_6,Venus,2020-05-04,pt_mpt_7b_fast,6,3781,34227.01166666667,108488.35416666667,0.3154901918235848,18.772718386712594,4.515192483636726,21.718559232998732,0.0,3.865352482534945e-11,0.0
Venus_2020-05-04_pt_mpt_7b_fast_24,Venus,2020-05-04,pt_mpt_7b_fast,24,3781,34227.01166666667,108488.35416666667,0.3154901918235848,25.026657630111725,6.019382707089037,26.646452741649657,0.0,2.7494007071027227e-11,0.0
Venus_2020-07-06_ft_llama_8b_dolly_0,Venus,2020-07-06,ft_llama_8b_dolly,0,2426,48721.69499999999,133417.30222222224,0.3651827325877739,4.824054665082191,1.3413069994634503,6.103273593873048,0.0,1.000444171950221e-10,0.0
Venus_2020-07-06_ft_llama_8b_dolly_6,Venus,2020-07-06,ft_llama_8b_dolly,6,2426,48721.69499999999,133417.30222222224,0.3651827325877739,30.09721377306039,8.368396774265378,32.28829092567285,0.0,1.9281287677586079e-10,0.0
Venus_2020-07-06_ft_llama_8b_dolly_24,Venus,2020-07-06,ft_llama_8b_dolly,24,2426,48721.69499999999,133417.30222222224,0.3651827325877739,35.65050689560109,9.91246529182418,35.6505068956019,0.0,7.457856554538012e-11,0.0
Venus_2020-07-06_ft_llama_8b_p3_0,Venus,2020-07-06,ft_llama_8b_p3,0,2426,48721.69499999999,133417.30222222224,0.3651827325877739,4.394149875168275,1.2217738797440088,5.129884349869202,0.0,1.509761204943061e-10,0.0
Venus_2020-07-06_ft_llama_8b_p3_6,Venus,2020-07-06,ft_llama_8b_p3,6,2426,48721.69499999999,133417.30222222224,0.3651827325877739,25.95206775314123,7.215857311858415,29.079504253732356,0.0,1.5756995708215982e-10,0.0
Venus_2020-07-06_ft_llama_8b_p3_24,Venus,2020-07-06,ft_llama_8b_p3,24,2426,48721.69499999999,133417.30222222224,0.3651827325877739,33.46790090636237,9.305601378853396,33.529787428103425,0.0,1.5756995708215982e-10,0.0
Venus_2020-07-06_infer_llama_8b_48g_0,Venus,2020-07-06,infer_llama_8b_48g,0,2426,48721.69499999999,133417.30222222224,0.3651827325877739,5.478232740117305,1.5231983112040428,6.390593157214928,0.0,2.02817318495363e-10,0.0
Venus_2020-07-06_infer_llama_8b_48g_6,Venus,2020-07-06,infer_llama_8b_48g,6,2426,48721.69499999999,133417.30222222224,0.3651827325877739,30.953935863282673,8.606604550915963,33.796701379948445,0.0,1.737134880386293e-10,0.0
Venus_2020-07-06_infer_llama_8b_48g_24,Venus,2020-07-06,infer_llama_8b_48g,24,2426,48721.69499999999,133417.30222222224,0.3651827325877739,38.96829512808315,10.83496159170594,39.03163928455027,0.0,1.6279955161735415e-10,0.0
Venus_2020-07-06_infer_llama_8b_32g_0,Venus,2020-07-06,infer_llama_8b_32g,0,2426,48721.69499999999,133417.30222222224,0.3651827325877739,5.478232740117305,1.5231983112040428,6.390593157214928,0.0,2.02817318495363e-10,0.0
Venus_2020-07-06_infer_llama_8b_32g_6,Venus,2020-07-06,infer_llama_8b_32g,6,2426,48721.69499999999,133417.30222222224,0.3651827325877739,30.953935863282673,8.606604550915963,33.796701379948445,0.0,1.737134880386293e-10,0.0
Venus_2020-07-06_infer_llama_8b_32g_24,Venus,2020-07-06,infer_llama_8b_32g,24,2426,48721.69499999999,133417.30222222224,0.3651827325877739,38.96829512808315,10.83496159170594,39.031639284550266,0.0,1.6370904631912708e-10,0.0
Venus_2020-07-06_infer_llama_8b_0,Venus,2020-07-06,infer_llama_8b,0,2426,48721.69499999999,133417.30222222224,0.3651827325877739,5.474270966725375,1.5220967576873823,6.386360103654386,0.0,2.02817318495363e-10,0.0
Venus_2020-07-06_infer_llama_8b_6,Venus,2020-07-06,infer_llama_8b,6,2426,48721.69499999999,133417.30222222224,0.3651827325877739,30.936110817075573,8.601648375892408,33.77694720765848,0.0,1.737134880386293e-10,0.0
Venus_2020-07-06_infer_llama_8b_24,Venus,2020-07-06,infer_llama_8b,24,2426,48721.69499999999,133417.30222222224,0.3651827325877739,38.94572871813032,10.828687101526219,39.009040796172926,0.0,1.6370904631912708e-10,0.0
Venus_2020-07-06_pt_mpt_13b_lg_0,Venus,2020-07-06,pt_mpt_13b_lg,0,2426,48721.69499999999,133417.30222222224,0.3651827325877739,2.098602219821043,0.583507037536346,3.1163877609546327,0.0,3.58109097930992e-11,0.0
Venus_2020-07-06_pt_mpt_13b_lg_6,Venus,2020-07-06,pt_mpt_13b_lg,6,2426,48721.69499999999,133417.30222222224,0.3651827325877739,15.13525224721816,4.208289745301373,19.163479613748176,0.0,1.7917045624926686e-10,0.0
Venus_2020-07-06_pt_mpt_13b_lg_24,Venus,2020-07-06,pt_mpt_13b_lg,24,2426,48721.69499999999,133417.30222222224,0.3651827325877739,24.36044055754073,6.773312430796427,25.92203105418421,0.0,1.8280843505635858e-10,0.0
Venus_2020-07-06_pt_mpt_13b_sm_0,Venus,2020-07-06,pt_mpt_13b_sm,0,2426,48721.69499999999,133417.30222222224,0.3651827325877739,2.2033882203219735,0.6126423201306788,3.27668531420001,0.0,4.5965231620925806e-11,0.0
Venus_2020-07-06_pt_mpt_13b_sm_6,Venus,2020-07-06,pt_mpt_13b_sm,6,2426,48721.69499999999,133417.30222222224,0.3651827325877739,15.187025901988314,4.222685180335239,20.060331672673428,0.0,2.4647306418046355e-10,0.0
Venus_2020-07-06_pt_mpt_13b_sm_24,Venus,2020-07-06,pt_mpt_13b_sm,24,2426,48721.69499999999,133417.30222222224,0.3651827325877739,24.836184251503614,6.90559085443907,26.833329258951547,0.0,1.3642420526593924e-10,0.0
Venus_2020-07-06_pt_mpt_7b_fast_0,Venus,2020-07-06,pt_mpt_7b_fast,0,2426,48721.69499999999,133417.30222222224,0.3651827325877739,2.405606108359092,0.668868106833343,3.483317266512776,0.0,2.4459323455516824e-11,0.0
Venus_2020-07-06_pt_mpt_7b_fast_6,Venus,2020-07-06,pt_mpt_7b_fast,6,2426,48721.69499999999,133417.30222222224,0.3651827325877739,16.541336428436825,4.599245214308541,20.982216609181908,0.0,1.5916157281026244e-10,0.0
Venus_2020-07-06_pt_mpt_7b_fast_24,Venus,2020-07-06,pt_mpt_7b_fast,24,2426,48721.69499999999,133417.30222222224,0.3651827325877739,25.18589572914602,7.002826579429859,26.626517377908353,0.0,1.4642864698544145e-10,0.0
Venus_2020-09-07_ft_llama_8b_dolly_0,Venus,2020-09-07,ft_llama_8b_dolly,0,3508,44175.89000000001,155085.84583333333,0.2848479805660323,5.181422520965405,1.1376067473626348,5.68617508067319,0.0,1.0489692447990251e-10,0.0
Venus_2020-09-07_ft_llama_8b_dolly_6,Venus,2020-09-07,ft_llama_8b_dolly,6,3508,44175.89000000001,155085.84583333333,0.2848479805660323,25.934763766939977,5.694104685180121,29.638958442084707,0.0,1.4137446768813788e-10,0.0
Venus_2020-09-07_ft_llama_8b_dolly_24,Venus,2020-09-07,ft_llama_8b_dolly,24,3508,44175.89000000001,155085.84583333333,0.2848479805660323,34.073058486382095,7.480907237452593,35.59197671264212,0.0,2.348361227699769e-10,0.0
Venus_2020-09-07_ft_llama_8b_p3_0,Venus,2020-09-07,ft_llama_8b_p3,0,3508,44175.89000000001,155085.84583333333,0.2848479805660323,4.0446464004897305,0.8880219702746439,4.992193489303434,0.0,9.303835479812506e-11,0.0
Venus_2020-09-07_ft_llama_8b_p3_6,Venus,2020-09-07,ft_llama_8b_p3,6,3508,44175.89000000001,155085.84583333333,0.2848479805660323,22.448382528764643,4.9286525715223855,26.058529462457617,0.0,2.0239815379241577e-10,0.0
Venus_2020-09-07_ft_llama_8b_p3_24,Venus,2020-09-07,ft_llama_8b_p3,24,3508,44175.89000000001,155085.84583333333,0.2848479805660323,31.434941833876568,6.901695777264466,33.24702816280563,0.0,1.6159382165703562e-10,0.0
Venus_2020-09-07_infer_llama_8b_48g_0,Venus,2020-09-07,infer_llama_8b_48g,0,3508,44175.89000000001,155085.84583333333,0.2848479805660323,4.973323944330645,1.0919176834157414,5.975414081495258,0.0,8.472328394404371e-11,0.0
Venus_2020-09-07_infer_llama_8b_48g_6,Venus,2020-09-07,infer_llama_8b_48g,6,3508,44175.89000000001,155085.84583333333,0.2848479805660323,27.043314194300976,5.937492372799666,30.645339303606498,0.0,2.352514849590648e-10,0.0
Venus_2020-09-07_infer_llama_8b_48g_24,Venus,2020-09-07,infer_llama_8b_48g,24,3508,44175.89000000001,155085.84583333333,0.2848479805660323,36.478787326517995,8.00909681276512,38.65727330943083,0.0,1.720320830234101e-10,0.0
Venus_2020-09-07_infer_llama_8b_32g_0,Venus,2020-09-07,infer_llama_8b_32g,0,3508,44175.89000000001,155085.84583333333,0.2848479805660323,4.973323944330645,1.0919176834157414,5.975414081495258,0.0,8.472328394404371e-11,0.0
Venus_2020-09-07_infer_llama_8b_32g_6,Venus,2020-09-07,infer_llama_8b_32g,6,3508,44175.89000000001,155085.84583333333,0.2848479805660323,27.043314194300976,5.937492372799666,30.64533930360648,0.0,2.35251540470216e-10,0.0
Venus_2020-09-07_infer_llama_8b_32g_24,Venus,2020-09-07,infer_llama_8b_32g,24,3508,44175.89000000001,155085.84583333333,0.2848479805660323,36.478787326517995,8.00909681276512,38.65727330943081,0.0,1.720320552678345e-10,0.0
Venus_2020-09-07_infer_llama_8b_0,Venus,2020-09-07,infer_llama_8b,0,3508,44175.89000000001,155085.84583333333,0.2848479805660323,4.9702846248408505,1.091250385903332,5.971740419790499,0.0,8.472328394404371e-11,0.0
Venus_2020-09-07_infer_llama_8b_6,Venus,2020-09-07,infer_llama_8b,6,3508,44175.89000000001,155085.84583333333,0.2848479805660323,27.027045363174786,5.9339204710707545,30.62760348312622,0.0,2.35251540470216e-10,0.0
Venus_2020-09-07_infer_llama_8b_24,Venus,2020-09-07,infer_llama_8b,24,3508,44175.89000000001,155085.84583333333,0.2848479805660323,36.45754569605783,8.004433108533572,38.63486440556039,0.0,1.720320552678345e-10,0.0
Venus_2020-09-07_pt_mpt_13b_lg_0,Venus,2020-09-07,pt_mpt_13b_lg,0,3508,44175.89000000001,155085.84583333333,0.2848479805660323,2.55109240956591,0.5601048604943829,3.28552030082813,0.0,1.1936268640155845e-10,0.0
Venus_2020-09-07_pt_mpt_13b_lg_6,Venus,2020-09-07,pt_mpt_13b_lg,6,3508,44175.89000000001,155085.84583333333,0.2848479805660323,12.789895320131897,2.8080842964207626,16.862862238116943,0.0,1.7746287772624214e-10,0.0
Venus_2020-09-07_pt_mpt_13b_lg_24,Venus,2020-09-07,pt_mpt_13b_lg,24,3508,44175.89000000001,155085.84583333333,0.2848479805660323,20.72349689086222,4.549945463162287,25.02715687430883,0.0,1.7746287772624214e-10,0.0
Venus_2020-09-07_pt_mpt_13b_sm_0,Venus,2020-09-07,pt_mpt_13b_sm,0,3508,44175.89000000001,155085.84583333333,0.2848479805660323,2.5636595331212773,0.5628640341563798,3.3859642778549848,0.0,7.487177544618362e-11,0.0
Venus_2020-09-07_pt_mpt_13b_sm_6,Venus,2020-09-07,pt_mpt_13b_sm,6,3508,44175.89000000001,155085.84583333333,0.2848479805660323,13.430672178616692,2.948770000938509,17.66754010016562,0.0,1.5397411123885263e-10,0.0
Venus_2020-09-07_pt_mpt_13b_sm_24,Venus,2020-09-07,pt_mpt_13b_sm,24,3508,44175.89000000001,155085.84583333333,0.2848479805660323,20.99223151627699,4.608947469249383,25.71703285131923,0.0,2.0373036591081473e-10,0.0
Venus_2020-09-07_pt_mpt_7b_fast_0,Venus,2020-09-07,pt_mpt_7b_fast,0,3508,44175.89000000001,155085.84583333333,0.2848479805660323,2.724601424124071,0.5981996163053467,3.561014036022948,0.0,1.150579631570281e-10,0.0
Venus_2020-09-07_pt_mpt_7b_fast_6,Venus,2020-09-07,pt_mpt_7b_fast,6,3508,44175.89000000001,155085.84583333333,0.2848479805660323,15.24823267593374,3.3478243295753507,18.52246077781565,0.0,1.9564266873217662e-10,0.0
Venus_2020-09-07_pt_mpt_7b_fast_24,Venus,2020-09-07,pt_mpt_7b_fast,24,3508,44175.89000000001,155085.84583333333,0.2848479805660323,21.487938767684316,4.717782429462682,25.926444400915322,0.0,1.9564266873217662e-10,0.0
Saturn_2020-05-04_ft_llama_8b_dolly_0,Saturn,2020-05-04,ft_llama_8b_dolly,0,8126,81862.01527777777,271323.43361111113,0.30171376717541804,6.753271313983981,1.5439111863811397,8.17953753963072,0.0,4.411049303598702e-11,0.0
Saturn_2020-05-04_ft_llama_8b_dolly_6,Saturn,2020-05-04,ft_llama_8b_dolly,6,8126,81862.01527777777,271323.43361111113,0.30171376717541804,31.18476672235063,7.129361156811011,33.56593964283548,0.0,9.276845958083868e-11,0.0
Saturn_2020-05-04_ft_llama_8b_dolly_24,Saturn,2020-05-04,ft_llama_8b_dolly,24,8126,81862.01527777777,271323.43361111113,0.30171376717541804,35.352490531761134,8.082172781270966,35.65050689560191,0.0,9.276845958083868e-11,0.0
Saturn_2020-05-04_ft_llama_8b_p3_0,Saturn,2020-05-04,ft_llama_8b_p3,0,8126,81862.01527777777,271323.43361111113,0.30171376717541804,5.938019143344719,1.3575308549164282,7.095600912369555,0.0,3.547873106413135e-11,0.0
Saturn_2020-05-04_ft_llama_8b_p3_6,Saturn,2020-05-04,ft_llama_8b_p3,6,8126,81862.01527777777,271323.43361111113,0.30171376717541804,27.92482964123314,6.384084817029719,30.417660513799163,0.0,8.412825991399586e-11,0.0
Saturn_2020-05-04_ft_llama_8b_p3_24,Saturn,2020-05-04,ft_llama_8b_p3,24,8126,81862.01527777777,271323.43361111113,0.30171376717541804,33.01971005738582,7.548860005534901,33.534922660884874,0.0,8.412825991399586e-11,0.0
Saturn_2020-05-04_infer_llama_8b_48g_0,Saturn,2020-05-04,infer_llama_8b_48g,0,8126,81862.01527777777,271323.43361111113,0.30171376717541804,7.2663575574583446,1.6612113145779772,8.536531073790707,0.0,3.9904080040287226e-11,0.0
Saturn_2020-05-04_infer_llama_8b_48g_6,Saturn,2020-05-04,infer_llama_8b_48g,6,8126,81862.01527777777,271323.43361111113,0.30171376717541804,32.72528412816467,7.4815492957246885,35.37599229288016,0.0,8.731149137020111e-11,0.0
Saturn_2020-05-04_infer_llama_8b_48g_24,Saturn,2020-05-04,infer_llama_8b_48g,24,8126,81862.01527777777,271323.43361111113,0.30171376717541804,38.213788313927544,8.736313485540729,39.03514661932362,0.0,4.843059286940843e-11,0.0
Saturn_2020-05-04_infer_llama_8b_32g_0,Saturn,2020-05-04,infer_llama_8b_32g,0,8126,81862.01527777777,271323.43361111113,0.30171376717541804,7.2663575574583446,1.6612113145779772,8.536531073790707,0.0,3.9904080040287226e-11,0.0
Saturn_2020-05-04_infer_llama_8b_32g_6,Saturn,2020-05-04,infer_llama_8b_32g,6,8126,81862.01527777777,271323.43361111113,0.30171376717541804,32.72528412816467,7.4815492957246885,35.375992292880156,0.0,8.731149137020111e-11,0.0
Saturn_2020-05-04_infer_llama_8b_32g_24,Saturn,2020-05-04,infer_llama_8b_32g,24,8126,81862.01527777777,271323.43361111113,0.30171376717541804,38.213788313927544,8.736313485540729,39.03514661932361,0.0,4.865796654485166e-11,0.0
Saturn_2020-05-04_infer_llama_8b_0,Saturn,2020-05-04,infer_llama_8b,0,8126,81862.01527777777,271323.43361111113,0.30171376717541804,7.261718096331502,1.660150655883919,8.531220518186013,0.0,3.9904080040287226e-11,0.0
Saturn_2020-05-04_infer_llama_8b_6,Saturn,2020-05-04,infer_llama_8b,6,8126,81862.01527777777,271323.43361111113,0.30171376717541804,32.706194720602134,7.477185136710944,35.35539736554437,0.0,8.731149137020111e-11,0.0
Saturn_2020-05-04_infer_llama_8b_24,Saturn,2020-05-04,infer_llama_8b,24,8126,81862.01527777777,271323.43361111113,0.30171376717541804,38.191692482365326,8.731262007533223,39.01254635477969,0.0,4.865796654485166e-11,0.0
Saturn_2020-05-04_pt_mpt_13b_lg_0,Saturn,2020-05-04,pt_mpt_13b_lg,0,8126,81862.01527777777,271323.43361111113,0.30171376717541804,3.3040902640156005,0.7553704985706131,4.530745274136815,0.0,3.427635952846231e-11,0.0
Saturn_2020-05-04_pt_mpt_13b_lg_6,Saturn,2020-05-04,pt_mpt_13b_lg,6,8126,81862.01527777777,271323.43361111113,0.30171376717541804,17.530344945718515,4.007731128286058,20.748860529456476,0.0,4.976641321263742e-11,0.0
Saturn_2020-05-04_pt_mpt_13b_lg_24,Saturn,2020-05-04,pt_mpt_13b_lg,24,8126,81862.01527777777,271323.43361111113,0.30171376717541804,22.316087846783926,5.101832291495528,26.05697912855809,0.0,4.945377440890297e-11,0.0
Saturn_2020-05-04_pt_mpt_13b_sm_0,Saturn,2020-05-04,pt_mpt_13b_sm,0,8126,81862.01527777777,271323.43361111113,0.30171376717541804,3.4911629529746677,0.7981384555683183,4.724763152914163,0.0,3.005440341041776e-11,0.0
Saturn_2020-05-04_pt_mpt_13b_sm_6,Saturn,2020-05-04,pt_mpt_13b_sm,6,8126,81862.01527777777,271323.43361111113,0.30171376717541804,18.446888265841295,4.217268316849815,21.468433697950836,0.0,8.049028110690415e-11,0.0
Saturn_2020-05-04_pt_mpt_13b_sm_24,Saturn,2020-05-04,pt_mpt_13b_sm,24,8126,81862.01527777777,271323.43361111113,0.30171376717541804,23.00128601913246,5.258480095795387,26.909358984214887,0.0,5.657341262121918e-11,0.0
Saturn_2020-05-04_pt_mpt_7b_fast_0,Saturn,2020-05-04,pt_mpt_7b_fast,0,8126,81862.01527777777,271323.43361111113,0.30171376717541804,3.913775371144491,0.8947547485587827,4.991065569085183,0.0,3.690947547596579e-11,0.0
Saturn_2020-05-04_pt_mpt_7b_fast_6,Saturn,2020-05-04,pt_mpt_7b_fast,6,8126,81862.01527777777,271323.43361111113,0.30171376717541804,19.525846523258917,4.463936286462699,22.31730378849071,0.0,9.868017514236271e-11,0.0
Saturn_2020-05-04_pt_mpt_7b_fast_24,Saturn,2020-05-04,pt_mpt_7b_fast,24,8126,81862.01527777777,271323.43361111113,0.30171376717541804,23.371359223470794,5.343085042552783,26.736395727509834,0.0,3.3651303965598345e-11,0.0
Saturn_2020-07-06_ft_llama_8b_dolly_0,Saturn,2020-07-06,ft_llama_8b_dolly,0,19288,110830.31138888889,273039.79,0.4059126744453213,3.8295406245497206,1.1828446209525716,4.486657942721481,0.0,7.548317526584469e-11,0.0
Saturn_2020-07-06_ft_llama_8b_dolly_6,Saturn,2020-07-06,ft_llama_8b_dolly,6,19288,110830.31138888889,273039.79,0.4059126744453213,29.834934434405714,9.215228449589533,31.42104819013586,0.0,8.875211676695471e-11,0.0
Saturn_2020-07-06_ft_llama_8b_dolly_24,Saturn,2020-07-06,ft_llama_8b_dolly,24,19288,110830.31138888889,273039.79,0.4059126744453213,35.474044077383816,10.957001461579113,35.63082868389694,0.0,1.2823875294998288e-10,0.0
Saturn_2020-07-06_ft_llama_8b_p3_0,Saturn,2020-07-06,ft_llama_8b_p3,0,19288,110830.31138888889,273039.79,0.4059126744453213,3.03781138839066,0.9383002329812998,3.792233481356637,0.0,8.01456678800605e-11,0.0
Saturn_2020-07-06_ft_llama_8b_p3_6,Saturn,2020-07-06,ft_llama_8b_p3,6,19288,110830.31138888889,273039.79,0.4059126744453213,25.166419572401484,7.773246699361166,27.95890187666979,0.0,1.673470251262188e-10,0.0
Saturn_2020-07-06_ft_llama_8b_p3_24,Saturn,2020-07-06,ft_llama_8b_p3,24,19288,110830.31138888889,273039.79,0.4059126744453213,33.31011198412751,10.288619614365828,33.460424113667464,0.0,1.3460521586239338e-10,0.0
Saturn_2020-07-06_infer_llama_8b_48g_0,Saturn,2020-07-06,infer_llama_8b_48g,0,19288,110830.31138888889,273039.79,0.4059126744453213,3.709254241148909,1.1456913131465685,4.6897549977707795,0.0,9.622302954426232e-11,0.0
Saturn_2020-07-06_infer_llama_8b_48g_6,Saturn,2020-07-06,infer_llama_8b_48g,6,19288,110830.31138888889,273039.79,0.4059126744453213,29.94453966416382,9.249082629283185,32.6630455614844,0.0,1.192006493511144e-10,0.0
Saturn_2020-07-06_infer_llama_8b_48g_24,Saturn,2020-07-06,infer_llama_8b_48g,24,19288,110830.31138888889,273039.79,0.4059126744453213,38.722183829127275,11.96026660748776,38.94688580178309,0.0,1.192006493511144e-10,0.0
Saturn_2020-07-06_infer_llama_8b_32g_0,Saturn,2020-07-06,infer_llama_8b_32g,0,19288,110830.31138888889,273039.79,0.4059126744453213,3.709254241148909,1.1456913131465685,4.6897549977707795,0.0,9.622347363347217e-11,0.0
Saturn_2020-07-06_infer_llama_8b_32g_6,Saturn,2020-07-06,infer_llama_8b_32g,6,19288,110830.31138888889,273039.79,0.4059126744453213,29.94453966416382,9.249082629283185,32.6630455614844,0.0,1.1925749276997522e-10,0.0
Saturn_2020-07-06_infer_llama_8b_32g_24,Saturn,2020-07-06,infer_llama_8b_32g,24,19288,110830.31138888889,273039.79,0.4059126744453213,38.722183829127275,11.96026660748776,38.946885801783075,0.0,1.1925749276997522e-10,0.0
Saturn_2020-07-06_infer_llama_8b_0,Saturn,2020-07-06,infer_llama_8b,0,19288,110830.31138888889,273039.79,0.4059126744453213,3.7068522381453692,1.144949397441579,4.686743321811219,0.0,9.622347363347217e-11,0.0
Saturn_2020-07-06_infer_llama_8b_6,Saturn,2020-07-06,infer_llama_8b,6,19288,110830.31138888889,273039.79,0.4059126744453213,29.927390425326536,9.243785679361286,32.64415480353458,0.0,1.1925749276997522e-10,0.0
Saturn_2020-07-06_infer_llama_8b_24,Saturn,2020-07-06,infer_llama_8b,24,19288,110830.31138888889,273039.79,0.4059126744453213,38.69974205360267,11.953334931846632,38.92433023383203,0.0,1.1925749276997522e-10,0.0
Saturn_2020-07-06_pt_mpt_13b_lg_0,Saturn,2020-07-06,pt_mpt_13b_lg,0,19288,110830.31138888889,273039.79,0.4059126744453213,1.7121616906232549,0.5288418232129094,2.3564531381710725,0.0,7.94369015011398e-11,0.0
Saturn_2020-07-06_pt_mpt_13b_lg_6,Saturn,2020-07-06,pt_mpt_13b_lg,6,19288,110830.31138888889,273039.79,0.4059126744453213,15.7720582163125,4.871574961999422,18.68831908501491,0.0,1.0550138540565968e-10,0.0
Saturn_2020-07-06_pt_mpt_13b_lg_24,Saturn,2020-07-06,pt_mpt_13b_lg,24,19288,110830.31138888889,273039.79,0.4059126744453213,22.41001683727252,6.921866215883565,25.586519936071404,0.0,1.8735590856522322e-10,0.0
Saturn_2020-07-06_pt_mpt_13b_sm_0,Saturn,2020-07-06,pt_mpt_13b_sm,0,19288,110830.31138888889,273039.79,0.4059126744453213,1.7593018763403352,0.5434021897353849,2.482197448301495,0.0,7.58877405360181e-11,0.0
Saturn_2020-07-06_pt_mpt_13b_sm_6,Saturn,2020-07-06,pt_mpt_13b_sm,6,19288,110830.31138888889,273039.79,0.4059126744453213,16.27852582303818,5.028009517220424,19.55563187576087,0.0,7.58877405360181e-11,0.0
Saturn_2020-07-06_pt_mpt_13b_sm_24,Saturn,2020-07-06,pt_mpt_13b_sm,24,19288,110830.31138888889,273039.79,0.4059126744453213,22.855829138363227,7.0595659386438205,26.355848365711527,0.0,1.9826984498649836e-10,0.0
Saturn_2020-07-06_pt_mpt_7b_fast_0,Saturn,2020-07-06,pt_mpt_7b_fast,0,19288,110830.31138888889,273039.79,0.4059126744453213,1.970988041098722,0.6087864918914637,2.6140147232894835,0.0,8.292300179846279e-11,0.0
Saturn_2020-07-06_pt_mpt_7b_fast_6,Saturn,2020-07-06,pt_mpt_7b_fast,6,19288,110830.31138888889,273039.79,0.4059126744453213,17.52302730036158,5.412403370828543,20.314257705870194,0.0,9.912515253063248e-11,0.0
Saturn_2020-07-06_pt_mpt_7b_fast_24,Saturn,2020-07-06,pt_mpt_7b_fast,24,19288,110830.31138888889,273039.79,0.4059126744453213,23.535932055781334,7.269631885563171,26.34433809939467,0.0,1.509761204943061e-10,0.0
Saturn_2020-09-07_ft_llama_8b_dolly_0,Saturn,2020-09-07,ft_llama_8b_dolly,0,14586,116611.55166666668,303440.65027777775,0.3842977253044947,7.2818462782950455,2.169312578777848,8.044765485661395,0.0,8.606093615526333e-11,0.0
Saturn_2020-09-07_ft_llama_8b_dolly_6,Saturn,2020-09-07,ft_llama_8b_dolly,6,14586,116611.55166666668,303440.65027777775,0.3842977253044947,28.37131550471412,8.452011927840589,31.318997395437137,0.0,8.606093615526333e-11,0.0
Saturn_2020-09-07_ft_llama_8b_dolly_24,Saturn,2020-09-07,ft_llama_8b_dolly,24,14586,116611.55166666668,303440.65027777775,0.3842977253044947,34.31316408346595,10.222129885631041,35.39048471834271,0.0,8.606093615526333e-11,0.0
Saturn_2020-09-07_ft_llama_8b_p3_0,Saturn,2020-09-07,ft_llama_8b_p3,0,14586,116611.55166666668,303440.65027777775,0.3842977253044947,6.35376409777866,1.892830451664728,7.1792251771440005,0.0,1.496687218605075e-10,0.0
Saturn_2020-09-07_ft_llama_8b_p3_6,Saturn,2020-09-07,ft_llama_8b_p3,6,14586,116611.55166666668,303440.65027777775,0.3842977253044947,25.34656703825113,7.550918352781835,28.016618044660028,0.0,1.262492332898546e-10,0.0
Saturn_2020-09-07_ft_llama_8b_p3_24,Saturn,2020-09-07,ft_llama_8b_p3,24,14586,116611.55166666668,303440.65027777775,0.3842977253044947,31.512634247214674,9.387832597712324,33.18563482838828,0.0,1.262492332898546e-10,0.0
Saturn_2020-09-07_infer_llama_8b_48g_0,Saturn,2020-09-07,infer_llama_8b_48g,0,14586,116611.55166666668,303440.65027777775,0.3842977253044947,7.664882905361293,2.2834218501729593,8.548342234776449,0.0,1.6012791093089618e-10,0.0
Saturn_2020-09-07_infer_llama_8b_48g_6,Saturn,2020-09-07,infer_llama_8b_48g,6,14586,116611.55166666668,303440.65027777775,0.3842977253044947,29.423389630003957,8.76543211642665,32.76954347157733,0.0,2.1310597730916925e-10,0.0
Saturn_2020-09-07_infer_llama_8b_48g_24,Saturn,2020-09-07,infer_llama_8b_48g,24,14586,116611.55166666668,303440.65027777775,0.3842977253044947,37.01627500043632,11.027405400920895,38.63312922835441,0.0,1.9315393728902563e-10,0.0
Saturn_2020-09-07_infer_llama_8b_32g_0,Saturn,2020-09-07,infer_llama_8b_32g,0,14586,116611.55166666668,303440.65027777775,0.3842977253044947,7.664882905361293,2.2834218501729593,8.548342234776449,0.0,1.6012791093089618e-10,0.0
Saturn_2020-09-07_infer_llama_8b_32g_6,Saturn,2020-09-07,infer_llama_8b_32g,6,14586,116611.55166666668,303440.65027777775,0.3842977253044947,29.423389630003957,8.76543211642665,32.769543471577315,0.0,2.1313439901859965e-10,0.0
Saturn_2020-09-07_infer_llama_8b_32g_24,Saturn,2020-09-07,infer_llama_8b_32g,24,14586,116611.55166666668,303440.65027777775,0.3842977253044947,37.01627500043632,11.027405400920895,38.6331292283544,0.0,1.9315393728902563e-10,0.0
Saturn_2020-09-07_infer_llama_8b_0,Saturn,2020-09-07,infer_llama_8b,0,14586,116611.55166666668,303440.65027777775,0.3842977253044947,7.6602745261505385,2.282048982000849,8.543190292786619,0.0,1.6012791093089618e-10,0.0
Saturn_2020-09-07_infer_llama_8b_6,Saturn,2020-09-07,infer_llama_8b,6,14586,116611.55166666668,303440.65027777775,0.3842977253044947,29.40621744450359,8.760316403105142,32.75043496548092,0.0,2.1313439901859965e-10,0.0
Saturn_2020-09-07_infer_llama_8b_24,Saturn,2020-09-07,infer_llama_8b,24,14586,116611.55166666668,303440.65027777775,0.3842977253044947,36.99482364198615,11.021014892258753,38.61073255140632,0.0,1.9315393728902563e-10,0.0
Saturn_2020-09-07_pt_mpt_13b_lg_0,Saturn,2020-09-07,pt_mpt_13b_lg,0,14586,116611.55166666668,303440.65027777775,0.3842977253044947,4.008887233967668,1.1942753487490787,4.94518666440924,0.0,8.162714948412031e-11,0.0
Saturn_2020-09-07_pt_mpt_13b_lg_6,Saturn,2020-09-07,pt_mpt_13b_lg,6,14586,116611.55166666668,303440.65027777775,0.3842977253044947,14.62713080951302,4.357523853680551,18.600140286867937,0.0,2.39538167079445e-10,0.0
Saturn_2020-09-07_pt_mpt_13b_lg_24,Saturn,2020-09-07,pt_mpt_13b_lg,24,14586,116611.55166666668,303440.65027777775,0.3842977253044947,19.10782358056468,5.692353348619733,25.311226973508703,0.0,1.1084466677857563e-10,0.0
Saturn_2020-09-07_pt_mpt_13b_sm_0,Saturn,2020-09-07,pt_mpt_13b_sm,0,14586,116611.55166666668,303440.65027777775,0.3842977253044947,4.057840822872298,1.208858962866788,5.133198617204846,0.0,1.3491785466612782e-10,0.0
Saturn_2020-09-07_pt_mpt_13b_sm_6,Saturn,2020-09-07,pt_mpt_13b_sm,6,14586,116611.55166666668,303440.65027777775,0.3842977253044947,15.122030297537712,4.504957848243541,19.34221761339332,0.0,1.0311396181350574e-10,0.0
Saturn_2020-09-07_pt_mpt_13b_sm_24,Saturn,2020-09-07,pt_mpt_13b_sm,24,14586,116611.55166666668,303440.65027777775,0.3842977253044947,19.599993818108477,5.838974280509801,26.119814609798848,0.0,1.5154455468291417e-10,0.0
Saturn_2020-09-07_pt_mpt_7b_fast_0,Saturn,2020-09-07,pt_mpt_7b_fast,0,14586,116611.55166666668,303440.65027777775,0.3842977253044947,4.31779540057013,1.2863012369493476,5.2772587007894405,0.0,1.0581402420939412e-10,0.0
Saturn_2020-09-07_pt_mpt_7b_fast_6,Saturn,2020-09-07,pt_mpt_7b_fast,6,14586,116611.55166666668,303440.65027777775,0.3842977253044947,16.797676539429858,5.004144501078176,20.232662538174402,0.0,1.674607119639404e-10,0.0
Saturn_2020-09-07_pt_mpt_7b_fast_24,Saturn,2020-09-07,pt_mpt_7b_fast,24,14586,116611.55166666668,303440.65027777775,0.3842977253044947,20.374100870437914,6.0695861475776764,26.114536801037374,0.0,1.0668088634702144e-10,0.0
Uranus_2020-05-04_ft_llama_8b_dolly_0,Uranus,2020-05-04,ft_llama_8b_dolly,0,5490,83121.835,277189.84222222224,0.29987330824829245,3.43649983475151,0.7911527887930899,4.065899728178561,0.0,6.252776074688882e-11,0.0
Uranus_2020-05-04_ft_llama_8b_dolly_6,Uranus,2020-05-04,ft_llama_8b_dolly,6,5490,83121.835,277189.84222222224,0.29987330824829245,29.528656079341435,6.7981026421822195,31.73531872456064,0.0,6.502887117676437e-11,0.0
Uranus_2020-05-04_ft_llama_8b_dolly_24,Uranus,2020-05-04,ft_llama_8b_dolly,24,5490,83121.835,277189.84222222224,0.29987330824829245,35.51462959043119,8.176196593780698,35.60459708332267,0.0,6.502887117676437e-11,0.0
Uranus_2020-05-04_ft_llama_8b_p3_0,Uranus,2020-05-04,ft_llama_8b_p3,0,5490,83121.835,277189.84222222224,0.29987330824829245,2.9821673489065708,0.6865561263458437,3.5109774543609396,0.0,4.177991286269389e-11,0.0
Uranus_2020-05-04_ft_llama_8b_p3_6,Uranus,2020-05-04,ft_llama_8b_p3,6,5490,83121.835,277189.84222222224,0.29987330824829245,26.451426698293957,6.08966128509198,28.508176536622678,0.0,6.264144758461043e-11,0.0
Uranus_2020-05-04_ft_llama_8b_p3_24,Uranus,2020-05-04,ft_llama_8b_p3,24,5490,83121.835,277189.84222222224,0.29987330824829245,33.31840841647977,7.670581406779317,33.44759534454961,0.0,6.264144758461043e-11,0.0
Uranus_2020-05-04_infer_llama_8b_48g_0,Uranus,2020-05-04,infer_llama_8b_48g,0,5490,83121.835,277189.84222222224,0.29987330824829245,3.6861704119393948,0.8486320796180983,4.262429277217958,0.0,3.9960923459148034e-11,0.0
Uranus_2020-05-04_infer_llama_8b_48g_6,Uranus,2020-05-04,infer_llama_8b_48g,6,5490,83121.835,277189.84222222224,0.29987330824829245,31.227960911690655,7.1893174891981735,33.31957916830821,0.0,6.434675015043467e-11,0.0
Uranus_2020-05-04_infer_llama_8b_48g_24,Uranus,2020-05-04,infer_llama_8b_48g,24,5490,83121.835,277189.84222222224,0.29987330824829245,38.807080742198266,8.934186419458632,38.93394122275549,0.0,6.434675015043467e-11,0.0
Uranus_2020-05-04_infer_llama_8b_32g_0,Uranus,2020-05-04,infer_llama_8b_32g,0,5490,83121.835,277189.84222222224,0.29987330824829245,3.6861704119393948,0.8486320796180983,4.262429277217958,0.0,3.9960923459148034e-11,0.0
Uranus_2020-05-04_infer_llama_8b_32g_6,Uranus,2020-05-04,infer_llama_8b_32g,6,5490,83121.835,277189.84222222224,0.29987330824829245,31.227960911690655,7.1893174891981735,33.319579168308195,0.0,6.446043698815629e-11,0.0
Uranus_2020-05-04_infer_llama_8b_32g_24,Uranus,2020-05-04,infer_llama_8b_32g,24,5490,83121.835,277189.84222222224,0.29987330824829245,38.807080742198266,8.934186419458632,38.93394122275549,0.0,6.446043698815629e-11,0.0
Uranus_2020-05-04_infer_llama_8b_0,Uranus,2020-05-04,infer_llama_8b,0,5490,83121.835,277189.84222222224,0.29987330824829245,3.6838333506697976,0.8480940401506365,4.259753226820389,0.0,3.9960923459148034e-11,0.0
Uranus_2020-05-04_infer_llama_8b_6,Uranus,2020-05-04,infer_llama_8b,6,5490,83121.835,277189.84222222224,0.29987330824829245,31.209953674806854,7.185171853707372,33.300267335029545,0.0,6.446043698815629e-11,0.0
Uranus_2020-05-04_infer_llama_8b_24,Uranus,2020-05-04,infer_llama_8b,24,5490,83121.835,277189.84222222224,0.29987330824829245,38.78459597361215,8.929009964278164,38.9113922101321,0.0,6.446043698815629e-11,0.0
Uranus_2020-05-04_pt_mpt_13b_lg_0,Uranus,2020-05-04,pt_mpt_13b_lg,0,5490,83121.835,277189.84222222224,0.29987330824829245,1.8162051653749989,0.41812770280861833,2.2727444507526524,0.0,3.5981884138891473e-11,0.0
Uranus_2020-05-04_pt_mpt_13b_lg_6,Uranus,2020-05-04,pt_mpt_13b_lg,6,5490,83121.835,277189.84222222224,0.29987330824829245,16.456234888052787,3.788563000369975,19.284872689358686,0.0,4.695266397902742e-11,0.0
Uranus_2020-05-04_pt_mpt_13b_lg_24,Uranus,2020-05-04,pt_mpt_13b_lg,24,5490,83121.835,277189.84222222224,0.29987330824829245,23.83027028890033,5.486217286001958,25.691351974868205,0.0,4.774847184307873e-11,0.0
Uranus_2020-05-04_pt_mpt_13b_sm_0,Uranus,2020-05-04,pt_mpt_13b_sm,0,5490,83121.835,277189.84222222224,0.29987330824829245,1.872853871418554,0.4311693975337744,2.384879777396404,0.0,3.785771696129814e-11,0.0
Uranus_2020-05-04_pt_mpt_13b_sm_6,Uranus,2020-05-04,pt_mpt_13b_sm,6,5490,83121.835,277189.84222222224,0.29987330824829245,17.11561961290596,3.9403668964969985,20.143512448388268,0.0,5.253131263316391e-11,0.0
Uranus_2020-05-04_pt_mpt_13b_sm_24,Uranus,2020-05-04,pt_mpt_13b_sm,24,5490,83121.835,277189.84222222224,0.29987330824829245,24.471165918267733,5.633764612898887,26.463326988522084,0.0,5.253131263316391e-11,0.0
Uranus_2020-05-04_pt_mpt_7b_fast_0,Uranus,2020-05-04,pt_mpt_7b_fast,0,5490,83121.835,277189.84222222224,0.29987330824829245,1.9950237732515754,0.4592954162125334,2.49024805124229,0.0,2.5920599000528455e-11,0.0
Uranus_2020-05-04_pt_mpt_7b_fast_6,Uranus,2020-05-04,pt_mpt_7b_fast,6,5490,83121.835,277189.84222222224,0.29987330824829245,18.712984495288655,4.308113074930496,20.858367965704847,0.0,5.093170329928398e-11,0.0
Uranus_2020-05-04_pt_mpt_7b_fast_24,Uranus,2020-05-04,pt_mpt_7b_fast,24,5490,83121.835,277189.84222222224,0.29987330824829245,24.94132825298144,5.742005631429626,26.428854646215246,0.0,5.093170329928398e-11,0.0
Uranus_2020-07-06_ft_llama_8b_dolly_0,Uranus,2020-07-06,ft_llama_8b_dolly,0,14129,98615.45555555556,274865.5208333333,0.35877710400553203,9.39357165550095,2.573318325011933,10.650774599492788,0.0,6.394884621840902e-11,0.0
Uranus_2020-07-06_ft_llama_8b_dolly_6,Uranus,2020-07-06,ft_llama_8b_dolly,6,14129,98615.45555555556,274865.5208333333,0.35877710400553203,30.189946323149396,8.270373075718442,32.30444203108874,0.0,8.458300726488233e-11,0.0
Uranus_2020-07-06_ft_llama_8b_dolly_24,Uranus,2020-07-06,ft_llama_8b_dolly,24,14129,98615.45555555556,274865.5208333333,0.35877710400553203,34.936488433554494,9.570662703678371,35.453031746628696,0.0,8.458300726488233e-11,0.0
Uranus_2020-07-06_ft_llama_8b_p3_0,Uranus,2020-07-06,ft_llama_8b_p3,0,14129,98615.45555555556,274865.5208333333,0.35877710400553203,8.335691076326285,2.2835176421725976,9.42403361734388,0.0,3.387867764104158e-11,0.0
Uranus_2020-07-06_ft_llama_8b_p3_6,Uranus,2020-07-06,ft_llama_8b_p3,6,14129,98615.45555555556,274865.5208333333,0.35877710400553203,27.376799785179294,7.499726744100474,29.342880566072672,0.0,9.367795428261161e-11,0.0
Uranus_2020-07-06_ft_llama_8b_p3_24,Uranus,2020-07-06,ft_llama_8b_p3,24,14129,98615.45555555556,274865.5208333333,0.35877710400553203,32.81511829418183,8.989524787879963,33.178784963656625,0.0,9.367795428261161e-11,0.0
Uranus_2020-07-06_infer_llama_8b_48g_0,Uranus,2020-07-06,infer_llama_8b_48g,0,14129,98615.45555555556,274865.5208333333,0.35877710400553203,9.853233487835318,2.699240206468163,11.217100996474167,0.0,5.3432813729159534e-11,0.0
Uranus_2020-07-06_infer_llama_8b_48g_6,Uranus,2020-07-06,infer_llama_8b_48g,6,14129,98615.45555555556,274865.5208333333,0.35877710400553203,32.334679874966234,8.857911272430465,34.338801291770636,0.0,5.3432813729159534e-11,0.0
Uranus_2020-07-06_infer_llama_8b_48g_24,Uranus,2020-07-06,infer_llama_8b_48g,24,14129,98615.45555555556,274865.5208333333,0.35877710400553203,38.26432700217845,10.482306142977265,38.61378578910684,0.0,5.3432813729159534e-11,0.0
Uranus_2020-07-06_infer_llama_8b_32g_0,Uranus,2020-07-06,infer_llama_8b_32g,0,14129,98615.45555555556,274865.5208333333,0.35877710400553203,9.853233487835318,2.699240206468163,11.217100996474167,0.0,5.3432813729159534e-11,0.0
Uranus_2020-07-06_infer_llama_8b_32g_6,Uranus,2020-07-06,infer_llama_8b_32g,6,14129,98615.45555555556,274865.5208333333,0.35877710400553203,32.334679874966234,8.857911272430465,34.338801291770636,0.0,5.341860287444433e-11,0.0
Uranus_2020-07-06_infer_llama_8b_32g_24,Uranus,2020-07-06,infer_llama_8b_32g,24,14129,98615.45555555556,274865.5208333333,0.35877710400553203,38.26432700217845,10.482306142977265,38.61378578910684,0.0,5.341860287444433e-11,0.0
Uranus_2020-07-06_infer_llama_8b_0,Uranus,2020-07-06,infer_llama_8b,0,14129,98615.45555555556,274865.5208333333,0.35877710400553203,9.847317361806684,2.697619515629695,11.210337343189549,0.0,5.3432813729159534e-11,0.0
Uranus_2020-07-06_infer_llama_8b_6,Uranus,2020-07-06,infer_llama_8b,6,14129,98615.45555555556,274865.5208333333,0.35877710400553203,32.31567665204205,8.852705441935049,34.31889800580827,0.0,5.341860287444433e-11,0.0
Uranus_2020-07-06_infer_llama_8b_24,Uranus,2020-07-06,infer_llama_8b,24,14129,98615.45555555556,274865.5208333333,0.35877710400553203,38.24211709217196,10.476221857839237,38.591398907964575,0.0,5.341860287444433e-11,0.0
Uranus_2020-07-06_pt_mpt_13b_lg_0,Uranus,2020-07-06,pt_mpt_13b_lg,0,14129,98615.45555555556,274865.5208333333,0.35877710400553203,5.138324365027486,1.4076162649632113,6.386204730458844,0.0,3.2514435588382185e-11,0.0
Uranus_2020-07-06_pt_mpt_13b_lg_6,Uranus,2020-07-06,pt_mpt_13b_lg,6,14129,98615.45555555556,274865.5208333333,0.35877710400553203,18.42950524682472,5.0486636299607275,20.60023840044557,0.0,1.07775122160092e-10,0.0
Uranus_2020-07-06_pt_mpt_13b_lg_24,Uranus,2020-07-06,pt_mpt_13b_lg,24,14129,98615.45555555556,274865.5208333333,0.35877710400553203,24.7791974584751,6.788127587406217,25.31206188923664,0.0,4.7975845518521965e-11,0.0
Uranus_2020-07-06_pt_mpt_13b_sm_0,Uranus,2020-07-06,pt_mpt_13b_sm,0,14129,98615.45555555556,274865.5208333333,0.35877710400553203,5.218937668620565,1.4296998449883167,6.6849141136794,0.0,4.632738637155853e-11,0.0
Uranus_2020-07-06_pt_mpt_13b_sm_6,Uranus,2020-07-06,pt_mpt_13b_sm,6,14129,98615.45555555556,274865.5208333333,0.35877710400553203,18.663962140047428,5.112891832169845,21.244557213385765,0.0,4.729372449219227e-11,0.0
Uranus_2020-07-06_pt_mpt_13b_sm_24,Uranus,2020-07-06,pt_mpt_13b_sm,24,14129,98615.45555555556,274865.5208333333,0.35877710400553203,25.560127631709292,7.002059199261381,26.097849196117732,0.0,4.729372449219227e-11,0.0
Uranus_2020-07-06_pt_mpt_7b_fast_0,Uranus,2020-07-06,pt_mpt_7b_fast,0,14129,98615.45555555556,274865.5208333333,0.35877710400553203,5.684479007070452,1.5572323854551933,6.893540461353775,0.0,5.5933924159035087e-11,0.0
Uranus_2020-07-06_pt_mpt_7b_fast_6,Uranus,2020-07-06,pt_mpt_7b_fast,6,14129,98615.45555555556,274865.5208333333,0.35877710400553203,19.705742444944516,5.398281931649023,21.84555487279961,0.0,5.5933924159035087e-11,0.0
Uranus_2020-07-06_pt_mpt_7b_fast_24,Uranus,2020-07-06,pt_mpt_7b_fast,24,14129,98615.45555555556,274865.5208333333,0.35877710400553203,25.536619053238553,6.99561915089721,26.126746287713168,0.0,5.5933924159035087e-11,0.0
Uranus_2020-09-07_ft_llama_8b_dolly_0,Uranus,2020-09-07,ft_llama_8b_dolly,0,9705,110580.72027777779,299088.70472222223,0.36972549792704246,5.478626744480001,1.5712466388785364,6.32924906581012,0.0,4.220623850414995e-11,0.0
Uranus_2020-09-07_ft_llama_8b_dolly_6,Uranus,2020-09-07,ft_llama_8b_dolly,6,9705,110580.72027777779,299088.70472222223,0.36972549792704246,28.44699640219123,8.158476488322107,30.757486500218118,0.0,8.094502845779061e-11,0.0
Uranus_2020-09-07_ft_llama_8b_dolly_24,Uranus,2020-09-07,ft_llama_8b_dolly,24,9705,110580.72027777779,299088.70472222223,0.36972549792704246,34.04791841003408,9.764796883904959,35.54163294841388,0.0,6.627942639170215e-11,0.0
Uranus_2020-09-07_ft_llama_8b_p3_0,Uranus,2020-09-07,ft_llama_8b_p3,0,9705,110580.72027777779,299088.70472222223,0.36972549792704246,4.7736829900616415,1.3690717953661051,5.512515537590103,0.0,3.8321346096381603e-11,0.0
Uranus_2020-09-07_ft_llama_8b_p3_6,Uranus,2020-09-07,ft_llama_8b_p3,6,9705,110580.72027777779,299088.70472222223,0.36972549792704246,24.23895718269605,6.951628898903345,27.290253617028803,0.0,6.468781066359952e-11,0.0
Uranus_2020-09-07_ft_llama_8b_p3_24,Uranus,2020-09-07,ft_llama_8b_p3,24,9705,110580.72027777779,299088.70472222223,0.36972549792704246,31.474978193713163,9.026888671595568,33.32340832628078,0.0,6.468781066359952e-11,0.0
Uranus_2020-09-07_infer_llama_8b_48g_0,Uranus,2020-09-07,infer_llama_8b_48g,0,9705,110580.72027777779,299088.70472222223,0.36972549792704246,5.807815338588011,1.66565651496117,6.674624715626688,0.0,3.751665644813329e-11,0.0
Uranus_2020-09-07_infer_llama_8b_48g_6,Uranus,2020-09-07,infer_llama_8b_48g,6,9705,110580.72027777779,299088.70472222223,0.36972549792704246,28.69177455668563,8.228677812569599,31.98355213951411,0.0,6.502887117676437e-11,0.0
Uranus_2020-09-07_infer_llama_8b_48g_24,Uranus,2020-09-07,infer_llama_8b_48g,24,9705,110580.72027777779,299088.70472222223,0.36972549792704246,36.701090167085354,10.525715157783452,38.78023031428136,0.0,4.3996806198265404e-11,0.0
Uranus_2020-09-07_infer_llama_8b_32g_0,Uranus,2020-09-07,infer_llama_8b_32g,0,9705,110580.72027777779,299088.70472222223,0.36972549792704246,5.807815338588011,1.66565651496117,6.674624715626688,0.0,3.751665644813329e-11,0.0
Uranus_2020-09-07_infer_llama_8b_32g_6,Uranus,2020-09-07,infer_llama_8b_32g,6,9705,110580.72027777779,299088.70472222223,0.36972549792704246,28.69177455668563,8.228677812569599,31.98355213951411,0.0,6.502887117676437e-11,0.0
Uranus_2020-09-07_infer_llama_8b_32g_24,Uranus,2020-09-07,infer_llama_8b_32g,24,9705,110580.72027777779,299088.70472222223,0.36972549792704246,36.701090167085354,10.525715157783452,38.78023031428136,0.0,4.411049303598702e-11,0.0
Uranus_2020-09-07_infer_llama_8b_0,Uranus,2020-09-07,infer_llama_8b,0,9705,110580.72027777779,299088.70472222223,0.36972549792704246,5.804284833962887,1.6646439813857885,6.6704222513903115,0.0,3.751665644813329e-11,0.0
Uranus_2020-09-07_infer_llama_8b_6,Uranus,2020-09-07,infer_llama_8b,6,9705,110580.72027777779,299088.70472222223,0.36972549792704246,28.67519959927976,8.22392418591676,31.965145606307246,0.0,6.502887117676437e-11,0.0
Uranus_2020-09-07_infer_llama_8b_24,Uranus,2020-09-07,infer_llama_8b,24,9705,110580.72027777779,299088.70472222223,0.36972549792704246,36.679716652691525,10.519585325579396,38.75775914315192,0.0,4.411049303598702e-11,0.0
Uranus_2020-09-07_pt_mpt_13b_lg_0,Uranus,2020-09-07,pt_mpt_13b_lg,0,9705,110580.72027777779,299088.70472222223,0.36972549792704246,2.9339109868856714,0.8414330802071213,3.61085734998839,0.0,3.1946001399774104e-11,0.0
Uranus_2020-09-07_pt_mpt_13b_lg_6,Uranus,2020-09-07,pt_mpt_13b_lg,6,9705,110580.72027777779,299088.70472222223,0.36972549792704246,14.74653280613579,4.229242324292003,18.056044476122498,0.0,4.7968740091164364e-11,0.0
Uranus_2020-09-07_pt_mpt_13b_lg_24,Uranus,2020-09-07,pt_mpt_13b_lg,24,9705,110580.72027777779,299088.70472222223,0.36972549792704246,19.539335116822585,5.603797458763146,25.24962607859646,0.0,5.820766091346741e-11,0.0
Uranus_2020-09-07_pt_mpt_13b_sm_0,Uranus,2020-09-07,pt_mpt_13b_sm,0,9705,110580.72027777779,299088.70472222223,0.36972549792704246,2.998171869940757,0.8598628256927764,3.761729819545137,0.0,3.1747049433761276e-11,0.0
Uranus_2020-09-07_pt_mpt_13b_sm_6,Uranus,2020-09-07,pt_mpt_13b_sm,6,9705,110580.72027777779,299088.70472222223,0.36972549792704246,14.459329144231258,4.146873546587667,18.831470264797844,0.0,6.320988177321851e-11,0.0
Uranus_2020-09-07_pt_mpt_13b_sm_24,Uranus,2020-09-07,pt_mpt_13b_sm,24,9705,110580.72027777779,299088.70472222223,0.36972549792704246,19.993065547232828,5.733925399027978,25.976011174040856,0.0,5.206857167650014e-11,0.0
Uranus_2020-09-07_pt_mpt_7b_fast_0,Uranus,2020-09-07,pt_mpt_7b_fast,0,9705,110580.72027777779,299088.70472222223,0.36972549792704246,3.2641367272421316,0.9361404053829143,3.930611283329908,0.0,3.8255620893323794e-11,0.0
Uranus_2020-09-07_pt_mpt_7b_fast_6,Uranus,2020-09-07,pt_mpt_7b_fast,6,9705,110580.72027777779,299088.70472222223,0.36972549792704246,16.421931075583583,4.709739358024973,19.64785103740699,0.0,7.503331289626658e-11,0.0
Uranus_2020-09-07_pt_mpt_7b_fast_24,Uranus,2020-09-07,pt_mpt_7b_fast,24,9705,110580.72027777779,299088.70472222223,0.36972549792704246,20.695519873873284,5.935386285337046,26.071943204191896,0.0,6.644995664828457e-11,0.0
