province,technology_group,grid_lat,grid_lon,capacity_mw,unit_count,near_boundary_review_mw,assumed_pv_mw,known_pre2020_survivor_mw,unit_ids
Gansu,solar_pv,33.75,106.25,100.0,1,0.0,0.0,0.0,G100000831503
Gansu,solar_pv,34.0,101.75,50.0,1,0.0,0.0,0.0,G100000802785
Gansu,solar_pv,34.0,102.0,40.0,1,0.0,0.0,40.0,G100000803385
Gansu,solar_pv,34.25,102.25,50.0,1,0.0,0.0,0.0,G100001008751
Gansu,solar_pv,34.75,103.5,20.0,1,0.0,0.0,20.0,G100000831486
Gansu,solar_pv,34.75,106.25,30.0,1,0.0,0.0,30.0,G100000803386
Gansu,solar_pv,35.0,103.0,140.0,2,0.0,0.0,0.0,G100000802775;G100000831448
Gansu,solar_pv,35.0,104.75,20.0,1,0.0,0.0,0.0,G100000802789
Gansu,solar_pv,35.0,105.0,50.0,1,0.0,0.0,50.0,G100000803397
Gansu,solar_pv,35.25,103.5,20.0,1,0.0,0.0,0.0,G100000831475
Gansu,solar_pv,35.25,104.25,11.7,6,0.0,0.0,11.7,G100001016356;G100001016357;G100001016358;G100001016359;G100001016360;G100001016361
Gansu,solar_pv,35.25,105.0,100.0,1,0.0,0.0,0.0,G100000802788
Gansu,solar_pv,35.25,105.25,20.0,1,0.0,0.0,0.0,G100000830172
Gansu,solar_pv,35.25,106.0,14.5,1,0.0,0.0,14.5,G100001017589
Gansu,solar_pv,35.25,106.5,5.8,2,0.0,5.8,0.0,G100001035785;G100001035967
Gansu,solar_pv,35.25,107.5,135.0,3,0.0,0.0,15.0,G100000830678;G100001014242;G100001028224
Gansu,solar_pv,35.5,104.0,18.0,1,0.0,0.0,18.0,G100001014614
Gansu,solar_pv,35.5,106.75,1.1,1,0.0,0.0,1.1,G100001015100
Gansu,solar_pv,35.75,103.5,250.0,2,0.0,0.0,0.0,G100000831446;G100001030685
Gansu,solar_pv,35.75,103.75,99.0,3,0.0,0.0,36.0,G100000831489;G100000831490;G100000831491
Gansu,solar_pv,35.75,104.5,20.0,1,0.0,0.0,20.0,G100000803065
Gansu,solar_pv,35.75,107.25,20.0,1,0.0,0.0,20.0,G100000803371
Gansu,solar_pv,36.0,103.0,130.0,1,0.0,0.0,0.0,G100001021039
Gansu,solar_pv,36.0,103.25,35.6,1,0.0,0.0,35.6,G100000830197
Gansu,solar_pv,36.25,103.5,180.0,3,0.0,0.0,0.0,G100000831518;G100000831519;G100001000622
Gansu,solar_pv,36.5,104.0,100.0,1,0.0,0.0,0.0,G100001008727
Gansu,solar_pv,36.5,106.5,445.4,3,105.6,0.0,0.0,G100000830185;G100000830186;G100000830187
Gansu,solar_pv,36.5,107.0,1.0,1,0.0,0.0,1.0,G100001017156
Gansu,solar_pv,36.5,107.25,168.0,1,0.0,0.0,0.0,G100000830190
Gansu,solar_pv,36.5,108.0,30.2,5,0.0,0.0,30.2,G100001012889;G100001013549;G100001013550;G100001015824;G100001016719
Gansu,solar_pv,36.75,103.25,1.1,1,0.0,1.1,0.0,G100001036129
Gansu,solar_pv,36.75,103.5,350.0,2,0.0,0.0,50.0,G100000803789;G100000831525
Gansu,solar_pv,36.75,103.75,20.0,1,0.0,0.0,20.0,G100000803387
Gansu,solar_pv,36.75,104.0,100.0,1,0.0,0.0,0.0,G100000831443
Gansu,solar_pv,36.75,106.75,347.0,2,0.0,0.0,0.0,G100000830188;G100000830189
Gansu,solar_pv,37.0,104.0,23.400000000000002,3,0.0,0.0,23.400000000000002,G100001012635;G100001012992;G100001013014
Gansu,solar_pv,37.0,104.75,50.0,1,0.0,0.0,0.0,G100000811651
Gansu,solar_pv,37.0,105.25,100.0,1,0.0,0.0,100.0,G100000802269
Gansu,solar_pv,37.25,104.0,130.0,3,0.0,0.0,30.0,G100000802842;G100000811645;G100001022516
Gansu,solar_pv,37.5,103.25,27.2,6,0.0,0.0,27.2,G100001013025;G100001013133;G100001015114;G100001015156;G100001016114;G100001016646
Gansu,solar_pv,37.5,104.0,91.4,3,0.0,0.0,91.4,G100000802841;G100000803373;G100000830180
Gansu,solar_pv,37.75,102.75,70.0,1,0.0,0.0,0.0,G100000811680
Gansu,solar_pv,37.75,103.0,600.0,3,0.0,0.0,0.0,G100000811677;G100000830193;G100000831457
Gansu,solar_pv,37.75,103.25,820.0,5,0.0,0.0,170.0,G100000802321;G100000802322;G100000802323;G100000803388;G100000811624
Gansu,solar_pv,38.0,101.75,200.0,1,0.0,0.0,0.0,G100000811683
Gansu,solar_pv,38.0,102.0,29.1,7,0.0,0.0,29.1,G100001012996;G100001012999;G100001013001;G100001013002;G100001013004;G100001013005;G100001013009
Gansu,solar_pv,38.0,102.25,700.0,17,0.0,0.0,700.0,G100000802324;G100000802325;G100000802326;G100000802327;G100000802328;G100000802329;G100000802330;G100000802331;G100000802332;G100000802333;G100000802334;G100000802800;G100000802801;G100000802838;G100000802839;G100000802843;G100000831501
Gansu,solar_pv,38.0,102.75,697.0,8,0.0,0.0,47.0,G100000830194;G100000831481;G100000831502;G100001012301;G100001012623;G100001012994;G100001013008;G100001016444
Gansu,solar_pv,38.0,103.25,200.0,1,0.0,0.0,0.0,G100000811679
Gansu,solar_pv,38.25,102.0,47.8,5,0.0,2.8,30.0,G100000803786;G100001014229;G100001014230;G100001036818;G100001036819
Gansu,solar_pv,38.25,102.25,890.0,9,0.0,15.0,365.0,G100000802301;G100000802302;G100000802303;G100000802304;G100000802305;G100000811634;G100000811638;G100000831522;G100000831537
Gansu,solar_pv,38.25,102.75,650.0,4,0.0,0.0,0.0,G100000811682;G100000811684;G100000831480;G100000831485
Gansu,solar_pv,38.5,100.75,68.0,3,0.0,0.0,68.0,G100000802353;G100001013003;G100001013559
Gansu,solar_pv,38.5,102.0,1000.0,7,0.0,0.0,200.0,G100000802291;G100000802292;G100000802293;G100000831521;G100000831523;G100000831524;G100001000497
Gansu,solar_pv,38.5,102.25,2010.0,25,0.0,0.0,1065.0,G100000802279;G100000802280;G100000802281;G100000802282;G100000802283;G100000802286;G100000802288;G100000802289;G100000802294;G100000802295;G100000802296;G100000802297;G100000802298;G100000802299;G100000802300;G100000802356;G100000803381;G100000803382;G100000803785;G100000811639;G100000811640;G100000831467;G100000831468;G100001008737;G100001008750
Gansu,solar_pv,38.5,102.5,470.0,6,0.0,0.0,270.0,G100000802278;G100000802284;G100000802285;G100000802290;G100001000483;G100001008739
Gansu,solar_pv,38.5,102.75,100.0,1,0.0,0.0,100.0,G100000831478
Gansu,solar_pv,38.75,100.25,70.0,2,0.0,0.0,70.0,G100000802825;G100000803792
Gansu,solar_pv,38.75,100.5,140.0,4,0.0,0.0,100.0,G100000802347;G100000802354;G100000802826;G100000811619
Gansu,solar_pv,38.75,100.75,1150.0,11,0.0,21.0,51.0,G100000803781;G100000811620;G100000811664;G100000811665;G100000811668;G100000811669;G100000811670;G100000830191;G100000831436;G100000831437;G100000831513
Gansu,solar_pv,38.75,101.0,400.0,5,0.0,0.0,50.0,G100000802355;G100000811672;G100000831511;G100000831514;G100001022553
Gansu,solar_pv,38.75,102.25,100.0,1,0.0,0.0,0.0,G100001023312
Gansu,solar_pv,38.75,102.75,70.0,1,0.0,0.0,0.0,G100000830184
Gansu,solar_pv,38.75,103.0,96.4,1,0.0,0.0,0.0,G100000831497
Gansu,solar_pv,38.75,103.25,206.3,24,0.0,52.8,105.0,G100000803774;G100000811666;G100001013010;G100001013011;G100001013119;G100001013563;G100001013564;G100001014754;G100001016443;G100001036821;G100001036822;G100001036823;G100001036824;G100001036825;G100001036826;G100001036827;G100001036828;G100001036829;G100001036830;G100001036831;G100001036832;G100001036833;G100001036834;G100001036835
Gansu,solar_pv,39.0,94.0,100.0,1,0.0,0.0,0.0,G100001006703
Gansu,solar_pv,39.0,94.5,640.0,1,0.0,0.0,0.0,G100000831440
Gansu,solar_pv,39.0,100.0,90.0,2,0.0,0.0,90.0,G100000802352;G100000803904
Gansu,solar_pv,39.0,100.5,56.0,6,0.0,0.0,56.0,G100001013012;G100001013013;G100001014714;G100001014715;G100001015750;G100001015751
Gansu,solar_pv,39.0,100.75,100.0,1,0.0,0.0,0.0,G100000831512
Gansu,solar_pv,39.0,102.5,1069.5,16,180.0,0.0,669.5,G100000802335;G100000802336;G100000802337;G100000802338;G100000802339;G100000802340;G100000802341;G100000802342;G100000802343;G100000802344;G100000802345;G100000803392;G100000803393;G100000811685;G100000831498;G100001027863
Gansu,solar_pv,39.25,94.25,10.0,1,0.0,0.0,10.0,G100001012562
Gansu,solar_pv,39.25,99.5,330.0,7,0.0,0.0,300.0,G100000802348;G100000802349;G100000802350;G100000802351;G100000803066;G100000803776;G100000811621
Gansu,solar_pv,39.25,99.75,200.0,1,0.0,0.0,0.0,G100000811694
Gansu,solar_pv,39.25,100.25,265.0,6,0.0,4.0,61.0,G100000803778;G100000811663;G100001012995;G100001014646;G100001014647;G100001036836
Gansu,solar_pv,39.5,93.5,35.0,1,0.0,0.0,0.0,G100000830170
Gansu,solar_pv,39.5,94.25,20.0,1,0.0,0.0,20.0,G100000803787
Gansu,solar_pv,39.5,98.5,274.0,8,0.0,10.0,150.0,G100000802320;G100000803374;G100000803626;G100000803627;G100000803791;G100000803793;G100000811676;G100000831439
Gansu,solar_pv,39.5,98.75,130.8,17,0.0,21.7,100.1,G100001012122;G100001012782;G100001012783;G100001012784;G100001014397;G100001014398;G100001014399;G100001014400;G100001014401;G100001014402;G100001014403;G100001016120;G100001036125;G100001036126;G100001036127;G100001036128;G100001036820
Gansu,solar_pv,39.5,99.5,349.5,3,0.0,0.0,50.0,G100000802346;G100000811674;G100000811675
Gansu,solar_pv,39.5,99.75,118.0,4,0.0,0.0,18.0,G100000811622;G100000830175;G100001012997;G100001012998
Gansu,solar_pv,39.75,96.5,30.0,1,0.0,0.0,30.0,G100000803780
Gansu,solar_pv,39.75,98.0,1512.0,21,0.0,57.0,547.0,G100000802270;G100000802271;G100000802272;G100000802273;G100000802274;G100000802276;G100000802277;G100000803379;G100000803383;G100000803779;G100000811631;G100000811691;G100000831462;G100000831463;G100000831531;G100000831533;G100000831538;G100000831539;G100000831543;G100000831544;G100000831545
Gansu,solar_pv,39.75,98.25,410.0,19,0.0,30.0,310.0,G100000802275;G100000803395;G100000803399;G100000803400;G100000811632;G100000811633;G100000831540;G100000831541;G100000831542;G100001013556;G100001013557;G100001013558;G100001014198;G100001014199;G100001015747;G100001015748;G100001015749;G100001016270;G100001030828
Gansu,solar_pv,39.75,98.5,85.0,3,0.0,15.0,85.0,G100000802319;G100000803398;G100000831438
Gansu,solar_pv,40.0,93.5,200.0,1,0.0,0.0,0.0,G100000802796
Gansu,solar_pv,40.0,94.5,647.0,20,0.0,57.0,617.0,G100000802306;G100000802308;G100000802309;G100000802310;G100000802311;G100000802312;G100000802313;G100000802314;G100000802315;G100000803375;G100000803380;G100000803389;G100000803623;G100000803624;G100000803777;G100000831546;G100000831547;G100000831548;G100000831549;G100000831550
Gansu,solar_pv,40.0,99.0,2049.0,15,0.0,0.0,360.0,G100000802317;G100000802318;G100000802758;G100000802840;G100000803378;G100000803384;G100000803390;G100000811653;G100000811655;G100000811656;G100000811657;G100000811658;G100000830181;G100000830182;G100000831472
Gansu,solar_pv,40.25,94.75,294.0,14,0.0,0.0,244.0,G100000803391;G100000803394;G100000803775;G100000803782;G100000803783;G100000803788;G100000803790;G100000811616;G100000811618;G100001012776;G100001012777;G100001012846;G100001012847;G100001013117
Gansu,solar_pv,40.25,96.5,1.0,1,0.0,0.0,1.0,G100001014396
Gansu,solar_pv,40.25,97.0,484.0,10,0.0,0.0,74.0,G100000802777;G100000802778;G100000802779;G100000803376;G100000803377;G100000803396;G100000811692;G100000814005;G100000830196;G100000831532
Gansu,solar_pv,40.25,97.5,34.8,5,0.0,0.0,34.8,G100001012299;G100001017078;G100001017079;G100001017080;G100001017081
Gansu,solar_pv,40.25,97.75,400.0,1,0.0,0.0,0.0,G100000831529
Gansu,solar_pv,40.25,99.25,52.4,8,0.0,0.0,52.4,G100001012993;G100001013006;G100001013007;G100001013118;G100001014351;G100001014352;G100001014353;G100001017548
Gansu,solar_pv,40.5,95.75,74.1,7,0.0,10.0,44.1,G100000802786;G100000831551;G100001012886;G100001012991;G100001013000;G100001013103;G100001013104
Gansu,solar_pv,40.5,96.5,100.0,1,0.0,0.0,100.0,G100000802316
Gansu,solar_pv,40.5,97.25,50.0,1,0.0,0.0,0.0,G100000802780
Gansu,solar_pv,41.0,95.5,220.0,2,0.0,0.0,20.0,G100000803067;G100000831451
Gansu,solar_pv,41.5,95.25,200.0,1,0.0,0.0,0.0,G100000830176
Gansu,solar_pv,41.75,97.0,100.0,2,0.0,0.0,0.0,G100000811673;G100000830192
Gansu,wind_onshore,33.5,104.75,300.0,1,0.0,0.0,0.0,G100000923567
Gansu,wind_onshore,34.25,104.5,100.0,1,0.0,0.0,0.0,G100000923570
Gansu,wind_onshore,34.25,105.5,25.0,1,0.0,0.0,0.0,G100000921550
Gansu,wind_onshore,34.5,105.25,150.0,2,0.0,0.0,0.0,G100000921551;G100000923565
Gansu,wind_onshore,34.75,105.0,45.0,1,0.0,0.0,0.0,G100000921557
Gansu,wind_onshore,34.75,105.25,50.0,1,0.0,0.0,0.0,G100000921521
Gansu,wind_onshore,34.75,106.0,110.0,2,0.0,0.0,0.0,G100000905827;G100001001099
Gansu,wind_onshore,35.0,106.25,150.0,3,0.0,0.0,50.0,G100000905835;G100000921552;G100000921561
Gansu,wind_onshore,35.25,104.5,100.0,1,0.0,0.0,0.0,G100000923568
Gansu,wind_onshore,35.5,104.25,25.0,1,0.0,0.0,0.0,G100000921514
Gansu,wind_onshore,35.5,104.75,100.0,1,0.0,0.0,0.0,G100000923542
Gansu,wind_onshore,35.5,105.0,499.5,5,0.0,0.0,149.5,G100000904394;G100000905829;G100000921515;G100000921555;G100001003691
Gansu,wind_onshore,35.5,105.25,200.0,1,0.0,0.0,200.0,G100000904395
Gansu,wind_onshore,35.5,106.75,125.0,1,0.0,0.0,0.0,G100000921532
Gansu,wind_onshore,35.75,105.0,20.0,1,0.0,0.0,0.0,G100001001608
Gansu,wind_onshore,36.25,106.5,380.0,1,380.0,0.0,0.0,G100000921547
Gansu,wind_onshore,36.5,105.25,40.0,1,0.0,0.0,0.0,G100001001609
Gansu,wind_onshore,36.5,106.5,780.0,2,0.0,0.0,400.0,G100000904493;G100000921545
Gansu,wind_onshore,36.5,106.75,380.0,1,0.0,0.0,0.0,G100000921548
Gansu,wind_onshore,36.5,108.25,60.2,2,0.0,0.0,0.0,G100001003665;G100001003667
Gansu,wind_onshore,36.75,104.75,100.0,1,0.0,0.0,0.0,G100000921542
Gansu,wind_onshore,36.75,105.0,250.0,5,0.0,0.0,200.0,G100000904385;G100000904386;G100000904387;G100000904388;G100001001591
Gansu,wind_onshore,36.75,105.25,20.0,1,0.0,0.0,0.0,G100001003679
Gansu,wind_onshore,37.0,103.25,345.0,4,0.0,0.0,0.0,G100000921559;G100000921560;G100000923581;G100000923582
Gansu,wind_onshore,37.0,103.5,50.0,1,0.0,0.0,50.0,G100000905834
Gansu,wind_onshore,37.0,104.0,294.0,6,0.0,0.0,294.0,G100000904377;G100000904378;G100000904379;G100000904380;G100000904381;G100000904382
Gansu,wind_onshore,37.0,104.75,95.0,2,0.0,0.0,95.0,G100000904389;G100000905820
Gansu,wind_onshore,37.0,105.0,250.0,5,0.0,0.0,0.0,G100000904383;G100000904384;G100001001590;G100001001592;G100001001607
Gansu,wind_onshore,37.0,106.5,50.0,1,50.0,0.0,50.0,G100000904496
Gansu,wind_onshore,37.0,106.75,530.0,4,530.0,0.0,150.0,G100000904495;G100000904497;G100000905828;G100000921546
Gansu,wind_onshore,37.25,103.5,100.0,1,0.0,0.0,100.0,G100000905826
Gansu,wind_onshore,37.25,103.75,50.0,1,0.0,0.0,50.0,G100000905821
Gansu,wind_onshore,37.25,104.0,50.0,1,0.0,0.0,50.0,G100000905830
Gansu,wind_onshore,37.25,104.25,50.0,1,0.0,0.0,50.0,G100000905824
Gansu,wind_onshore,37.5,104.0,50.0,2,0.0,0.0,0.0,G100000921530;G100000921531
Gansu,wind_onshore,38.0,102.0,5680.0,35,0.0,0.0,1473.0,G100000904390;G100000904391;G100000904392;G100000904393;G100000904396;G100000904397;G100000904398;G100000904399;G100000904400;G100000904404;G100000904406;G100000904407;G100000904408;G100000904410;G100000904411;G100000904412;G100000904414;G100000904417;G100000904418;G100000904419;G100000904421;G100000904432;G100000904433;G100000904451;G100000904453;G100000904454;G100000904457;G100000904458;G100000904459;G100000904473;G100000904480;G100000904482;G100000904505;G100000921543;G100000921544
Gansu,wind_onshore,38.25,102.0,49.5,1,0.0,0.0,0.0,G100000921558
Gansu,wind_onshore,38.5,101.5,99.5,2,0.0,0.0,50.0,G100000905819;G100001006846
Gansu,wind_onshore,38.5,101.75,50.0,1,0.0,0.0,50.0,G100000905823
Gansu,wind_onshore,38.5,102.25,100.0,1,0.0,0.0,0.0,G100000921529
Gansu,wind_onshore,38.75,102.25,350.0,6,0.0,0.0,250.0,G100000904401;G100000905822;G100000905831;G100000905832;G100000905833;G100001003686
Gansu,wind_onshore,38.75,102.75,50.0,1,0.0,0.0,50.0,G100000905825
Gansu,wind_onshore,39.0,102.0,350.0,4,350.0,0.0,350.0,G100000904456;G100000904501;G100000904502;G100000905818
Gansu,wind_onshore,39.0,102.25,700.0,2,700.0,0.0,700.0,G100000904498;G100000904499
Gansu,wind_onshore,39.0,102.5,350.0,2,350.0,0.0,300.0,G100000904500;G100001027049
Gansu,wind_onshore,39.25,94.25,450.0,4,0.0,0.0,100.0,G100000904402;G100000904403;G100001001546;G100001001548
Gansu,wind_onshore,39.25,100.0,400.0,2,0.0,0.0,0.0,G100000923562;G100000923564
Gansu,wind_onshore,39.25,100.25,100.0,1,0.0,0.0,0.0,G100001004870
Gansu,wind_onshore,39.25,100.5,49.5,1,0.0,0.0,0.0,G100001027821
Gansu,wind_onshore,39.25,100.75,400.0,4,0.0,0.0,100.0,G100000904503;G100000904504;G100000923545;G100001004879
Gansu,wind_onshore,39.25,102.25,300.0,1,300.0,0.0,0.0,G100000923569
Gansu,wind_onshore,39.5,99.75,200.0,1,0.0,0.0,0.0,G100000923551
Gansu,wind_onshore,39.75,99.25,100.0,1,0.0,0.0,0.0,G100001004874
Gansu,wind_onshore,39.75,99.5,400.0,1,0.0,0.0,0.0,G100000923552
Gansu,wind_onshore,40.0,96.75,145.0,3,0.0,0.0,145.0,G100000904468;G100000904469;G100000904476
Gansu,wind_onshore,40.0,97.0,96.0,2,0.0,0.0,96.0,G100000904474;G100000904475
Gansu,wind_onshore,40.25,94.75,199.5,2,0.0,0.0,0.0,G100000921518;G100000921519
Gansu,wind_onshore,40.25,96.75,603.0,3,0.0,0.0,603.0,G100000904463;G100000904464;G100000904465
Gansu,wind_onshore,40.25,97.0,607.0,10,0.0,0.0,542.9,G100000904462;G100000904466;G100000904467;G100000904470;G100000904471;G100000904472;G100000904486;G100001027737;G100001027740;G100001027742
Gansu,wind_onshore,40.25,97.25,179.0,4,0.0,0.0,179.0,G100000904461;G100000904479;G100000904484;G100000904485
Gansu,wind_onshore,40.5,93.75,200.0,1,0.0,0.0,0.0,G100001030259
Gansu,wind_onshore,40.5,95.75,351.0,3,0.0,0.0,251.0,G100000904427;G100000904435;G100000921522
Gansu,wind_onshore,40.5,96.0,50.0,1,0.0,0.0,50.0,G100000904436
Gansu,wind_onshore,40.5,96.75,403.0,2,0.0,0.0,403.0,G100000904448;G100000904449
Gansu,wind_onshore,40.5,97.25,801.0,3,0.0,0.0,400.0,G100000904477;G100000904478;G100000904481
Gansu,wind_onshore,40.5,97.5,200.0,1,0.0,0.0,0.0,G100000923590
Gansu,wind_onshore,40.75,95.25,497.0,4,0.0,0.0,497.0,G100000904440;G100000904444;G100000904445;G100000904446
Gansu,wind_onshore,40.75,95.5,1304.0,8,0.0,0.0,1304.0,G100000904423;G100000904424;G100000904437;G100000904438;G100000904439;G100000904441;G100000904442;G100000904443
Gansu,wind_onshore,40.75,95.75,502.0,4,0.0,0.0,502.0,G100000904425;G100000904426;G100000904430;G100000904431
Gansu,wind_onshore,40.75,96.0,200.0,1,0.0,0.0,200.0,G100000904434
Gansu,wind_onshore,40.75,96.25,1474.0,7,0.0,0.0,1003.0,G100000904405;G100000904409;G100000904413;G100000904416;G100000904428;G100000904429;G100000923553
Gansu,wind_onshore,40.75,96.5,402.0,2,0.0,0.0,402.0,G100000904415;G100000904422
Gansu,wind_onshore,40.75,96.75,200.0,1,0.0,0.0,200.0,G100000904420
Gansu,wind_onshore,40.75,97.0,148.0,2,0.0,0.0,148.0,G100000904450;G100000904452
Gansu,wind_onshore,40.75,97.75,200.0,1,0.0,0.0,0.0,G100000923587
Gansu,wind_onshore,41.0,95.5,1800.0,2,0.0,0.0,50.0,G100000904447;G100001000856
Gansu,wind_onshore,41.0,96.0,400.0,2,0.0,0.0,0.0,G100000923554;G100000923555
Gansu,wind_onshore,41.25,97.0,455.0,3,0.0,0.0,0.0,G100001000769;G100001000773;G100001000775
Gansu,wind_onshore,41.5,95.25,400.0,1,0.0,0.0,0.0,G100000923556
Gansu,wind_onshore,41.5,97.0,300.0,1,0.0,0.0,0.0,G100001000776
Gansu,wind_onshore,41.75,97.0,502.0,5,0.0,0.0,50.0,G100000904455;G100000904460;G100000923577;G100000923579;G100001000778
Guizhou,solar_pv,24.75,104.75,100.0,1,0.0,0.0,0.0,G100000812341
Guizhou,solar_pv,24.75,105.75,90.0,1,90.0,0.0,90.0,G100000812120
Guizhou,solar_pv,25.0,104.75,90.0,2,0.0,0.0,40.0,G100000812324;G100000831802
Guizhou,solar_pv,25.0,105.25,135.0,3,0.0,0.0,0.0,G100000812100;G100000812107;G100000812110
Guizhou,solar_pv,25.0,105.5,110.0,3,0.0,0.0,110.0,G100000812108;G100000812109;G100000832312
Guizhou,solar_pv,25.0,105.75,90.0,3,0.0,0.0,0.0,G100000812122;G100000812125;G100000812126
Guizhou,solar_pv,25.0,106.25,100.0,1,0.0,0.0,0.0,G100000812272
Guizhou,solar_pv,25.0,106.5,30.0,1,30.0,0.0,0.0,G100000831787
Guizhou,solar_pv,25.25,104.75,330.0,4,110.0,0.0,70.0,G100000812330;G100000812331;G100000812336;G100000812339
Guizhou,solar_pv,25.25,105.0,335.0,7,0.0,0.0,215.0,G100000812236;G100000812237;G100000812238;G100000812320;G100000812328;G100000812335;G100000812340
Guizhou,solar_pv,25.25,105.25,200.0,3,0.0,0.0,100.0,G100000812111;G100000812317;G100001006720
Guizhou,solar_pv,25.25,105.5,505.0,7,0.0,0.0,60.0,G100000812102;G100000812103;G100000812104;G100000812105;G100000812106;G100000812112;G100000812113
Guizhou,solar_pv,25.25,106.0,70.0,2,0.0,0.0,0.0,G100000812274;G100000812275
Guizhou,solar_pv,25.25,106.5,270.0,4,0.0,0.0,40.0,G100000812193;G100000812195;G100000831755;G100001006821
Guizhou,solar_pv,25.25,107.5,300.0,2,300.0,0.0,0.0,G100000812128;G100000812130
Guizhou,solar_pv,25.5,104.5,30.0,1,30.0,0.0,30.0,G100000812224
Guizhou,solar_pv,25.5,104.75,250.0,4,250.0,0.0,250.0,G100000802211;G100000802212;G100000802213;G100000831767
Guizhou,solar_pv,25.5,105.0,430.0,6,0.0,0.0,310.0,G100000812239;G100000812240;G100000812241;G100000812242;G100000812243;G100000812244
Guizhou,solar_pv,25.5,105.25,30.0,1,0.0,0.0,30.0,G100000812321
Guizhou,solar_pv,25.5,105.5,520.0,11,0.0,0.0,260.0,G100000812118;G100000812338;G100000812344;G100000812345;G100000812346;G100000812348;G100000812349;G100000812350;G100000812351;G100000812352;G100000831798
Guizhou,solar_pv,25.5,106.0,200.0,2,0.0,0.0,0.0,G100000812357;G100000831788
Guizhou,solar_pv,25.5,106.5,80.0,1,0.0,0.0,0.0,G100000812199
Guizhou,solar_pv,25.5,106.75,250.0,3,0.0,0.0,0.0,G100000812191;G100000812198;G100000812200
Guizhou,solar_pv,25.5,107.0,125.5,2,0.0,0.0,0.0,G100000812196;G100000812197
Guizhou,solar_pv,25.5,107.5,180.0,3,0.0,0.0,30.0,G100000812129;G100000812133;G100000812135
Guizhou,solar_pv,25.5,107.75,300.0,2,0.0,0.0,0.0,G100000812179;G100000812180
Guizhou,solar_pv,25.5,108.0,400.0,3,0.0,0.0,0.0,G100000812182;G100000812183;G100001006752
Guizhou,solar_pv,25.75,104.25,50.0,1,50.0,0.0,50.0,G100000812216
Guizhou,solar_pv,25.75,104.5,86.6,2,0.0,0.0,0.0,G100000830227;G100000831766
Guizhou,solar_pv,25.75,105.0,50.0,1,0.0,0.0,0.0,G100000812235
Guizhou,solar_pv,25.75,105.25,320.0,4,0.0,0.0,80.0,G100000802853;G100000812251;G100000812252;G100000812255
Guizhou,solar_pv,25.75,105.5,1050.0,9,0.0,0.0,150.0,G100000803620;G100000812115;G100000812116;G100000812149;G100000812150;G100000812154;G100000812157;G100000812159;G100000812160
Guizhou,solar_pv,25.75,106.0,450.0,4,0.0,0.0,0.0,G100000812358;G100000812363;G100000812364;G100000812365
Guizhou,solar_pv,25.75,106.5,100.0,1,0.0,0.0,0.0,G100000831719
Guizhou,solar_pv,25.75,107.0,100.0,1,0.0,0.0,0.0,G100000812227
Guizhou,solar_pv,25.75,107.5,25.0,1,0.0,0.0,25.0,G100000812134
Guizhou,solar_pv,25.75,108.0,80.0,1,0.0,0.0,0.0,G100000812263
Guizhou,solar_pv,26.0,104.5,100.0,1,0.0,0.0,0.0,G100000831765
Guizhou,solar_pv,26.0,105.25,1340.0,8,0.0,0.0,660.0,G100000802207;G100000812145;G100000812147;G100000812152;G100000812158;G100000830226;G100000831723;G100000831730
Guizhou,solar_pv,26.0,105.5,1680.0,9,0.0,0.0,0.0,G100000812146;G100000812153;G100000812354;G100000831710;G100000831724;G100000831728;G100000831729;G100000831731;G100000831732
Guizhou,solar_pv,26.0,105.75,150.0,1,0.0,0.0,0.0,G100000812356
Guizhou,solar_pv,26.0,106.0,100.0,1,0.0,0.0,100.0,G100000812347
Guizhou,solar_pv,26.0,107.0,200.0,1,0.0,0.0,0.0,G100000812228
Guizhou,solar_pv,26.0,107.5,50.0,1,0.0,0.0,0.0,G100000812132
Guizhou,solar_pv,26.0,108.75,100.0,1,0.0,0.0,0.0,G100000812185
Guizhou,solar_pv,26.25,104.5,40.0,1,40.0,0.0,0.0,G100001005404
Guizhou,solar_pv,26.25,105.5,130.0,2,0.0,0.0,0.0,G100000812187;G100000831748
Guizhou,solar_pv,26.25,105.75,130.0,2,0.0,0.0,30.0,G100000812355;G100000831749
Guizhou,solar_pv,26.25,106.0,250.0,1,0.0,0.0,0.0,G100000831807
Guizhou,solar_pv,26.25,107.0,50.0,1,0.0,0.0,0.0,G100000812177
Guizhou,solar_pv,26.25,107.25,250.0,2,0.0,0.0,0.0,G100000831733;G100001020360
Guizhou,solar_pv,26.25,107.5,200.0,2,0.0,0.0,0.0,G100000812194;G100000812234
Guizhou,solar_pv,26.5,104.75,360.0,4,0.0,0.0,0.0,G100000812190;G100000812265;G100000812266;G100000830228
Guizhou,solar_pv,26.5,105.0,100.0,1,0.0,0.0,0.0,G100001020295
Guizhou,solar_pv,26.5,105.25,100.0,1,0.0,0.0,0.0,G100000831784
Guizhou,solar_pv,26.5,105.75,80.0,2,0.0,0.0,0.0,G100000812246;G100001005413
Guizhou,solar_pv,26.5,107.0,200.0,1,0.0,0.0,0.0,G100000831751
Guizhou,solar_pv,26.5,107.25,50.0,1,0.0,0.0,0.0,G100000812163
Guizhou,solar_pv,26.5,109.25,30.0,1,0.0,0.0,0.0,G100000831745
Guizhou,solar_pv,26.75,103.75,50.0,1,50.0,0.0,50.0,G100000812284
Guizhou,solar_pv,26.75,104.0,258.0,4,0.0,0.0,258.0,G100000812294;G100000812303;G100000812304;G100000812305
Guizhou,solar_pv,26.75,104.25,380.0,7,270.0,0.0,360.0,G100000812169;G100000812289;G100000812295;G100000812296;G100000812297;G100000812299;G100000812300
Guizhou,solar_pv,26.75,104.5,150.0,1,150.0,0.0,150.0,G100000812290
Guizhou,solar_pv,26.75,104.75,150.0,2,0.0,0.0,150.0,G100000812186;G100000812282
Guizhou,solar_pv,26.75,105.0,170.0,2,0.0,0.0,0.0,G100000802765;G100000812361
Guizhou,solar_pv,26.75,105.25,150.0,2,0.0,0.0,0.0,G100000812203;G100000812205
Guizhou,solar_pv,26.75,105.5,80.0,1,0.0,0.0,0.0,G100000812201
Guizhou,solar_pv,26.75,105.75,380.0,2,0.0,0.0,0.0,G100000812117;G100000812359
Guizhou,solar_pv,27.0,103.75,277.0,5,127.0,0.0,277.0,G100000802210;G100000803761;G100000812279;G100000812285;G100000831795
Guizhou,solar_pv,27.0,104.0,845.0,14,0.0,0.0,140.0,G100000812276;G100000812278;G100000812280;G100000812281;G100000812301;G100000812306;G100000812307;G100000812308;G100000812309;G100000812311;G100000812312;G100000812313;G100000812314;G100000812343
Guizhou,solar_pv,27.0,104.25,200.0,2,0.0,0.0,0.0,G100000802756;G100000812168
Guizhou,solar_pv,27.0,104.5,535.0,7,0.0,0.0,30.0,G100000812164;G100000812166;G100000812277;G100000812283;G100000812310;G100000812315;G100000831740
Guizhou,solar_pv,27.0,105.0,60.0,1,0.0,0.0,0.0,G100000812204
Guizhou,solar_pv,27.0,105.5,100.0,1,0.0,0.0,0.0,G100000812207
Guizhou,solar_pv,27.0,105.75,290.0,2,0.0,0.0,0.0,G100000812127;G100000831722
Guizhou,solar_pv,27.0,106.0,210.0,2,0.0,0.0,0.0,G100000812250;G100000812360
Guizhou,solar_pv,27.0,106.5,100.0,1,0.0,0.0,0.0,G100000812342
Guizhou,solar_pv,27.0,107.25,200.0,1,0.0,0.0,0.0,G100000812140
Guizhou,solar_pv,27.25,104.0,510.0,8,0.0,0.0,150.0,G100000802782;G100000812286;G100000812287;G100000812288;G100000812291;G100000812292;G100000812293;G100000812302
Guizhou,solar_pv,27.25,104.75,50.0,1,0.0,0.0,50.0,G100000812171
Guizhou,solar_pv,27.25,106.0,200.0,1,0.0,0.0,0.0,G100000812249
Guizhou,solar_pv,27.25,106.5,50.0,1,0.0,0.0,0.0,G100001020450
Guizhou,solar_pv,27.25,106.75,100.0,1,0.0,0.0,0.0,G100000812316
Guizhou,solar_pv,27.75,108.25,40.0,1,0.0,0.0,0.0,G100000831783
Guizhou,solar_pv,28.25,109.25,420.0,3,0.0,0.0,0.0,G100000812267;G100000812268;G100000831786
Guizhou,wind_onshore,25.0,104.75,50.0,1,0.0,0.0,0.0,G100001004344
Guizhou,wind_onshore,25.25,105.75,39.6,1,0.0,0.0,0.0,G100001004642
Guizhou,wind_onshore,25.25,106.0,150.4,2,0.0,0.0,0.0,G100000921924;G100000921926
Guizhou,wind_onshore,25.25,107.0,100.0,1,0.0,0.0,0.0,G100001048281
Guizhou,wind_onshore,25.5,104.75,48.0,1,0.0,0.0,48.0,G100000905741
Guizhou,wind_onshore,25.5,105.25,48.0,1,0.0,0.0,0.0,G100001004677
Guizhou,wind_onshore,25.5,108.5,50.0,1,50.0,0.0,0.0,G100000921814
Guizhou,wind_onshore,25.75,104.25,50.0,1,50.0,0.0,50.0,G100000905750
Guizhou,wind_onshore,25.75,104.5,148.0,3,50.0,0.0,148.0,G100000905733;G100000905742;G100000905749
Guizhou,wind_onshore,25.75,105.0,42.0,1,0.0,0.0,42.0,G100000905751
Guizhou,wind_onshore,25.75,105.25,48.0,1,0.0,0.0,48.0,G100000905752
Guizhou,wind_onshore,25.75,105.5,48.0,1,0.0,0.0,48.0,G100000905745
Guizhou,wind_onshore,25.75,107.5,48.0,1,0.0,0.0,48.0,G100000921819
Guizhou,wind_onshore,25.75,108.25,99.0,1,0.0,0.0,99.0,G100000904166
Guizhou,wind_onshore,26.0,104.5,48.0,1,0.0,0.0,48.0,G100000904155
Guizhou,wind_onshore,26.0,105.75,50.0,1,0.0,0.0,0.0,G100000921983
Guizhou,wind_onshore,26.0,106.0,150.0,2,0.0,0.0,0.0,G100000922001;G100000923652
Guizhou,wind_onshore,26.0,107.0,50.0,1,0.0,0.0,50.0,G100000904161
Guizhou,wind_onshore,26.0,107.25,65.0,1,0.0,0.0,0.0,G100000921878
Guizhou,wind_onshore,26.0,108.75,80.0,1,0.0,0.0,80.0,G100000921857
Guizhou,wind_onshore,26.0,109.0,48.0,1,0.0,0.0,0.0,G100000921813
Guizhou,wind_onshore,26.0,109.25,48.0,1,48.0,0.0,0.0,G100000921859
Guizhou,wind_onshore,26.25,104.5,48.0,1,0.0,0.0,48.0,G100000904156
Guizhou,wind_onshore,26.25,105.25,30.0,1,0.0,0.0,30.0,G100000904151
Guizhou,wind_onshore,26.25,107.0,146.0,3,0.0,0.0,146.0,G100000904162;G100000904163;G100000905732
Guizhou,wind_onshore,26.25,107.25,195.0,2,0.0,0.0,195.0,G100000904160;G100000905731
Guizhou,wind_onshore,26.25,107.5,95.0,2,0.0,0.0,0.0,G100000904168;G100001004888
Guizhou,wind_onshore,26.25,108.75,70.0,1,0.0,0.0,70.0,G100000921855
Guizhou,wind_onshore,26.25,109.25,99.6,3,0.0,0.0,0.0,G100000921856;G100000923649;G100000923650
Guizhou,wind_onshore,26.5,104.75,48.0,1,0.0,0.0,48.0,G100000921897
Guizhou,wind_onshore,26.5,106.0,100.0,1,0.0,0.0,0.0,G100000921881
Guizhou,wind_onshore,26.5,106.5,30.0,1,0.0,0.0,30.0,G100000904153
Guizhou,wind_onshore,26.5,107.0,224.0,5,0.0,0.0,224.0,G100000904164;G100000904165;G100000905739;G100000905747;G100000921861
Guizhou,wind_onshore,26.5,107.25,128.0,3,0.0,0.0,128.0,G100000905726;G100000905729;G100000905730
Guizhou,wind_onshore,26.5,108.0,149.5,3,0.0,0.0,100.0,G100000904158;G100000904159;G100000921853
Guizhou,wind_onshore,26.5,108.5,87.5,1,0.0,0.0,0.0,G100000921842
Guizhou,wind_onshore,26.5,108.75,128.0,3,0.0,0.0,128.0,G100000905725;G100000905728;G100000921843
Guizhou,wind_onshore,26.75,103.75,100.0,2,100.0,0.0,100.0,G100000905740;G100000905748
Guizhou,wind_onshore,26.75,104.0,150.0,3,0.0,0.0,150.0,G100000904141;G100000904143;G100000904149
Guizhou,wind_onshore,26.75,104.25,100.0,2,100.0,0.0,0.0,G100000921934;G100000923651
Guizhou,wind_onshore,26.75,104.5,104.0,2,0.0,0.0,104.0,G100000905753;G100000905755
Guizhou,wind_onshore,26.75,104.75,150.0,3,0.0,0.0,150.0,G100000904137;G100000904138;G100000905754
Guizhou,wind_onshore,26.75,105.25,130.0,2,0.0,0.0,80.0,G100000921866;G100000921869
Guizhou,wind_onshore,26.75,105.5,98.0,2,0.0,0.0,98.0,G100000905734;G100000905735
Guizhou,wind_onshore,26.75,106.25,40.0,1,0.0,0.0,0.0,G100001004635
Guizhou,wind_onshore,26.75,107.25,49.5,1,0.0,0.0,49.5,G100000921823
Guizhou,wind_onshore,27.0,103.75,50.0,1,0.0,0.0,50.0,G100000905743
Guizhou,wind_onshore,27.0,104.0,194.0,4,0.0,0.0,194.0,G100000921929;G100000921931;G100000921932;G100000921933
Guizhou,wind_onshore,27.0,104.25,50.0,1,0.0,0.0,50.0,G100000921930
Guizhou,wind_onshore,27.0,104.5,250.0,5,0.0,0.0,250.0,G100000904139;G100000904145;G100000904146;G100000904147;G100000904148
Guizhou,wind_onshore,27.0,104.75,116.0,3,0.0,0.0,116.0,G100000904136;G100000905727;G100000905737
Guizhou,wind_onshore,27.0,105.0,44.0,1,0.0,0.0,44.0,G100001004582
Guizhou,wind_onshore,27.0,106.0,50.0,1,0.0,0.0,50.0,G100000904144
Guizhou,wind_onshore,27.0,106.75,48.0,1,0.0,0.0,48.0,G100001004676
Guizhou,wind_onshore,27.0,107.0,443.0,9,0.0,0.0,216.0,G100000904135;G100000904140;G100000904150;G100000904152;G100000904154;G100000904157;G100000904169;G100000904170;G100000904171
Guizhou,wind_onshore,27.0,107.5,96.0,1,0.0,0.0,96.0,G100000904167
Guizhou,wind_onshore,27.25,104.0,122.4,3,0.0,0.0,100.0,G100000905736;G100000905738;G100000921955
Guizhou,wind_onshore,27.25,104.5,48.0,1,0.0,0.0,0.0,G100000921835
Guizhou,wind_onshore,27.25,104.75,96.0,2,0.0,0.0,0.0,G100000921837;G100000921838
Guizhou,wind_onshore,27.25,106.0,50.0,1,0.0,0.0,50.0,G100000904142
Guizhou,wind_onshore,27.25,106.25,150.0,2,0.0,0.0,0.0,G100000921882;G100000921883
Guizhou,wind_onshore,27.5,106.25,48.0,1,0.0,0.0,48.0,G100000905756
Guizhou,wind_onshore,27.5,106.5,50.0,1,0.0,0.0,0.0,G100000923647
Guizhou,wind_onshore,27.5,108.25,60.1,1,0.0,0.0,0.0,G100000921895
Guizhou,wind_onshore,27.5,109.0,100.0,1,0.0,0.0,0.0,G100000921927
Guizhou,wind_onshore,27.75,106.5,98.0,1,0.0,0.0,0.0,G100000921804
Guizhou,wind_onshore,27.75,108.25,80.0,1,0.0,0.0,0.0,G100001004584
Guizhou,wind_onshore,27.75,108.5,80.0,1,0.0,0.0,0.0,G100000921904
Guizhou,wind_onshore,28.0,106.75,49.0,1,0.0,0.0,49.0,G100000905757
Guizhou,wind_onshore,28.0,107.0,50.0,1,0.0,0.0,0.0,G100000921918
Guizhou,wind_onshore,28.25,106.75,63.0,1,0.0,0.0,0.0,G100000921916
Guizhou,wind_onshore,28.25,109.25,49.5,1,0.0,0.0,0.0,G100001004609
Guizhou,wind_onshore,28.5,107.0,93.0,2,0.0,0.0,48.0,G100000905746;G100000921915
Jiangsu,solar_pv,31.0,120.5,29.6,9,0.0,25.6,4.0,G100001016437;G100001016439;G100001035769;G100001035770;G100001035771;G100001035772;G100001037043;G100001037044;G100001037045
Jiangsu,solar_pv,31.0,120.75,5.0,1,0.0,5.0,5.0,G100000832202
Jiangsu,solar_pv,31.25,119.0,1.3,1,1.3,1.3,0.0,G100001036292
Jiangsu,solar_pv,31.25,119.25,20.0,1,20.0,0.0,20.0,G100000802939
Jiangsu,solar_pv,31.25,119.75,258.2,42,0.0,23.6,74.6,G100000813174;G100000813175;G100001012218;G100001013849;G100001014589;G100001016880;G100001016971;G100001016972;G100001016973;G100001016974;G100001016975;G100001016976;G100001016977;G100001016978;G100001016979;G100001016980;G100001016981;G100001016982;G100001016983;G100001016984;G100001016985;G100001016986;G100001016987;G100001016988;G100001016989;G100001016990;G100001016991;G100001016992;G100001016993;G100001016994;G100001036365;G100001036366;G100001036367;G100001036368;G100001036369;G100001036370;G100001036371;G100001036372;G100001037095;G100001037096;G100001037461;G100001037462
Jiangsu,solar_pv,31.25,120.5,128.3,52,0.0,0.0,117.3,G100001012118;G100001012171;G100001012172;G100001012257;G100001012505;G100001012516;G100001012854;G100001013814;G100001013916;G100001014281;G100001014478;G100001014526;G100001014744;G100001014784;G100001015314;G100001015986;G100001015987;G100001015989;G100001015990;G100001015991;G100001015992;G100001015993;G100001015994;G100001015995;G100001015996;G100001015997;G100001015998;G100001015999;G100001016000;G100001016001;G100001016002;G100001016003;G100001016005;G100001016006;G100001016007;G100001016008;G100001016009;G100001016010;G100001016011;G100001016012;G100001016013;G100001016014;G100001016015;G100001016016;G100001016017;G100001016020;G100001016021;G100001016438;G100001016774;G100001016775;G100001016817;G100001017549
Jiangsu,solar_pv,31.25,120.75,42.8,17,0.0,42.8,0.0,G100001035773;G100001035774;G100001035775;G100001035776;G100001035777;G100001035883;G100001035961;G100001035962;G100001036326;G100001036327;G100001036328;G100001036329;G100001036330;G100001036331;G100001036332;G100001036721;G100001037046
Jiangsu,solar_pv,31.5,119.25,35.0,1,0.0,0.0,0.0,G100000832172
Jiangsu,solar_pv,31.5,119.5,109.0,17,0.0,49.3,59.7,G100000802005;G100001013918;G100001014668;G100001014669;G100001014670;G100001014671;G100001014672;G100001014673;G100001014674;G100001035937;G100001035938;G100001035939;G100001035940;G100001036275;G100001036276;G100001036983;G100001036984
Jiangsu,solar_pv,31.5,119.75,100.0,1,0.0,0.0,0.0,G100000813173
Jiangsu,solar_pv,31.5,120.25,218.2,100,0.0,15.5,201.6,G100001012608;G100001012609;G100001012871;G100001013068;G100001013087;G100001013343;G100001013512;G100001013802;G100001013877;G100001013878;G100001013964;G100001014145;G100001015042;G100001015297;G100001015308;G100001015730;G100001016392;G100001016446;G100001016447;G100001016448;G100001016449;G100001016450;G100001016451;G100001016452;G100001016453;G100001016454;G100001016455;G100001016456;G100001016457;G100001016458;G100001016459;G100001016460;G100001016461;G100001016462;G100001016463;G100001016464;G100001016465;G100001016466;G100001016467;G100001016468;G100001016469;G100001016470;G100001016471;G100001016472;G100001016473;G100001016474;G100001016475;G100001016476;G100001016477;G100001016478;G100001016479;G100001016480;G100001016481;G100001016482;G100001016483;G100001016484;G100001016485;G100001016486;G100001016487;G100001016488;G100001016489;G100001016490;G100001016491;G100001016492;G100001016493;G100001016494;G100001016495;G100001016496;G100001016497;G100001016498;G100001016499;G100001016500;G100001016501;G100001016502;G100001016503;G100001016504;G100001016505;G100001016506;G100001016507;G100001016508;G100001016509;G100001016510;G100001016511;G100001016512;G100001016513;G100001016514;G100001016515;G100001016725;G100001016946;G100001017537;G100001036348;G100001036361;G100001036362;G100001036363;G100001036364;G100001037092;G100001037093;G100001037094;G100001037459;G100001037460
Jiangsu,solar_pv,31.5,120.75,6.0,1,0.0,6.0,6.0,G100000832193
Jiangsu,solar_pv,31.5,121.0,96.6,45,0.0,50.7,42.7,G100001013547;G100001013548;G100001013633;G100001014440;G100001014463;G100001014472;G100001014473;G100001014474;G100001014475;G100001014476;G100001014477;G100001014479;G100001014480;G100001014481;G100001014482;G100001015043;G100001016027;G100001016028;G100001016029;G100001016030;G100001016031;G100001016826;G100001035766;G100001035767;G100001035768;G100001035960;G100001036317;G100001036318;G100001036319;G100001036320;G100001036321;G100001036322;G100001036323;G100001036324;G100001036325;G100001036720;G100001037035;G100001037036;G100001037037;G100001037038;G100001037039;G100001037040;G100001037041;G100001037042;G100001037454
Jiangsu,solar_pv,31.5,121.25,17.5,1,17.5,17.5,0.0,G100000832188
Jiangsu,solar_pv,31.75,119.0,52.3,13,0.0,12.6,39.7,G100001013952;G100001014423;G100001014424;G100001014425;G100001014431;G100001014432;G100001014433;G100001014434;G100001014435;G100001036390;G100001036391;G100001037017;G100001037121
Jiangsu,solar_pv,31.75,119.5,238.7,8,0.0,25.4,213.3,G100000802004;G100000830445;G100001012458;G100001014354;G100001014355;G100001035936;G100001036981;G100001036982
Jiangsu,solar_pv,31.75,120.0,263.7,97,0.0,68.1,195.6,G100001012411;G100001012412;G100001012413;G100001012414;G100001012415;G100001012416;G100001012417;G100001012418;G100001012419;G100001012420;G100001012421;G100001012422;G100001012423;G100001012424;G100001012425;G100001012426;G100001012427;G100001012428;G100001012429;G100001012430;G100001012431;G100001012432;G100001012433;G100001012434;G100001012435;G100001012436;G100001012437;G100001012438;G100001012439;G100001012440;G100001012441;G100001012442;G100001012443;G100001012444;G100001012445;G100001012446;G100001012447;G100001012448;G100001012449;G100001012450;G100001012451;G100001012452;G100001012453;G100001012454;G100001012455;G100001012456;G100001012457;G100001012459;G100001012460;G100001012461;G100001012462;G100001012463;G100001012464;G100001012533;G100001012863;G100001013807;G100001013825;G100001013911;G100001013912;G100001013960;G100001013962;G100001013963;G100001013975;G100001013987;G100001015040;G100001015721;G100001015860;G100001015983;G100001016776;G100001035941;G100001035942;G100001035943;G100001035944;G100001035945;G100001035946;G100001035947;G100001035948;G100001035949;G100001035950;G100001035951;G100001035952;G100001036277;G100001036278;G100001036279;G100001036280;G100001036281;G100001036282;G100001036283;G100001036284;G100001036285;G100001036286;G100001036287;G100001036717;G100001036985;G100001036986;G100001036987;G100001036988
Jiangsu,solar_pv,31.75,120.25,5.8,4,0.0,4.2,1.6,G100001013706;G100001035783;G100001035966;G100001036349
Jiangsu,solar_pv,31.75,120.75,74.4,24,0.0,17.3,56.1,G100001012377;G100001012378;G100001012379;G100001012380;G100001012381;G100001012382;G100001012884;G100001015371;G100001015902;G100001017550;G100001017551;G100001036312;G100001036313;G100001036314;G100001036315;G100001036316;G100001037027;G100001037028;G100001037029;G100001037030;G100001037031;G100001037032;G100001037033;G100001037034
Jiangsu,solar_pv,31.75,121.25,26.4,8,0.0,15.6,10.8,G100001013163;G100001014851;G100001036301;G100001036302;G100001036303;G100001036304;G100001037021;G100001037022
Jiangsu,solar_pv,31.75,121.5,48.5,10,48.5,0.0,46.3,G100001013344;G100001014748;G100001015148;G100001015149;G100001015150;G100001015151;G100001015152;G100001015153;G100001015154;G100001015155
Jiangsu,solar_pv,32.0,118.5,26.6,3,20.0,6.6,20.0,G100000802933;G100001036297;G100001036298
Jiangsu,solar_pv,32.0,118.75,225.0,58,0.0,50.8,165.6,G100000830446;G100001012119;G100001012120;G100001012288;G100001012527;G100001012607;G100001012703;G100001013546;G100001013892;G100001013948;G100001014461;G100001014790;G100001014791;G100001014792;G100001014793;G100001014796;G100001014797;G100001014798;G100001014799;G100001014800;G100001014801;G100001014802;G100001014803;G100001014804;G100001014805;G100001014806;G100001014807;G100001014808;G100001014809;G100001014810;G100001014811;G100001014812;G100001014813;G100001014814;G100001014815;G100001014816;G100001014817;G100001014818;G100001014819;G100001014820;G100001014821;G100001014822;G100001014823;G100001014824;G100001014825;G100001014826;G100001014827;G100001015856;G100001015857;G100001016936;G100001035882;G100001036293;G100001036294;G100001036295;G100001036296;G100001036299;G100001036719;G100001037016
Jiangsu,solar_pv,32.0,119.5,198.5,24,0.0,13.1,105.4,G100000813128;G100000813130;G100001012692;G100001012693;G100001012694;G100001012695;G100001012696;G100001012697;G100001012698;G100001012699;G100001012700;G100001012701;G100001013057;G100001013058;G100001013815;G100001013883;G100001013884;G100001013885;G100001013953;G100001013982;G100001036725;G100001037115;G100001037116;G100001037117
Jiangsu,solar_pv,32.0,119.75,33.4,1,0.0,0.0,0.0,G100000813123
Jiangsu,solar_pv,32.0,120.25,312.5,135,0.0,44.0,267.5,G100001012302;G100001012387;G100001012388;G100001012389;G100001012736;G100001013809;G100001013816;G100001013821;G100001013823;G100001013856;G100001013857;G100001013858;G100001013859;G100001013860;G100001013869;G100001013870;G100001013881;G100001013915;G100001013926;G100001013927;G100001013934;G100001013946;G100001013968;G100001014046;G100001014047;G100001014048;G100001014049;G100001014050;G100001014051;G100001014052;G100001014053;G100001014054;G100001014055;G100001014056;G100001014057;G100001014058;G100001014059;G100001014060;G100001014061;G100001014062;G100001014063;G100001014064;G100001014065;G100001014066;G100001014067;G100001014068;G100001014069;G100001014070;G100001014071;G100001014072;G100001014073;G100001014074;G100001014075;G100001014076;G100001014077;G100001014078;G100001014079;G100001014080;G100001014081;G100001014082;G100001014083;G100001014084;G100001014085;G100001014086;G100001014087;G100001014088;G100001014089;G100001014090;G100001014091;G100001014092;G100001014093;G100001014094;G100001014095;G100001014096;G100001014097;G100001014098;G100001014099;G100001014100;G100001014101;G100001014102;G100001014103;G100001014104;G100001014105;G100001014106;G100001014107;G100001014108;G100001014109;G100001014110;G100001014111;G100001014112;G100001014113;G100001014114;G100001014115;G100001014116;G100001014117;G100001014118;G100001014119;G100001015805;G100001015865;G100001016435;G100001016625;G100001017056;G100001017076;G100001017096;G100001017142;G100001017542;G100001017543;G100001017547;G100001035784;G100001036350;G100001036351;G100001036352;G100001036353;G100001036354;G100001036355;G100001036356;G100001036357;G100001036358;G100001036359;G100001036360;G100001036724;G100001037078;G100001037079;G100001037080;G100001037081;G100001037082;G100001037083;G100001037084;G100001037085;G100001037086;G100001037087;G100001037088;G100001037089;G100001037090;G100001037091
Jiangsu,solar_pv,32.0,120.5,112.8,34,0.0,16.8,61.6,G100000830438;G100001013161;G100001013213;G100001013875;G100001013941;G100001014544;G100001015223;G100001015377;G100001017128;G100001017129;G100001017130;G100001017131;G100001017132;G100001017133;G100001017134;G100001017135;G100001017136;G100001017137;G100001017138;G100001017139;G100001017140;G100001017141;G100001017143;G100001017144;G100001017540;G100001035778;G100001036333;G100001036334;G100001036682;G100001036722;G100001036723;G100001037047;G100001037048;G100001037049
Jiangsu,solar_pv,32.0,120.75,5.3,4,0.0,5.3,0.0,G100001035756;G100001035757;G100001035758;G100001037019
Jiangsu,solar_pv,32.0,121.0,194.9,72,0.0,42.7,152.2,G100001012814;G100001012815;G100001013756;G100001013826;G100001013827;G100001013888;G100001014419;G100001014830;G100001014831;G100001014832;G100001014833;G100001014834;G100001014835;G100001014836;G100001014837;G100001014838;G100001014839;G100001014840;G100001014841;G100001014842;G100001014845;G100001014846;G100001014847;G100001014848;G100001014849;G100001014850;G100001014852;G100001014853;G100001014854;G100001014855;G100001014856;G100001014857;G100001014858;G100001014859;G100001014860;G100001014861;G100001014862;G100001014863;G100001014864;G100001014865;G100001014866;G100001014867;G100001014868;G100001014869;G100001014870;G100001014871;G100001014872;G100001014882;G100001015203;G100001015827;G100001016103;G100001016777;G100001017534;G100001017555;G100001017665;G100001035759;G100001035760;G100001035761;G100001035763;G100001035764;G100001035765;G100001035956;G100001035957;G100001036300;G100001036305;G100001036306;G100001036309;G100001036310;G100001036311;G100001037020;G100001037023;G100001037024
Jiangsu,solar_pv,32.0,121.75,170.0,2,0.0,0.0,0.0,G100000802762;G100000813158
Jiangsu,solar_pv,32.25,118.75,4.0,1,0.0,4.0,0.0,G100001037018
Jiangsu,solar_pv,32.25,119.25,34.7,11,0.0,13.8,30.9,G100000832137;G100001012525;G100001017001;G100001017002;G100001017003;G100001017004;G100001017005;G100001017006;G100001037110;G100001037111;G100001037112
Jiangsu,solar_pv,32.25,119.5,354.0,46,0.0,69.10000000000001,124.4,G100000813124;G100000813149;G100001012764;G100001012864;G100001013615;G100001013871;G100001013928;G100001013988;G100001014250;G100001014667;G100001016865;G100001017509;G100001017510;G100001017511;G100001017512;G100001017513;G100001017514;G100001017515;G100001017516;G100001017517;G100001017518;G100001017519;G100001017520;G100001017521;G100001017522;G100001017523;G100001017524;G100001017526;G100001017527;G100001035793;G100001036384;G100001036387;G100001036388;G100001036389;G100001037108;G100001037109;G100001037113;G100001037114;G100001037118;G100001037119;G100001037120;G100001037122;G100001037123;G100001037124;G100001037125;G100001037463
Jiangsu,solar_pv,32.25,119.75,43.4,17,0.0,0.0,43.4,G100001012766;G100001016832;G100001016833;G100001016834;G100001016835;G100001016836;G100001016837;G100001016838;G100001016839;G100001016840;G100001016841;G100001016842;G100001016843;G100001016844;G100001016845;G100001016846;G100001017525
Jiangsu,solar_pv,32.25,120.0,63.5,7,0.0,2.8,10.7,G100000813170;G100001012351;G100001012611;G100001013951;G100001016037;G100001036338;G100001037068
Jiangsu,solar_pv,32.25,120.5,14.3,6,0.0,9.5,4.8,G100001015298;G100001015299;G100001035762;G100001035959;G100001036307;G100001036308
Jiangsu,solar_pv,32.25,121.25,155.1,16,0.0,13.0,127.5,G100000804404;G100000830452;G100001013824;G100001014843;G100001014844;G100001016161;G100001016213;G100001016214;G100001017557;G100001017565;G100001017566;G100001017567;G100001017568;G100001035958;G100001037025;G100001037026
Jiangsu,solar_pv,32.5,119.25,80.0,1,0.0,0.0,0.0,G100000832158
Jiangsu,solar_pv,32.5,119.5,120.6,38,0.0,6.0,110.1,G100001012306;G100001012307;G100001012521;G100001012522;G100001013762;G100001013974;G100001016849;G100001016850;G100001016851;G100001016852;G100001016853;G100001016854;G100001016855;G100001016856;G100001016858;G100001016859;G100001016860;G100001016861;G100001016862;G100001016864;G100001016866;G100001016867;G100001016868;G100001016869;G100001016870;G100001016871;G100001016872;G100001016873;G100001016874;G100001016875;G100001016876;G100001016877;G100001016878;G100001016879;G100001036382;G100001036383;G100001036385;G100001036386
Jiangsu,solar_pv,32.5,119.75,20.0,1,0.0,0.0,20.0,G100000802934
Jiangsu,solar_pv,32.5,120.0,103.9,28,0.0,27.2,66.7,G100001012170;G100001012612;G100001013678;G100001013679;G100001013886;G100001016041;G100001016042;G100001016046;G100001016047;G100001016052;G100001016053;G100001016054;G100001016055;G100001016061;G100001016062;G100001016064;G100001016074;G100001016084;G100001036339;G100001036342;G100001036343;G100001036344;G100001036345;G100001036346;G100001036347;G100001037075;G100001037076;G100001037077
Jiangsu,solar_pv,32.5,120.5,96.1,21,0.0,0.0,85.1,G100000803737;G100001012621;G100001013140;G100001013141;G100001013142;G100001013143;G100001013144;G100001013145;G100001013146;G100001013147;G100001013148;G100001013149;G100001013150;G100001013151;G100001013152;G100001013153;G100001013154;G100001013155;G100001013156;G100001013852;G100001017558
Jiangsu,solar_pv,32.5,121.0,200.0,1,0.0,0.0,0.0,G100000813163
Jiangsu,solar_pv,32.5,121.25,120.0,5,0.0,0.0,55.0,G100000830448;G100000832179;G100000832180;G100000832181;G100000832182
Jiangsu,solar_pv,32.75,119.25,40.0,2,0.0,0.0,40.0,G100000830441;G100000830442
Jiangsu,solar_pv,32.75,119.5,76.6,14,0.0,21.1,56.0,G100000802937;G100000832140;G100001013040;G100001013041;G100001013042;G100001013965;G100001013966;G100001013967;G100001016863;G100001035790;G100001035791;G100001035792;G100001035886;G100001037107
Jiangsu,solar_pv,32.75,119.75,5.0,1,0.0,5.0,5.0,G100000832194
Jiangsu,solar_pv,32.75,120.25,181.2,28,0.0,2.4,163.1,G100000802930;G100000803741;G100000803742;G100000813134;G100001012291;G100001012292;G100001012797;G100001012798;G100001012799;G100001012800;G100001012801;G100001012802;G100001012803;G100001012804;G100001012805;G100001012806;G100001012807;G100001012808;G100001012809;G100001012810;G100001013562;G100001013971;G100001013972;G100001013973;G100001013980;G100001015985;G100001037103;G100001037104
Jiangsu,solar_pv,32.75,120.5,20.0,1,0.0,0.0,20.0,G100000830439
Jiangsu,solar_pv,32.75,121.0,513.0,8,432.0,53.0,113.0,G100000802819;G100000802820;G100000832141;G100000832142;G100000832143;G100000832144;G100000832145;G100001050362
Jiangsu,solar_pv,33.0,118.5,36.7,10,0.0,13.4,13.5,G100001012523;G100001012524;G100001016667;G100001016668;G100001016749;G100001037006;G100001037007;G100001037008;G100001037009;G100001037010
Jiangsu,solar_pv,33.0,119.0,146.0,10,46.0,6.2,130.0,G100000804376;G100000804395;G100000830453;G100001012123;G100001014285;G100001036999;G100001037000;G100001037001;G100001037002;G100001037003
Jiangsu,solar_pv,33.0,119.25,250.0,4,20.0,0.0,250.0,G100000802006;G100000802007;G100000802008;G100000804384
Jiangsu,solar_pv,33.0,119.5,105.0,2,0.0,5.0,105.0,G100000802034;G100000832200
Jiangsu,solar_pv,33.0,119.75,128.2,11,0.0,0.0,118.0,G100000830451;G100001012303;G100001012304;G100001016635;G100001016636;G100001016637;G100001016638;G100001016639;G100001016640;G100001016641;G100001016642
Jiangsu,solar_pv,33.0,120.0,1419.9,201,0.0,0.0,1359.9,G100000804372;G100000804373;G100000804374;G100000804375;G100000804378;G100000804379;G100000804382;G100000804383;G100000804385;G100000804386;G100000804387;G100000804389;G100000804390;G100000804391;G100000804392;G100000804393;G100000804394;G100000804396;G100000804397;G100000804399;G100000804400;G100000804402;G100000804403;G100000804405;G100000804406;G100000804407;G100000804408;G100001012021;G100001012023;G100001012024;G100001012154;G100001012529;G100001012648;G100001012649;G100001012664;G100001012665;G100001012666;G100001012667;G100001012668;G100001012739;G100001012769;G100001012770;G100001012771;G100001012772;G100001012773;G100001012774;G100001012781;G100001012840;G100001012867;G100001012960;G100001013066;G100001013067;G100001013441;G100001013543;G100001013544;G100001013798;G100001013799;G100001013800;G100001013801;G100001013803;G100001013804;G100001013805;G100001013806;G100001013808;G100001013810;G100001013811;G100001013812;G100001013813;G100001013817;G100001013818;G100001013819;G100001013820;G100001013822;G100001013828;G100001013829;G100001013830;G100001013831;G100001013832;G100001013833;G100001013836;G100001013837;G100001013838;G100001013839;G100001013840;G100001013841;G100001013842;G100001013843;G100001013844;G100001013845;G100001013846;G100001013847;G100001013848;G100001013850;G100001013853;G100001013854;G100001013855;G100001013861;G100001013862;G100001013863;G100001013864;G100001013865;G100001013866;G100001013867;G100001013868;G100001013872;G100001013873;G100001013874;G100001013876;G100001013879;G100001013882;G100001013887;G100001013889;G100001013890;G100001013891;G100001013896;G100001013898;G100001013899;G100001013900;G100001013901;G100001013902;G100001013903;G100001013904;G100001013905;G100001013906;G100001013907;G100001013908;G100001013909;G100001013910;G100001013913;G100001013914;G100001013917;G100001013919;G100001013920;G100001013921;G100001013922;G100001013923;G100001013924;G100001013925;G100001013929;G100001013930;G100001013931;G100001013932;G100001013933;G100001013935;G100001013936;G100001013937;G100001013938;G100001013939;G100001013940;G100001013942;G100001013944;G100001013947;G100001013949;G100001013950;G100001013954;G100001013955;G100001013956;G100001013957;G100001013958;G100001013959;G100001013961;G100001013969;G100001013970;G100001013976;G100001013977;G100001013978;G100001013979;G100001013981;G100001013983;G100001013984;G100001013985;G100001013986;G100001013989;G100001013990;G100001013991;G100001013992;G100001013993;G100001013994;G100001013996;G100001013997;G100001013998;G100001014459;G100001014787;G100001015324;G100001015785;G100001015875;G100001015984;G100001016204;G100001016700;G100001016745;G100001017091;G100001017496;G100001017508;G100001017556;G100001017559;G100001017560;G100001017561;G100001017562;G100001017563;G100001017564;G100001017569
Jiangsu,solar_pv,33.0,120.75,40.0,2,0.0,0.0,40.0,G100000802024;G100000802025
Jiangsu,solar_pv,33.25,118.0,820.0,10,820.0,20.0,620.0,G100000802010;G100000802011;G100000802012;G100000802013;G100000802014;G100000802018;G100000802019;G100000802020;G100000832190;G100000832192
Jiangsu,solar_pv,33.25,118.25,300.0,3,300.0,0.0,0.0,G100000802015;G100000802016;G100000802017
Jiangsu,solar_pv,33.25,118.75,26.2,8,0.0,22.2,10.0,G100000832139;G100001013575;G100001036989;G100001036990;G100001036991;G100001036992;G100001036993;G100001036994
Jiangsu,solar_pv,33.25,119.0,20.0,1,0.0,0.0,20.0,G100000830443
Jiangsu,solar_pv,33.25,119.25,59.1,13,0.0,3.6,49.5,G100001012124;G100001012164;G100001012165;G100001012166;G100001012167;G100001012312;G100001012315;G100001016847;G100001016848;G100001016857;G100001036379;G100001036380;G100001036381
Jiangsu,solar_pv,33.25,119.5,448.0,7,0.0,10.0,378.0,G100000802028;G100000802032;G100000802033;G100000802938;G100000832146;G100000832147;G100000832189
Jiangsu,solar_pv,33.25,119.75,452.0,8,0.0,12.0,452.0,G100000802021;G100000802029;G100000802030;G100000802031;G100000804381;G100000804401;G100000832198;G100000832199
Jiangsu,solar_pv,33.25,120.0,33.8,10,0.0,30.6,3.2,G100001012566;G100001035965;G100001036340;G100001036341;G100001037069;G100001037070;G100001037071;G100001037072;G100001037073;G100001037074
Jiangsu,solar_pv,33.25,120.25,101.7,31,0.0,2.4,91.8,G100001012173;G100001013234;G100001013893;G100001013995;G100001015546;G100001016026;G100001016781;G100001016782;G100001016783;G100001016784;G100001016785;G100001016786;G100001016787;G100001016794;G100001016795;G100001016797;G100001016800;G100001016801;G100001016802;G100001016803;G100001016804;G100001016805;G100001016806;G100001016807;G100001016808;G100001016809;G100001016810;G100001016812;G100001016813;G100001016814;G100001036378
Jiangsu,solar_pv,33.25,120.5,94.7,17,0.0,16.5,67.8,G100000802822;G100001012660;G100001012661;G100001012707;G100001016788;G100001016789;G100001016790;G100001016791;G100001016792;G100001016793;G100001016798;G100001016799;G100001035968;G100001035969;G100001037100;G100001037101;G100001037102
Jiangsu,solar_pv,33.5,118.25,714.7,10,700.0,9.3,5.4,G100000832185;G100001015825;G100001015826;G100001015960;G100001037050;G100001037051;G100001037052;G100001037053;G100001037054;G100001037055
Jiangsu,solar_pv,33.5,119.0,120.7,24,0.0,10.1,110.6,G100001012613;G100001013572;G100001013573;G100001013574;G100001013576;G100001013577;G100001013578;G100001013579;G100001013580;G100001013581;G100001013582;G100001013583;G100001013584;G100001013585;G100001013586;G100001013587;G100001013588;G100001013590;G100001013592;G100001013701;G100001035954;G100001035955;G100001036718;G100001037005
Jiangsu,solar_pv,33.5,119.25,30.1,5,0.0,5.1,25.0,G100001012544;G100001012555;G100001035953;G100001036288;G100001036995
Jiangsu,solar_pv,33.5,119.75,115.6,11,0.0,12.0,114.6,G100000802931;G100000802936;G100000803870;G100000832201;G100001013880;G100001014120;G100001014121;G100001014122;G100001014123;G100001014124;G100001036376
Jiangsu,solar_pv,33.5,120.25,35.4,9,0.0,28.0,7.4,G100001016191;G100001016811;G100001035786;G100001035787;G100001035788;G100001035789;G100001035885;G100001035972;G100001037106
Jiangsu,solar_pv,33.75,118.75,35.4,14,0.0,20.7,14.700000000000001,G100001015847;G100001015848;G100001015849;G100001015850;G100001015851;G100001015852;G100001015853;G100001035963;G100001035964;G100001036336;G100001036337;G100001037056;G100001037057;G100001037058
Jiangsu,solar_pv,33.75,119.0,113.3,9,0.0,13.3,50.0,G100000813145;G100000830444;G100001012022;G100001013591;G100001035754;G100001036289;G100001036996;G100001036997;G100001036998
Jiangsu,solar_pv,33.75,119.25,36.5,8,0.0,1.8,34.7,G100001012641;G100001014548;G100001014549;G100001014550;G100001014551;G100001014552;G100001014553;G100001037004
Jiangsu,solar_pv,33.75,119.75,77.5,10,0.0,0.0,77.5,G100000803740;G100001012961;G100001012962;G100001012963;G100001012964;G100001012965;G100001012966;G100001012967;G100001012968;G100001015157
Jiangsu,solar_pv,33.75,120.25,241.1,24,0.0,20.5,120.6,G100000803616;G100000803738;G100000813164;G100000830449;G100001013132;G100001013851;G100001013897;G100001015756;G100001015757;G100001015758;G100001015759;G100001015760;G100001015761;G100001015762;G100001015763;G100001015764;G100001015765;G100001015766;G100001015767;G100001015768;G100001035970;G100001035971;G100001036377;G100001037105
Jiangsu,solar_pv,33.75,120.5,30.0,1,0.0,0.0,30.0,G100000802818
Jiangsu,solar_pv,34.0,118.0,109.8,7,0.0,46.0,109.8,G100000804377;G100000832195;G100000832196;G100000832197;G100001015946;G100001015947;G100001015948
Jiangsu,solar_pv,34.0,118.25,203.0,41,0.0,57.8,145.2,G100000802940;G100001012841;G100001015958;G100001015959;G100001015961;G100001015962;G100001015963;G100001015964;G100001015965;G100001015966;G100001015967;G100001015968;G100001015969;G100001015970;G100001015971;G100001015972;G100001015973;G100001015974;G100001015975;G100001015976;G100001015977;G100001015978;G100001015979;G100001015980;G100001015981;G100001035780;G100001035781;G100001035782;G100001035884;G100001037059;G100001037060;G100001037061;G100001037062;G100001037063;G100001037064;G100001037065;G100001037066;G100001037067;G100001037456;G100001037457;G100001037458
Jiangsu,solar_pv,34.0,118.5,25.0,1,0.0,0.0,25.0,G100000803744
Jiangsu,solar_pv,34.0,118.75,124.0,1,0.0,0.0,0.0,G100000830450
Jiangsu,solar_pv,34.0,119.25,36.6,5,0.0,10.6,30.0,G100000832187;G100001013091;G100001013834;G100001013835;G100001036290
Jiangsu,solar_pv,34.0,119.5,45.0,1,0.0,0.0,0.0,G100000813139
Jiangsu,solar_pv,34.0,119.75,41.1,9,0.0,1.1,38.5,G100001012231;G100001012232;G100001012233;G100001012234;G100001012236;G100001012237;G100001012238;G100001012240;G100001037099
Jiangsu,solar_pv,34.25,117.25,95.4,23,13.3,2.3,86.8,G100001013894;G100001013895;G100001014873;G100001016751;G100001016752;G100001016753;G100001016754;G100001016757;G100001016758;G100001016759;G100001016760;G100001016761;G100001016762;G100001016763;G100001016764;G100001016765;G100001016766;G100001016767;G100001016768;G100001016769;G100001016770;G100001036373;G100001036375
Jiangsu,solar_pv,34.25,118.0,14.1,4,0.0,0.0,12.6,G100001013246;G100001015116;G100001015117;G100001015831
Jiangsu,solar_pv,34.25,118.25,6.0,3,0.0,1.0,5.0,G100001016694;G100001016701;G100001037098
Jiangsu,solar_pv,34.25,118.75,55.3,10,0.0,21.0,24.3,G100001015817;G100001015818;G100001015819;G100001015820;G100001015821;G100001015822;G100001015823;G100001035779;G100001036335;G100001037455
Jiangsu,solar_pv,34.25,119.0,15.0,1,0.0,15.0,15.0,G100000832138
Jiangsu,solar_pv,34.25,119.25,164.2,12,0.0,3.2,63.0,G100000813140;G100001012704;G100001012705;G100001013096;G100001013097;G100001013098;G100001013099;G100001013100;G100001013101;G100001013102;G100001013625;G100001036291
Jiangsu,solar_pv,34.25,119.5,52.4,5,0.0,0.0,52.4,G100000802935;G100001016572;G100001016573;G100001016796;G100001017127
Jiangsu,solar_pv,34.25,120.0,100.0,1,0.0,0.0,100.0,G100000802027
Jiangsu,solar_pv,34.5,117.5,32.6,4,0.0,6.5,26.1,G100000802821;G100001016755;G100001036374;G100001037097
Jiangsu,solar_pv,34.5,117.75,130.0,5,0.0,0.0,100.0,G100000802022;G100000802023;G100000802836;G100000830447;G100000832176
Jiangsu,solar_pv,34.5,118.75,37.0,4,0.0,0.0,37.0,G100001012791;G100001012792;G100001012794;G100001012795
Jiangsu,solar_pv,34.5,119.25,45.9,11,0.0,1.0,44.9,G100001014556;G100001014557;G100001014559;G100001014560;G100001014561;G100001014564;G100001014565;G100001014566;G100001014567;G100001016748;G100001035755
Jiangsu,solar_pv,34.5,119.5,1159.0,4,0.0,0.0,0.0,G100000813121;G100000813138;G100000832166;G100000832168
Jiangsu,solar_pv,34.5,119.75,20.0,1,0.0,0.0,20.0,G100000804398
Jiangsu,solar_pv,34.5,120.0,100.0,1,0.0,0.0,100.0,G100000802026
Jiangsu,solar_pv,34.75,116.5,56.0,7,30.0,10.0,56.0,G100000830440;G100000832136;G100001012892;G100001012893;G100001012894;G100001012895;G100001015283
Jiangsu,solar_pv,34.75,117.0,375.7,15,0.0,0.0,112.7,G100000802932;G100000832173;G100001013943;G100001013945;G100001014193;G100001014194;G100001015055;G100001015056;G100001015057;G100001015058;G100001015059;G100001015060;G100001016771;G100001016772;G100001017621
Jiangsu,solar_pv,34.75,119.0,20.0,1,0.0,0.0,20.0,G100000803743
Jiangsu,solar_pv,34.75,119.25,146.6,12,0.0,13.600000000000001,133.0,G100000802009;G100001012618;G100001012642;G100001014554;G100001014555;G100001014558;G100001014562;G100001014563;G100001037011;G100001037013;G100001037014;G100001037015
Jiangsu,solar_pv,34.75,119.5,145.0,2,0.0,0.0,0.0,G100000832167;G100000832170
Jiangsu,solar_pv,35.0,116.75,8.0,1,0.0,8.0,8.0,G100000832191
Jiangsu,wind_offshore,31.75,121.0,602.0,2,0.0,0.0,300.0,G100000903058;G100000903060
Jiangsu,wind_offshore,32.0,122.0,300.0,1,0.0,0.0,0.0,G100001009012
Jiangsu,wind_offshore,32.0,122.25,252.0,1,0.0,0.0,0.0,G100001009008
Jiangsu,wind_offshore,32.25,121.75,552.0,2,0.0,0.0,152.0,G100000903070;G100000903079
Jiangsu,wind_offshore,32.25,122.0,252.0,1,0.0,0.0,0.0,G100001009007
Jiangsu,wind_offshore,32.5,121.0,100.0,1,0.0,0.0,100.0,G100000903067
Jiangsu,wind_offshore,32.5,121.25,427.0,4,0.0,0.0,427.0,G100000903064;G100000903065;G100000903066;G100000903068
Jiangsu,wind_offshore,32.5,121.5,400.0,2,0.0,0.0,0.0,G100000903071;G100000903082
Jiangsu,wind_offshore,32.75,121.0,502.0,2,0.0,0.0,302.0,G100000903106;G100000903107
Jiangsu,wind_offshore,32.75,121.25,504.0,3,0.0,0.0,302.0,G100000903059;G100000903069;G100000903080
Jiangsu,wind_offshore,32.75,121.5,1100.0,4,0.0,0.0,0.0,G100000903073;G100000903074;G100000903081;G100001008928
Jiangsu,wind_offshore,32.75,121.75,1450.0,4,0.0,0.0,0.0,G100000903072;G100000903075;G100000903076;G100000903077
Jiangsu,wind_offshore,32.75,122.0,300.0,1,0.0,0.0,0.0,G100000903078
Jiangsu,wind_offshore,33.0,121.25,502.0,2,0.0,0.0,200.0,G100000903105;G100000903108
Jiangsu,wind_offshore,33.25,120.75,958.0,4,0.0,0.0,803.0,G100000903093;G100000903097;G100000903098;G100000903100
Jiangsu,wind_offshore,33.25,121.25,503.0,2,0.0,0.0,200.0,G100000903090;G100000903099
Jiangsu,wind_offshore,33.25,121.5,404.0,2,0.0,0.0,0.0,G100000903095;G100000903101
Jiangsu,wind_offshore,33.5,121.0,406.0,2,0.0,0.0,302.0,G100000903089;G100000903111
Jiangsu,wind_offshore,33.5,121.25,702.0,2,0.0,0.0,0.0,G100000903110;G100000903114
Jiangsu,wind_offshore,33.5,121.5,509.0,2,0.0,0.0,0.0,G100000903091;G100000903092
Jiangsu,wind_offshore,33.75,121.0,302.0,1,0.0,0.0,0.0,G100000903109
Jiangsu,wind_offshore,34.25,120.25,1102.0,4,0.0,0.0,802.0,G100000903083;G100000903084;G100000903085;G100000903086
Jiangsu,wind_offshore,34.5,119.75,303.0,1,0.0,0.0,0.0,G100000903057
Jiangsu,wind_offshore,34.5,120.0,214.0,2,0.0,0.0,214.0,G100000903115;G100000905208
Jiangsu,wind_onshore,31.5,120.75,50.0,1,0.0,0.0,50.0,G100000905206
Jiangsu,wind_onshore,31.75,121.75,92.0,1,0.0,0.0,92.0,G100000902991
Jiangsu,wind_onshore,31.75,122.0,94.0,1,0.0,0.0,94.0,G100000902992
Jiangsu,wind_onshore,32.0,121.5,12.0,1,0.0,0.0,0.0,G100001008857
Jiangsu,wind_onshore,32.0,121.75,100.0,1,0.0,0.0,100.0,G100000902993
Jiangsu,wind_onshore,32.25,121.25,318.0,5,0.0,0.0,318.0,G100000902998;G100000902999;G100000903001;G100000903002;G100000905184
Jiangsu,wind_onshore,32.25,121.5,148.0,2,0.0,0.0,148.0,G100000902996;G100000903000
Jiangsu,wind_onshore,32.5,118.5,50.0,1,50.0,0.0,50.0,G100000905197
Jiangsu,wind_onshore,32.5,119.0,59.0,1,0.0,0.0,59.0,G100000903054
Jiangsu,wind_onshore,32.5,121.0,150.0,2,0.0,0.0,150.0,G100000902995;G100000903003
Jiangsu,wind_onshore,32.5,121.25,100.0,1,0.0,0.0,100.0,G100000902997
Jiangsu,wind_onshore,32.75,118.25,50.0,1,50.0,0.0,50.0,G100000905205
Jiangsu,wind_onshore,32.75,118.5,101.0,2,50.0,0.0,101.0,G100000905190;G100000905200
Jiangsu,wind_onshore,32.75,119.25,50.0,1,0.0,0.0,50.0,G100000905212
Jiangsu,wind_onshore,32.75,119.75,80.0,2,0.0,0.0,0.0,G100001008833;G100001008863
Jiangsu,wind_onshore,32.75,120.75,176.0,2,0.0,0.0,176.0,G100000903027;G100000903028
Jiangsu,wind_onshore,32.75,121.0,510.0,3,0.0,0.0,310.0,G100000903024;G100000903026;G100000922745
Jiangsu,wind_onshore,33.0,118.25,240.0,3,240.0,0.0,150.0,G100000902985;G100000902986;G100000905211
Jiangsu,wind_onshore,33.0,118.5,50.0,1,0.0,0.0,0.0,G100001008926
Jiangsu,wind_onshore,33.0,119.0,258.7,4,0.0,0.0,0.0,G100001008819;G100001008849;G100001008850;G100001008851
Jiangsu,wind_onshore,33.0,119.25,320.0,5,100.0,0.0,0.0,G100000902982;G100001008834;G100001008835;G100001008845;G100001008846
Jiangsu,wind_onshore,33.0,120.0,2234.0,33,0.0,0.0,872.0,G100000902976;G100000902977;G100000902987;G100000902988;G100000902989;G100000902990;G100000902994;G100000903004;G100000903005;G100000903006;G100000903009;G100000903010;G100000903011;G100000903012;G100000903016;G100000903025;G100000903031;G100000903036;G100000903037;G100000903039;G100000903040;G100000903045;G100000903046;G100000903047;G100000903048;G100000903049;G100000903050;G100000903051;G100000903052;G100000903053;G100000903055;G100000903056;G100001008909
Jiangsu,wind_onshore,33.0,120.75,100.0,1,0.0,0.0,100.0,G100000903022
Jiangsu,wind_onshore,33.25,118.0,136.5,2,136.5,0.0,0.0,G100000905189;G100001008861
Jiangsu,wind_onshore,33.25,118.25,66.0,1,0.0,0.0,66.0,G100000905192
Jiangsu,wind_onshore,33.25,119.25,100.0,1,0.0,0.0,0.0,G100001008852
Jiangsu,wind_onshore,33.25,119.5,150.0,2,0.0,0.0,0.0,G100001008859;G100001008889
Jiangsu,wind_onshore,33.25,120.5,280.0,2,0.0,0.0,280.0,G100000903018;G100000903019
Jiangsu,wind_onshore,33.25,120.75,320.0,3,0.0,0.0,270.0,G100000903017;G100000903020;G100000905183
Jiangsu,wind_onshore,33.5,119.0,50.0,1,0.0,0.0,50.0,G100000905207
Jiangsu,wind_onshore,33.5,119.5,110.0,2,0.0,0.0,0.0,G100001008912;G100001008930
Jiangsu,wind_onshore,33.5,120.25,188.0,4,0.0,0.0,188.0,G100000903035;G100000903038;G100000905185;G100000905193
Jiangsu,wind_onshore,33.5,120.5,50.0,1,0.0,0.0,50.0,G100000905198
Jiangsu,wind_onshore,33.75,118.75,33.0,1,0.0,0.0,33.0,G100000905182
Jiangsu,wind_onshore,33.75,119.0,264.5,4,0.0,0.0,0.0,G100000902978;G100000902979;G100000902980;G100000902981
Jiangsu,wind_onshore,33.75,119.25,235.0,3,0.0,0.0,0.0,G100001008788;G100001008789;G100001008790
Jiangsu,wind_onshore,33.75,120.25,347.0,4,0.0,0.0,298.0,G100000903032;G100000903033;G100000903034;G100001008929
Jiangsu,wind_onshore,34.0,117.75,36.0,1,0.0,0.0,36.0,G100000905196
Jiangsu,wind_onshore,34.0,118.0,85.0,1,0.0,0.0,0.0,G100000905180
Jiangsu,wind_onshore,34.0,119.25,44.0,1,0.0,0.0,0.0,G100000905188
Jiangsu,wind_onshore,34.0,119.5,96.0,2,0.0,0.0,0.0,G100000902983;G100000902984
Jiangsu,wind_onshore,34.0,120.5,200.0,1,0.0,0.0,200.0,G100000903030
Jiangsu,wind_onshore,34.25,119.5,50.0,1,0.0,0.0,0.0,G100001008931
Jiangsu,wind_onshore,34.25,119.75,201.0,1,0.0,0.0,201.0,G100000903041
Jiangsu,wind_onshore,34.25,120.0,299.0,4,0.0,0.0,299.0,G100000903042;G100000903043;G100000903044;G100000905202
Jiangsu,wind_onshore,34.25,120.25,235.0,4,0.0,0.0,235.0,G100000903007;G100000903014;G100000903015;G100000905199
Jiangsu,wind_onshore,34.5,117.25,98.0,2,0.0,0.0,98.0,G100000905213;G100000905214
Jiangsu,wind_onshore,34.5,117.5,74.0,1,0.0,0.0,74.0,G100000905216
Jiangsu,wind_onshore,34.5,118.25,50.0,1,0.0,0.0,0.0,G100000905181
Jiangsu,wind_onshore,34.5,118.5,50.0,1,0.0,0.0,50.0,G100000905203
Jiangsu,wind_onshore,34.5,119.5,167.5,3,0.0,0.0,0.0,G100000905187;G100001008854;G100001008906
Jiangsu,wind_onshore,34.5,119.75,40.0,1,0.0,0.0,0.0,G100000905186
Jiangsu,wind_onshore,34.75,118.5,98.0,2,48.0,0.0,98.0,G100000905204;G100001008768
