source_row,start_h,end_h,mode,gpus,work_gpu_h,release_h,deadline_h
730932,0.14166666666666666,1.3575,5,1,1.2158333333333333,0.14166666666666666,1.3575
731303,0.5633333333333334,25.77714465774675,1,16,325.5777777777778,0.5633333333333334,30.736944444444443
732798,2.3044444444444445,3.513888888888889,5,1,1.2094444444444445,2.3044444444444445,3.513888888888889
733067,2.6127777777777776,3.763333333333333,5,1,1.1505555555555556,2.6127777777777776,3.763333333333333
733105,2.656111111111111,41.18222222222222,5,2,77.05222222222223,2.656111111111111,41.18222222222222
736365,6.491666666666666,56.47388888888889,5,2,99.96444444444444,6.491666666666666,56.47388888888889
736366,6.491666666666666,56.47388888888889,5,2,99.96444444444444,6.491666666666666,56.47388888888889
739583,10.245555555555555,10.261111111111111,5,1,0.015555555555555555,10.245555555555555,10.261111111111111
740062,10.801388888888889,10.860833333333334,5,8,0.47555555555555556,10.801388888888889,10.860833333333334
740119,10.869166666666667,70.68305555555555,5,8,478.5111111111111,10.869166666666667,70.68305555555555
740131,10.882222222222222,70.3625,5,8,475.84222222222223,10.882222222222222,70.3625
740155,10.905555555555555,11.172222222222222,5,32,8.533333333333333,10.905555555555555,11.172222222222222
740236,11.000833333333333,11.18611111111111,5,32,5.928888888888889,11.000833333333333,11.186388888888889
740403,11.188888888888888,11.37611111111111,5,32,5.9911111111111115,11.188888888888888,11.3775
740417,11.204722222222221,11.410555555555556,5,32,6.586666666666667,11.204722222222221,11.411666666666667
740492,11.284722222222221,11.306111111111111,5,8,0.1711111111111111,11.284722222222221,11.306111111111111
740595,11.396944444444445,11.566944444444445,5,32,5.44,11.396944444444445,11.5675
740601,11.402777777777779,19.516111111111112,5,8,64.90666666666667,11.402777777777779,19.516111111111112
740624,11.427777777777777,11.58472222222222,5,32,5.022222222222222,11.427777777777777,11.58611111111111
740677,11.488055555555556,11.514722222222222,5,1,0.02666666666666667,11.488055555555556,11.514722222222222
740768,11.588611111111112,11.775555555555556,5,32,5.982222222222222,11.588611111111112,11.776944444444444
740782,11.603055555555555,11.715833333333332,5,32,3.608888888888889,11.603055555555555,11.716388888888888
740798,11.62111111111111,11.645833333333334,5,1,0.024722222222222222,11.62111111111111,11.645833333333334
740897,11.731111111111112,11.75611111111111,5,1,0.025,11.731111111111112,11.75611111111111
740898,11.731666666666667,11.841944444444445,5,32,3.528888888888889,11.731666666666667,11.84361111111111
740955,11.7925,11.958333333333334,5,32,5.306666666666667,11.7925,11.959722222222222
741016,11.86138888888889,11.9725,5,32,3.5555555555555554,11.86138888888889,11.972777777777777
741031,11.875277777777777,11.944444444444445,5,8,0.5533333333333333,11.875277777777777,11.944444444444445
741117,11.976111111111111,12.141666666666666,5,32,5.297777777777778,11.976111111111111,12.142777777777777
741129,11.988888888888889,12.101388888888888,5,32,3.6,11.988888888888889,12.1025
741243,12.120277777777778,12.225555555555555,5,32,3.368888888888889,12.120277777777778,12.226111111111111
741281,12.159166666666666,12.176111111111112,5,8,0.13555555555555557,12.159166666666666,12.176111111111112
741283,12.161388888888888,12.308888888888887,5,32,4.72,12.161388888888888,12.309166666666666
741349,12.235833333333334,12.251666666666667,5,8,0.12666666666666668,12.235833333333334,12.251666666666667
741381,12.268888888888888,12.379999999999999,5,32,3.5555555555555554,12.268888888888888,12.380833333333333
741421,12.310277777777777,12.342777777777778,5,1,0.0325,12.310277777777777,12.342777777777778
741457,12.348888888888888,12.546388888888888,5,32,6.32,12.348888888888888,12.547777777777778
741517,12.414166666666667,12.510277777777778,5,32,3.0755555555555554,12.414166666666667,12.511666666666667
741641,12.549722222222222,12.680277777777778,5,32,4.177777777777778,12.549722222222222,12.68138888888889
741677,12.586944444444445,12.745277777777778,5,32,5.066666666666666,12.586944444444445,12.74611111111111
741792,12.717777777777778,12.885000000000002,5,32,5.351111111111111,12.717777777777778,12.885833333333334
741853,12.789444444444445,12.952222222222224,5,32,5.208888888888889,12.789444444444445,12.953055555555556
741972,12.925555555555556,13.095,5,32,5.4222222222222225,12.925555555555556,13.096666666666666
742035,12.994722222222222,13.143888888888888,5,32,4.773333333333333,12.994722222222222,13.145555555555555
742160,13.132777777777777,13.295,5,32,5.191111111111111,13.132777777777777,13.296666666666667
742209,13.186111111111112,13.338333333333333,5,32,4.871111111111111,13.186111111111112,13.338333333333333
742342,13.332777777777778,13.499444444444444,5,32,5.333333333333333,13.332777777777778,13.500555555555556
742385,13.37861111111111,13.511666666666665,5,32,4.257777777777778,13.37861111111111,13.513055555555555
742525,13.533055555555556,13.721944444444446,5,32,6.044444444444444,13.533055555555556,13.723055555555556
742537,13.543888888888889,13.573888888888888,5,16,0.48,13.543888888888889,13.573888888888888
742541,13.546666666666667,13.684722222222224,5,32,4.417777777777777,13.546666666666667,13.685555555555556
742705,13.725,13.891666666666666,5,32,5.333333333333333,13.725,13.893333333333333
742735,13.757777777777777,13.86611111111111,5,32,3.466666666666667,13.757777777777777,13.866944444444444
742857,13.901944444444444,14.054722222222221,5,32,4.888888888888889,13.901944444444444,14.056111111111111
742883,13.928611111111111,14.084444444444443,5,32,4.986666666666666,13.928611111111111,14.085555555555555
743022,14.091111111111111,14.323333333333332,5,32,7.431111111111111,14.091111111111111,14.323888888888888
743050,14.120833333333334,14.34527777777778,5,32,7.182222222222222,14.120833333333334,14.346111111111112
743312,14.415833333333333,14.653055555555556,5,32,7.591111111111111,14.415833333333333,14.653055555555556
743907,15.105,96.41416666666667,5,16,1300.9466666666667,15.105,96.41416666666667
744831,16.163611111111113,16.198055555555555,5,8,0.27555555555555555,16.163611111111113,16.198055555555555
744841,16.175,16.209444444444443,5,8,0.27555555555555555,16.175,16.209444444444443
744998,16.351666666666667,16.395,5,8,0.3466666666666667,16.351666666666667,16.395
745066,16.428333333333335,16.736944444444443,5,8,2.468888888888889,16.428333333333335,16.736944444444443
745112,16.47972222222222,16.791666666666668,5,8,2.4955555555555557,16.47972222222222,16.791666666666668
745160,16.530555555555555,16.564444444444444,5,1,0.03388888888888889,16.530555555555555,16.564444444444444
745374,16.778333333333332,16.830277777777777,5,1,0.051944444444444446,16.778333333333332,16.830277777777777
745428,16.842222222222222,16.869722222222222,5,8,0.22,16.842222222222222,16.869722222222222
745434,16.848055555555554,16.869722222222222,5,8,0.17333333333333334,16.848055555555554,16.869722222222222
745486,16.907777777777778,16.938055555555554,5,8,0.24222222222222223,16.907777777777778,16.938055555555554
745489,16.91027777777778,17.00111111111111,5,8,0.7266666666666667,16.91027777777778,17.00111111111111
745573,17.00583333333333,18.649722222222223,5,8,13.151111111111112,17.00583333333333,18.649722222222223
745605,17.039444444444445,18.16027777777778,5,8,8.966666666666667,17.039444444444445,18.16027777777778
745705,17.15361111111111,19.18888888888889,5,1,2.035277777777778,17.15361111111111,19.18888888888889
745826,17.29222222222222,19.316388888888888,5,1,2.0241666666666664,17.29222222222222,19.316388888888888
746418,17.993055555555557,19.608333333333334,5,1,1.6152777777777778,17.993055555555557,19.608333333333334
746707,18.323055555555555,18.63722222222222,5,1,0.31416666666666665,18.323055555555555,18.63722222222222
747275,18.988333333333333,19.016111111111112,5,4,0.1111111111111111,18.988333333333333,19.016111111111112
747321,19.037777777777777,19.075833333333332,5,4,0.15222222222222223,19.037777777777777,19.075833333333332
747371,19.095555555555556,19.130277777777778,5,4,0.1388888888888889,19.095555555555556,19.130277777777778
747427,19.162777777777777,19.421388888888888,5,4,1.0344444444444445,19.162777777777777,19.421388888888888
748005,19.829166666666666,19.90138888888889,5,1,0.07222222222222222,19.829166666666666,19.90138888888889
748016,19.83972222222222,20.12472222222222,5,1,0.285,19.83972222222222,20.12472222222222
748299,20.168055555555554,39.304722222222225,5,8,153.09333333333333,20.168055555555554,39.304722222222225
748384,20.27,20.309166666666666,5,4,0.15666666666666668,20.27,20.309166666666666
748486,20.393055555555556,21.606666666666666,5,1,1.2136111111111112,20.393055555555556,21.606666666666666
748700,20.6425,20.713055555555556,5,1,0.07055555555555555,20.6425,20.713055555555556
748713,20.654444444444444,22.671944444444446,5,1,2.0175,20.654444444444444,22.671944444444446
748796,20.752777777777776,22.515833333333333,5,1,1.7630555555555556,20.752777777777776,22.515833333333333
748821,20.78361111111111,21.01888888888889,5,4,0.9411111111111111,20.78361111111111,21.01888888888889
749068,21.0725,31.470277777777778,5,8,83.18222222222222,21.0725,31.470277777777778
749354,21.398055555555555,23.270833333333332,5,1,1.8727777777777779,21.398055555555555,23.270833333333332
749418,21.470277777777778,32.73444444444444,5,8,90.11333333333333,21.470277777777778,32.73444444444444
749625,21.711388888888887,47.87861111111111,5,16,418.67555555555555,21.711388888888887,47.90361111111111
749656,21.745833333333334,37.12653703703704,3,16,233.96,21.745833333333334,37.57222222222222
749968,22.0975,23.476666666666667,5,1,1.3791666666666667,22.0975,23.476666666666667
750029,22.16638888888889,58.099444444444444,5,2,71.86611111111111,22.16638888888889,58.099444444444444
750044,22.18111111111111,32.06166666666667,5,8,79.04444444444445,22.18111111111111,32.06166666666667
750422,22.6025,40.734722222222224,5,8,145.05777777777777,22.6025,40.734722222222224
750621,22.826944444444443,34.258465836526184,4,8,89.64888888888889,22.826944444444443,34.40277777777778
750640,22.846666666666668,34.21244731800766,4,8,89.13333333333334,22.846666666666668,34.33861111111111
751112,23.3975,109.45944444444444,5,8,688.4955555555556,23.3975,109.45944444444444
751423,23.749166666666667,25.345,5,1,1.5958333333333334,23.749166666666667,25.345
751476,23.80638888888889,38.27333333333333,5,8,115.73555555555555,23.80638888888889,38.27333333333333
752218,24.669444444444444,24.683556331200307,1,16,0.18222222222222223,24.669444444444444,35.51305555555555
752692,25.215,26.642222222222223,5,1,1.4272222222222222,25.215,26.642222222222223
759537,33.16583333333333,34.108333333333334,5,8,7.54,33.16583333333333,34.108333333333334
760487,34.27166666666667,34.325833333333335,5,1,0.05416666666666667,34.27166666666667,34.325833333333335
760498,34.280833333333334,34.39472222222222,5,1,0.11388888888888889,34.280833333333334,34.39472222222222
760575,34.36694444444444,34.42138888888889,5,1,0.05444444444444444,34.36694444444444,34.42138888888889
760578,34.36888888888889,34.473333333333336,5,1,0.10444444444444445,34.36888888888889,34.473333333333336
760619,34.414722222222224,34.44638888888889,5,8,0.25333333333333335,34.414722222222224,34.44638888888889
760717,34.528888888888886,34.569722222222225,5,1,0.04083333333333333,34.528888888888886,34.569722222222225
760745,34.56027777777778,34.836666666666666,5,1,0.2763888888888889,34.56027777777778,34.836666666666666
760890,34.72416666666667,34.80694444444445,5,1,0.08277777777777778,34.72416666666667,34.80694444444445
761022,34.868611111111115,34.95055555555555,5,1,0.08194444444444444,34.868611111111115,34.95055555555555
761040,34.88805555555555,49.25611111111111,5,8,114.94444444444444,34.88805555555555,49.25611111111111
761114,34.96944444444444,35.05166666666667,5,1,0.08222222222222222,34.96944444444444,35.05166666666667
761201,35.06583333333333,35.14666666666667,5,1,0.08083333333333333,35.06583333333333,35.14666666666667
761237,35.1075,97.29333333333334,5,32,1989.9466666666667,35.1075,97.29333333333334
761318,35.19444444444444,35.4475,5,1,0.25305555555555553,35.19444444444444,35.4475
761361,35.24194444444444,35.32388888888889,5,1,0.08194444444444444,35.24194444444444,35.32388888888889
761452,35.345,35.384166666666665,5,1,0.03916666666666667,35.345,35.384166666666665
761508,35.4075,35.43861111111111,5,1,0.03111111111111111,35.4075,35.43861111111111
761514,35.4125,35.4925,5,1,0.08,35.4125,35.4925
761609,35.5275,35.53916666666667,5,16,0.18666666666666668,35.5275,35.53916666666667
761628,35.547222222222224,35.5575,5,16,0.16444444444444445,35.547222222222224,35.5575
761802,35.827777777777776,35.859722222222224,5,1,0.03194444444444444,35.827777777777776,35.859722222222224
761838,35.86972222222222,56.49333333333333,5,16,329.97777777777776,35.86972222222222,56.49333333333333
761900,35.94166666666667,35.97388888888889,5,1,0.03222222222222222,35.94166666666667,35.97388888888889
761944,35.990833333333335,36.02361111111111,5,1,0.03277777777777778,35.990833333333335,36.02361111111111
762029,36.093333333333334,37.48833333333334,5,1,1.395,36.093333333333334,37.48833333333334
762120,36.19694444444445,51.3699074074074,3,8,115.4,36.19694444444445,51.529444444444444
762377,36.50138888888889,37.87611111111111,5,1,1.3747222222222222,36.50138888888889,37.87611111111111
762398,36.526944444444446,37.900555555555556,5,1,1.3736111111111111,36.526944444444446,37.900555555555556
762628,36.793055555555554,36.81388888888889,5,8,0.16666666666666666,36.793055555555554,36.81388888888889
762684,36.92166666666667,36.93666666666667,5,8,0.12,36.92166666666667,36.93666666666667
762686,36.99055555555555,37.010555555555555,5,8,0.16,36.99055555555555,37.010555555555555
762687,37.113055555555555,37.19049883653287,1,16,1.0,37.113055555555555,37.216388888888886
762689,37.183055555555555,54.886944444444445,5,8,141.63111111111112,37.183055555555555,54.886944444444445
762691,37.24027777777778,57.50555555555555,5,16,324.24444444444447,37.24027777777778,57.50555555555555
762693,37.25333333333333,67.12819759550125,1,16,385.76444444444445,37.25333333333333,75.63972222222222
762694,37.310833333333335,43.71055555555556,5,8,51.19777777777778,37.310833333333335,43.71055555555556
762695,37.59972222222222,45.76327661431064,1,8,52.70666666666666,37.59972222222222,50.29888888888889
762696,37.687222222222225,73.48116249757612,1,16,462.19555555555553,37.687222222222225,85.38055555555556
762697,37.73833333333334,39.12972222222222,5,1,1.3913888888888888,37.73833333333334,39.12972222222222
762705,37.94972222222222,63.14833333333333,5,2,50.397222222222226,37.94972222222222,63.14833333333333
762712,38.229166666666664,47.547777777777775,5,16,149.09777777777776,38.229166666666664,47.547777777777775
762717,38.27333333333333,40.011944444444445,5,8,13.908888888888889,38.27333333333333,40.011944444444445
762720,38.35444444444445,39.663333333333334,5,4,5.235555555555556,38.35444444444445,39.663333333333334
762722,38.39527777777778,38.405,5,8,0.07777777777777778,38.39527777777778,38.405
762724,38.43388888888889,38.75666666666667,5,8,2.582222222222222,38.43388888888889,38.75666666666667
762727,38.448055555555555,73.82166666666667,5,8,282.9888888888889,38.448055555555555,73.82166666666667
762729,38.45638888888889,38.51305555555555,5,8,0.4533333333333333,38.45638888888889,38.51305555555555
762734,38.5425,38.56027777777778,5,8,0.14222222222222222,38.5425,38.56027777777778
762736,38.569722222222225,38.67166666666667,5,8,0.8155555555555556,38.569722222222225,38.67166666666667
762740,38.768055555555556,39.09722222222222,5,8,2.6333333333333333,38.768055555555556,39.09722222222222
762745,39.09722222222222,39.15777777777778,5,2,0.12111111111111111,39.09722222222222,39.15777777777778
762748,39.158611111111114,39.54555555555555,5,8,3.0955555555555554,39.158611111111114,39.54555555555555
762750,39.20611111111111,39.24194444444444,5,8,0.2866666666666667,39.20611111111111,39.24194444444444
762762,39.54555555555555,39.60166666666667,5,1,0.05611111111111111,39.54555555555555,39.60166666666667
762766,39.632222222222225,76.88861111111112,5,16,596.1022222222222,39.632222222222225,76.88861111111112
762767,39.6475,49.27444444444444,5,8,77.01555555555555,39.6475,49.27444444444444
762779,39.87555555555556,39.886944444444445,5,1,0.01138888888888889,39.87555555555556,39.886944444444445
762789,40.053333333333335,40.15222222222222,5,2,0.19777777777777777,40.053333333333335,40.15222222222222
762802,40.25055555555556,40.26277777777778,5,1,0.012222222222222223,40.25055555555556,40.26277777777778
762804,40.27972222222222,40.52,5,8,1.9222222222222223,40.27972222222222,40.52
762815,40.52,40.565,5,1,0.045,40.52,40.565
762819,40.5875,40.72472222222222,5,1,0.13722222222222222,40.5875,40.72472222222222
762824,40.63055555555555,40.63666666666666,5,1,0.006111111111111111,40.63055555555555,40.63666666666666
762830,40.725833333333334,40.731944444444444,5,1,0.006111111111111111,40.725833333333334,40.731944444444444
762831,40.734722222222224,42.33222222222222,5,8,12.78,40.734722222222224,42.33222222222222
762837,40.968333333333334,46.99888888888889,5,32,192.9777777777778,40.968333333333334,46.99888888888889
762840,41.05583333333333,46.13305555555556,5,1,5.077222222222222,41.05583333333333,46.13305555555556
762843,41.15277777777778,41.159444444444446,5,1,0.006666666666666667,41.15277777777778,41.159444444444446
762857,41.681111111111115,43.88333333333333,5,1,2.2022222222222223,41.681111111111115,43.88333333333333
762858,41.695,41.830555555555556,5,1,0.13555555555555557,41.695,41.830555555555556
762875,42.3575,83.98083333333334,5,32,1331.9466666666667,42.3575,83.98083333333334
762876,42.358333333333334,143.29055555555556,5,32,3229.831111111111,42.358333333333334,143.29055555555556
762887,42.63361111111111,42.6775,5,1,0.04388888888888889,42.63361111111111,42.6775
762893,42.77,42.810833333333335,5,1,0.04083333333333333,42.77,42.810833333333335
762895,42.92166666666667,57.12,5,8,113.58666666666667,42.92166666666667,57.12
762898,43.12777777777778,43.18222222222222,5,1,0.05444444444444444,43.12777777777778,43.18222222222222
762920,45.103611111111114,45.221944444444446,5,1,0.11833333333333333,45.103611111111114,45.221944444444446
762923,45.17777777777778,45.21361111111111,5,4,0.14333333333333334,45.17777777777778,45.21361111111111
762924,45.24027777777778,45.264715435330615,1,1,0.01972222222222222,45.24027777777778,46.37861111111111
762926,45.35388888888889,45.38611111111111,5,4,0.1288888888888889,45.35388888888889,45.38611111111111
762927,45.416111111111114,45.44222222222222,5,4,0.10444444444444445,45.416111111111114,45.44222222222222
762928,45.45388888888889,45.477777777777774,5,4,0.09555555555555556,45.45388888888889,45.477777777777774
762930,45.507777777777775,45.53666666666667,5,4,0.11555555555555555,45.507777777777775,45.53666666666667
762932,45.653333333333336,45.68222222222222,5,4,0.11555555555555555,45.653333333333336,45.68222222222222
762934,45.71666666666667,45.73833333333334,5,4,0.08666666666666667,45.71666666666667,45.73833333333334
762937,45.799166666666665,45.82666666666667,5,4,0.11,45.799166666666665,45.82666666666667
762938,45.89333333333333,45.91861111111111,5,4,0.10111111111111111,45.89333333333333,45.91861111111111
762940,45.93222222222222,45.95666666666666,5,4,0.09777777777777778,45.93222222222222,45.95666666666666
762942,45.98027777777778,46.096666666666664,5,4,0.46555555555555556,45.98027777777778,46.096666666666664
762943,46.073055555555555,106.16972222222222,5,8,480.7733333333333,46.073055555555555,106.16972222222222
762944,46.13472222222222,46.1925,5,4,0.2311111111111111,46.13472222222222,46.1925
762947,46.394444444444446,46.518055555555556,5,1,0.12361111111111112,46.394444444444446,46.518055555555556
762948,46.40138888888889,48.778333333333336,5,1,2.3769444444444443,46.40138888888889,48.778333333333336
762950,46.489444444444445,46.96194444444444,5,4,1.89,46.489444444444445,46.96194444444444
762951,46.57222222222222,46.625,5,1,0.05277777777777778,46.57222222222222,46.625
762962,47.574444444444445,47.734722222222224,5,16,2.5644444444444443,47.574444444444445,47.734722222222224
762963,47.734722222222224,47.86083333333333,5,2,0.25222222222222224,47.734722222222224,47.86083333333333
762966,47.86361111111111,48.07611111111111,5,16,3.4,47.86361111111111,48.07611111111111
762969,48.076388888888886,48.13,5,1,0.05361111111111111,48.076388888888886,48.13
762970,48.11472222222222,48.13055555555555,5,1,0.015833333333333335,48.11472222222222,48.13055555555555
762972,48.14805555555556,48.441944444444445,5,1,0.29388888888888887,48.14805555555556,48.441944444444445
762975,48.44444444444444,74.6425,5,8,209.58444444444444,48.44444444444444,74.6425
762977,48.45,79.60333333333334,5,16,498.4533333333333,48.45,79.60333333333334
762980,48.48861111111111,80.80552016676361,1,16,417.29777777777775,48.48861111111111,91.51583333333333
762982,48.509166666666665,77.21377690517744,1,16,370.6533333333333,48.509166666666665,88.68305555555555
762995,49.617222222222225,49.75,5,1,0.13277777777777777,49.617222222222225,49.75
763021,51.255833333333335,51.2625,5,1,0.006666666666666667,51.255833333333335,51.2625
763022,51.268055555555556,51.2775,5,1,0.009444444444444445,51.268055555555556,51.2775
763024,51.32,51.33,5,1,0.01,51.32,51.33
763025,51.44888888888889,51.590833333333336,5,1,0.14194444444444446,51.44888888888889,51.590833333333336
763026,51.84527777777778,51.8625,5,1,0.017222222222222222,51.84527777777778,51.8625
763028,51.9325,51.945,5,1,0.0125,51.9325,51.945
763029,51.94694444444445,51.9625,5,1,0.015555555555555555,51.94694444444445,51.9625
763032,52.0525,52.26416666666667,5,1,0.21166666666666667,52.0525,52.26416666666667
763052,57.480555555555554,57.50277777777778,5,8,0.17777777777777778,57.480555555555554,57.50277777777778
763053,57.66694444444445,57.8625,5,8,1.5644444444444445,57.66694444444445,57.8625
763054,57.68361111111111,57.70611111111111,5,8,0.18,57.68361111111111,57.70611111111111
763056,57.723055555555554,57.75093513670739,1,8,0.18,57.723055555555554,57.885
763059,57.75888888888889,58.059444444444445,5,4,1.2022222222222223,57.75888888888889,58.059444444444445
763060,57.806111111111115,92.17222222222222,5,2,68.73222222222222,57.806111111111115,92.17222222222222
763061,57.82083333333333,80.1375,5,16,357.06666666666666,57.82083333333333,80.1375
763062,57.915,57.948055555555555,5,8,0.2644444444444444,57.915,57.948055555555555
763064,58.083333333333336,58.15111111111111,5,2,0.13555555555555557,58.083333333333336,58.15111111111111
763066,58.1425,58.18194444444445,5,1,0.03944444444444444,58.1425,58.18194444444445
763067,58.15361111111111,58.246944444444445,5,8,0.7466666666666667,58.15361111111111,58.246944444444445
763069,58.24722222222222,58.305277777777775,5,1,0.058055555555555555,58.24722222222222,58.305277777777775
763076,58.56333333333333,61.062777777777775,5,1,2.4994444444444444,58.56333333333333,61.062777777777775
763084,58.86638888888889,59.36888888888889,5,4,2.01,58.86638888888889,59.36888888888889
763092,59.5225,59.83277777777778,5,8,2.482222222222222,59.5225,59.83277777777778
763093,59.525,60.01611111111111,5,4,1.9644444444444444,59.525,60.01611111111111
763098,59.67,59.719907892185375,1,8,0.32222222222222224,59.67,59.72388888888889
763099,59.736111111111114,59.95191972076789,1,8,1.3933333333333333,59.736111111111114,71.64666666666666
763100,59.791111111111114,59.81055555555555,5,8,0.15555555555555556,59.791111111111114,59.81055555555555
763102,59.90611111111111,60.2125,5,8,2.451111111111111,59.90611111111111,60.2125
763107,60.505,60.548611111111114,5,1,0.043611111111111114,60.505,60.548611111111114
763109,60.51972222222222,60.55111111111111,5,1,0.03138888888888889,60.51972222222222,60.55111111111111
763113,60.66972222222222,60.70444444444445,5,1,0.034722222222222224,60.66972222222222,60.70444444444445
763114,60.75222222222222,60.772222222222226,5,1,0.02,60.75222222222222,60.772222222222226
763117,60.86472222222222,60.88,5,1,0.015277777777777777,60.86472222222222,60.88
763118,60.882777777777775,60.90361111111111,5,1,0.020833333333333332,60.882777777777775,60.90361111111111
763123,61.131388888888885,119.26333333333334,5,4,232.52777777777777,61.131388888888885,119.26333333333334
763127,61.23916666666667,61.269444444444446,5,1,0.03027777777777778,61.23916666666667,61.269444444444446
763130,61.575,61.60583333333334,5,1,0.030833333333333334,61.575,61.60583333333334
763134,61.71111111111111,64.34722222222223,5,1,2.636111111111111,61.71111111111111,64.34722222222223
763135,61.71361111111111,61.87444444444444,5,1,0.16083333333333333,61.71361111111111,61.87444444444444
763137,61.76305555555555,61.83083333333333,5,1,0.06777777777777778,61.76305555555555,61.83083333333333
763140,61.9475,78.41444444444444,5,8,131.73555555555555,61.9475,78.41444444444444
763145,62.23861111111111,62.38722222222222,5,1,0.1486111111111111,62.23861111111111,62.38722222222222
763164,62.910833333333336,63.05222222222222,5,1,0.1413888888888889,62.910833333333336,63.05222222222222
763165,62.91138888888889,65.20166666666667,5,1,2.290277777777778,62.91138888888889,65.20166666666667
763167,63.029444444444444,67.47722222222222,5,8,35.58222222222222,63.029444444444444,67.48361111111112
763170,63.132222222222225,63.154444444444444,5,1,0.022222222222222223,63.132222222222225,63.154444444444444
763171,63.14555555555555,63.211666666666666,5,1,0.0661111111111111,63.14555555555555,63.211666666666666
763177,63.24194444444444,63.255833333333335,5,1,0.013888888888888888,63.24194444444444,63.255833333333335
763179,63.27,63.284444444444446,5,1,0.014444444444444444,63.27,63.284444444444446
763182,63.30388888888889,63.37416666666667,5,1,0.07027777777777777,63.30388888888889,63.37416666666667
763188,63.434444444444445,63.545833333333334,5,1,0.11138888888888888,63.434444444444445,63.545833333333334
763189,63.44972222222222,63.473333333333336,5,1,0.02361111111111111,63.44972222222222,63.473333333333336
763190,63.464444444444446,65.39694444444444,5,1,1.9325,63.464444444444446,65.39694444444444
763192,63.473055555555554,63.48972222222222,5,1,0.016666666666666666,63.473055555555554,63.48972222222222
763193,63.5,63.51416666666667,5,1,0.014166666666666666,63.5,63.51416666666667
763194,63.50694444444444,63.52361111111111,5,1,0.016666666666666666,63.50694444444444,63.52361111111111
763198,63.535,63.54833333333333,5,1,0.013333333333333334,63.535,63.54833333333333
763199,63.56027777777778,63.57472222222222,5,1,0.014444444444444444,63.56027777777778,63.57472222222222
763201,63.61555555555555,63.629444444444445,5,1,0.013888888888888888,63.61555555555555,63.629444444444445
763203,63.673611111111114,82.13907926618208,2,8,133.57555555555555,63.673611111111114,84.18777777777778
763210,63.885,67.45611111111111,5,8,28.56888888888889,63.885,67.45611111111111
763217,64.16166666666666,64.17555555555556,5,1,0.013888888888888888,64.16166666666666,64.17555555555556
763218,64.1825,64.19694444444444,5,1,0.014444444444444444,64.1825,64.19694444444444
763226,64.50194444444445,64.61944444444444,5,1,0.1175,64.50194444444445,64.61944444444444
763228,64.5525,64.5813888888889,5,1,0.028888888888888888,64.5525,64.5813888888889
763232,64.62472222222222,64.65416666666667,5,1,0.029444444444444443,64.62472222222222,64.65416666666667
763233,64.63194444444444,66.3411111111111,5,8,13.673333333333334,64.63194444444444,66.3411111111111
763236,64.76305555555555,64.7786111111111,5,8,0.12444444444444444,64.76305555555555,64.7786111111111
763237,64.77416666666667,64.80722222222222,5,1,0.03305555555555555,64.77416666666667,64.80722222222222
763238,64.81805555555556,64.82444444444444,5,8,0.051111111111111114,64.81805555555556,64.82444444444444
763239,64.82305555555556,64.85444444444444,5,1,0.03138888888888889,64.82305555555556,64.85444444444444
763242,64.87388888888889,64.88944444444445,5,1,0.015555555555555555,64.87388888888889,64.88944444444445
763246,64.93666666666667,64.96638888888889,5,1,0.029722222222222223,64.93666666666667,64.96638888888889
763247,64.95194444444445,64.97444444444444,5,8,0.18,64.95194444444445,64.97444444444444
763265,65.42333333333333,65.535,5,1,0.11166666666666666,65.42333333333333,65.535
763268,65.5275,65.56305555555555,5,4,0.14222222222222222,65.5275,65.56305555555555
763269,65.53611111111111,65.56805555555556,5,1,0.03194444444444444,65.53611111111111,65.56805555555556
763273,65.65194444444444,65.7213888888889,5,4,0.2777777777777778,65.65194444444444,65.7213888888889
763274,65.67027777777778,65.79166666666667,5,1,0.1213888888888889,65.67027777777778,65.79166666666667
763275,65.89,66.03861111111111,5,1,0.1486111111111111,65.89,66.03861111111111
763277,66.09416666666667,66.24944444444445,5,1,0.15527777777777776,66.09416666666667,66.24944444444445
763279,66.3025,66.39333333333333,5,2,0.18166666666666667,66.3025,66.39333333333333
763280,66.40666666666667,68.15972222222223,5,8,14.024444444444445,66.40666666666667,68.15972222222223
763282,66.46111111111111,66.5436111111111,5,2,0.165,66.46111111111111,66.5436111111111
763283,66.47472222222223,66.54138888888889,5,4,0.26666666666666666,66.47472222222223,66.54138888888889
763284,66.56083333333333,66.62527777777778,5,4,0.2577777777777778,66.56083333333333,66.62527777777778
763285,66.6375,66.73055555555555,5,2,0.18611111111111112,66.6375,66.73055555555555
763289,66.83027777777778,66.87388888888889,5,1,0.043611111111111114,66.83027777777778,66.87388888888889
763291,66.87,67.00277777777778,5,1,0.13277777777777777,66.87,67.00277777777778
763296,67.16027777777778,67.21972222222222,5,1,0.059444444444444446,67.16027777777778,67.21972222222222
763298,67.24138888888889,67.27944444444445,5,1,0.03805555555555556,67.24138888888889,67.27944444444445
763299,67.25777777777778,67.31444444444445,5,1,0.056666666666666664,67.25777777777778,67.31444444444445
763304,67.40194444444444,67.45472222222222,5,8,0.4222222222222222,67.40194444444444,67.45472222222222
763306,67.42166666666667,67.48,5,1,0.058333333333333334,67.42166666666667,67.48
763308,67.45472222222222,67.50861111111111,5,2,0.10777777777777778,67.45472222222222,67.50861111111111
763311,67.54833333333333,67.6,5,1,0.051666666666666666,67.54833333333333,67.6
763317,67.71472222222222,67.77055555555556,5,1,0.05583333333333333,67.71472222222222,67.77055555555556
763319,67.82527777777777,68.33722222222222,5,4,2.0477777777777777,67.82527777777777,68.33722222222222
763320,67.8625,68.04767548962576,1,1,0.14944444444444444,67.8625,71.79611111111112
763321,67.86972222222222,67.93194444444444,5,1,0.06222222222222222,67.86972222222222,67.93194444444444
763324,67.99833333333333,68.06166666666667,5,1,0.06333333333333334,67.99833333333333,68.06166666666667
763327,68.16194444444444,69.95527777777778,5,8,14.346666666666666,68.16194444444444,69.95527777777778
763334,68.49305555555556,68.53333333333333,5,1,0.04027777777777778,68.49305555555556,68.53333333333333
763337,68.52277777777778,69.0213888888889,5,4,1.9944444444444445,68.52277777777778,69.0213888888889
763338,68.52805555555555,68.5886111111111,5,1,0.06055555555555556,68.52805555555555,68.5886111111111
763341,68.59194444444445,68.98,5,1,0.38805555555555554,68.59194444444445,68.98
763345,68.86166666666666,68.92,5,1,0.058333333333333334,68.86166666666666,68.92
763347,68.88111111111111,68.88138888888889,5,1,0.0002777777777777778,68.88111111111111,68.88138888888889
763349,69.00472222222223,69.06555555555556,5,1,0.060833333333333336,69.00472222222223,69.06555555555556
763351,69.09777777777778,69.15,5,1,0.052222222222222225,69.09777777777778,69.15
763352,69.13333333333334,69.145,5,8,0.09333333333333334,69.13333333333334,69.145
763353,69.16222222222223,70.1725,5,1,1.0102777777777778,69.16222222222223,70.1725
763354,69.16777777777777,69.22638888888889,5,1,0.058611111111111114,69.16777777777777,69.22638888888889
763355,69.16805555555555,69.18,5,8,0.09555555555555556,69.16805555555555,69.18
763356,69.21083333333333,69.64222222222222,5,4,1.7255555555555555,69.21083333333333,69.64222222222222
763357,69.29527777777778,69.30916666666667,5,8,0.1111111111111111,69.29527777777778,69.30916666666667
763358,69.32027777777778,69.33277777777778,5,8,0.1,69.32027777777778,69.33277777777778
763359,69.33611111111111,69.35194444444444,5,8,0.12666666666666668,69.33611111111111,69.35194444444444
763360,69.37972222222223,69.44,5,1,0.06027777777777778,69.37972222222223,69.44
763361,69.44333333333333,69.5025,5,1,0.059166666666666666,69.44333333333333,69.5025
763362,69.53888888888889,69.59416666666667,5,1,0.05527777777777778,69.53888888888889,69.59416666666667
763363,69.60388888888889,69.66222222222223,5,1,0.058333333333333334,69.60388888888889,69.66222222222223
763364,69.68666666666667,69.80083333333333,5,1,0.11416666666666667,69.68666666666667,69.80083333333333
763365,69.71916666666667,156.7816666666667,5,8,696.5,69.71916666666667,157.425
763366,69.72916666666667,151.96083333333334,5,8,657.8533333333334,69.72916666666667,152.91472222222222
763369,69.8325,70.71555555555555,5,4,3.5322222222222224,69.8325,70.71555555555555
763370,69.9661111111111,71.74111111111111,5,8,14.2,69.9661111111111,71.74111111111111
763372,70.27472222222222,111.16305555555556,5,1,40.888333333333335,70.27472222222222,111.16305555555556
763373,70.37305555555555,70.43583333333333,5,1,0.06277777777777778,70.37305555555555,70.43583333333333
763374,70.46416666666667,70.62833333333333,5,1,0.16416666666666666,70.46416666666667,70.62833333333333
763377,70.66638888888889,70.69916666666667,5,1,0.03277777777777778,70.66638888888889,70.69916666666667
763379,70.77333333333333,70.83444444444444,5,1,0.06111111111111111,70.77333333333333,70.83444444444444
763380,70.775,71.24972222222222,5,4,1.8988888888888888,70.775,71.24972222222222
763382,70.8375,81.57722222222222,5,16,171.83555555555554,70.8375,81.57722222222222
763383,70.8525,86.68916666666667,5,16,253.38666666666666,70.8525,86.68916666666667
763386,70.985,71.05361111111111,5,1,0.06861111111111111,70.985,71.05361111111111
763388,71.09805555555556,71.17111111111112,5,8,0.5844444444444444,71.09805555555556,71.17111111111112
763389,71.2461111111111,71.34583333333333,5,8,0.7977777777777778,71.2461111111111,71.34583333333333
763391,71.36166666666666,71.45916666666666,5,8,0.78,71.36166666666666,71.45916666666666
763392,71.38222222222223,71.42944444444444,5,4,0.18888888888888888,71.38222222222223,71.42944444444444
763395,71.59166666666667,71.64583333333333,5,8,0.43333333333333335,71.59166666666667,71.64583333333333
763398,71.74305555555556,73.52305555555556,5,8,14.24,71.74305555555556,73.52305555555556
763402,72.09527777777778,79.66388888888889,5,4,30.274444444444445,72.09527777777778,79.66388888888889
763405,72.90944444444445,87.49777777777778,5,8,116.70666666666666,72.90944444444445,87.49777777777778
763406,72.93611111111112,72.96261392282335,1,8,0.1711111111111111,72.93611111111112,75.66111111111111
763408,73.0513888888889,73.0825,5,1,0.03111111111111111,73.0513888888889,73.0825
763410,73.435,138.8011111111111,5,4,261.46444444444444,73.435,138.8011111111111
763411,73.525,75.34444444444445,5,8,14.555555555555555,73.525,75.34444444444445
763412,73.83194444444445,74.16944444444445,5,8,2.7,73.83194444444445,74.16944444444445
763413,74.16944444444445,74.28805555555556,5,2,0.23722222222222222,74.16944444444445,74.28805555555556
763414,74.29916666666666,74.66083333333333,5,8,2.8933333333333335,74.29916666666666,74.66083333333333
763415,74.66083333333333,74.77555555555556,5,2,0.22944444444444445,74.66083333333333,74.77555555555556
763416,74.77833333333334,75.24833333333333,5,8,3.76,74.77833333333334,75.24833333333333
763418,74.9336111111111,104.34075925925924,3,16,447.32,74.9336111111111,104.84611111111111
763419,75.24861111111112,75.32089150668995,1,1,0.058333333333333334,75.24861111111112,81.55055555555556
763420,76.89722222222223,77.15364553034709,1,16,3.311111111111111,76.89722222222223,81.7575
763421,78.41444444444444,80.9961111111111,5,8,20.653333333333332,78.41444444444444,80.9961111111111
763424,79.93805555555555,80.56416666666667,5,8,5.0088888888888885,79.93805555555555,80.56416666666667
763425,80.75611111111111,81.37305555555555,5,8,4.935555555555555,80.75611111111111,81.37305555555555
763426,80.79444444444445,81.1836111111111,5,1,0.38916666666666666,80.79444444444445,81.1836111111111
763428,81.37472222222222,81.99055555555556,5,8,4.926666666666667,81.37472222222222,81.99055555555556
763429,81.51638888888888,99.9225,5,16,294.4977777777778,81.51638888888888,99.98333333333333
763431,81.7575,81.87222222222222,5,2,0.22944444444444445,81.7575,81.87222222222222
763432,81.88277777777778,82.06472222222222,5,16,2.911111111111111,81.88277777777778,82.06472222222222
763434,82.06472222222222,82.17027777777778,5,2,0.2111111111111111,82.06472222222222,82.17027777777778
763435,82.17166666666667,82.44166666666666,5,16,4.32,82.17166666666667,82.44166666666666
763443,82.44166666666666,82.50361111111111,5,1,0.06194444444444445,82.44166666666666,82.50361111111111
763452,82.7025,82.74277777777777,5,1,0.04027777777777778,82.7025,82.74277777777777
763455,82.74333333333334,82.78333333333333,5,1,0.04,82.74333333333334,82.78333333333333
763458,82.89111111111112,82.89222222222222,5,8,0.008888888888888889,82.89111111111112,82.89222222222222
763459,82.89333333333333,83.62138888888889,5,16,11.648888888888889,82.89333333333333,83.62138888888889
763460,82.98222222222222,83.0286111111111,5,8,0.3711111111111111,82.98222222222222,83.0286111111111
763481,83.5513888888889,83.59083333333334,5,8,0.31555555555555553,83.5513888888889,83.59083333333334
763484,83.6438888888889,83.72583333333333,5,8,0.6555555555555556,83.6438888888889,83.72583333333333
763485,83.70555555555555,83.74861111111112,5,8,0.34444444444444444,83.70555555555555,83.74861111111112
763486,83.74888888888889,83.96638888888889,5,16,3.48,83.74888888888889,83.96638888888889
763488,83.78027777777778,108.90472222222222,5,16,401.99111111111114,83.78027777777778,108.90472222222222
763490,83.78611111111111,99.89805555555556,5,8,128.89555555555555,83.78611111111111,99.89805555555556
763491,83.79972222222223,98.6275,5,8,118.62222222222222,83.79972222222223,98.6275
763493,83.81222222222222,101.64916666666667,5,8,142.69555555555556,83.81222222222222,101.64916666666667
763511,83.89111111111112,84.56888888888889,5,16,10.844444444444445,83.89111111111112,84.56888888888889
763514,84.02583333333334,84.04638888888888,5,4,0.08222222222222222,84.02583333333334,84.04638888888888
763515,84.03861111111111,104.11305555555556,5,16,321.1911111111111,84.03861111111111,104.11305555555556
763517,84.06777777777778,84.08694444444444,5,1,0.019166666666666665,84.06777777777778,84.08694444444444
763520,84.18777777777778,86.40722222222222,5,8,17.755555555555556,84.18777777777778,86.40722222222222
763522,84.29972222222223,84.34444444444445,5,4,0.17888888888888888,84.29972222222223,84.34444444444445
763524,84.49027777777778,85.03222222222223,5,4,2.167777777777778,84.49027777777778,85.03805555555556
763528,84.77194444444444,86.03722222222223,5,4,5.061111111111111,84.77194444444444,86.03722222222223
763529,84.78277777777778,84.825,5,4,0.1688888888888889,84.78277777777778,84.825
763530,84.87472222222222,86.27361111111111,5,1,1.3988888888888888,84.87472222222222,86.27361111111111
763534,85.01861111111111,86.41805555555555,5,1,1.3994444444444445,85.01861111111111,86.41805555555555
763536,85.14555555555556,89.84233477011493,4,16,73.66666666666667,85.14555555555556,89.98472222222222
763538,85.16305555555556,85.20555555555555,5,4,0.17,85.16305555555556,85.20555555555555
763540,85.35722222222222,85.37194444444444,5,1,0.014722222222222222,85.35722222222222,85.37194444444444
763563,85.98527777777778,86.10277777777777,5,1,0.1175,85.98527777777778,86.10277777777777
763565,86.03361111111111,86.04444444444445,5,1,0.010833333333333334,86.03361111111111,86.04444444444445
763575,86.23333333333333,86.34222222222222,5,1,0.10888888888888888,86.23333333333333,86.34222222222222
763597,86.43,86.73444444444445,5,1,0.30444444444444446,86.43,86.73444444444445
763612,86.83027777777778,86.93833333333333,5,1,0.10805555555555556,86.83027777777778,86.93833333333333
763614,86.87944444444445,86.96027777777778,5,1,0.08083333333333333,86.87944444444445,86.96027777777778
763617,86.9811111111111,87.16805555555555,5,1,0.18694444444444444,86.9811111111111,87.16805555555555
763618,87.01055555555556,87.08611111111111,5,8,0.6044444444444445,87.01055555555556,87.08611111111111
763624,87.25583333333333,92.39666666666666,5,8,41.126666666666665,87.25583333333333,92.39666666666666
763627,87.35138888888889,97.04222222222222,5,8,77.52666666666667,87.35138888888889,97.04222222222222
763629,87.45916666666666,87.48527777777778,5,1,0.026111111111111113,87.45916666666666,87.48527777777778
763630,87.48722222222223,88.11515964240104,4,4,2.462222222222222,87.48722222222223,88.11694444444444
763632,87.56388888888888,88.41576497963932,1,16,11.0,87.56388888888888,104.80055555555556
763634,87.65305555555555,87.7286111111111,5,1,0.07555555555555556,87.65305555555555,87.7286111111111
763635,87.67444444444445,87.75070370370369,3,16,1.16,87.67444444444445,87.7525
763640,87.87916666666666,87.97583333333333,5,1,0.09666666666666666,87.87916666666666,87.97583333333333
763642,87.9811111111111,87.9975,5,8,0.13111111111111112,87.9811111111111,87.9975
763643,88.05166666666666,88.0675,5,8,0.12666666666666668,88.05166666666666,88.0675
763651,88.1425,160.49827370564282,1,8,467.1533333333333,88.1425,164.5638888888889
763656,88.28083333333333,93.43638888888889,5,8,41.24444444444445,88.28083333333333,93.43638888888889
763659,88.31333333333333,88.31388888888888,5,1,0.0005555555555555556,88.31333333333333,88.31388888888888
763670,88.61833333333334,89.31888888888889,5,1,0.7005555555555556,88.61833333333334,89.31888888888889
763677,88.8386111111111,89.26305555555555,5,1,0.42444444444444446,88.8386111111111,89.26305555555555
763678,88.84138888888889,88.86222222222223,5,1,0.020833333333333332,88.84138888888889,88.86222222222223
763687,89.2286111111111,89.2538888888889,5,8,0.20222222222222222,89.2286111111111,89.2538888888889
763690,89.26916666666666,89.28777777777778,5,8,0.14888888888888888,89.26916666666666,89.28777777777778
763693,89.29638888888888,89.31833333333333,5,8,0.17555555555555555,89.29638888888888,89.31833333333333
763694,89.30472222222222,107.26777777777778,5,8,143.70444444444445,89.30472222222222,107.26777777777778
763697,89.37722222222222,89.38361111111111,5,1,0.006388888888888889,89.37722222222222,89.38361111111111
763698,89.39416666666666,89.39972222222222,5,1,0.005555555555555556,89.39416666666666,89.39972222222222
763701,89.4786111111111,89.54333333333334,5,1,0.06472222222222222,89.4786111111111,89.54333333333334
763704,89.53138888888888,89.5425,5,1,0.011111111111111112,89.53138888888888,89.5425
763711,89.74305555555556,89.76055555555556,5,1,0.0175,89.74305555555556,89.76055555555556
763713,89.76361111111112,89.78,5,1,0.01638888888888889,89.76361111111112,89.78
763714,89.77916666666667,89.82694444444445,5,1,0.04777777777777778,89.77916666666667,89.82694444444445
763715,89.96694444444445,94.59472222222222,5,8,37.022222222222226,89.96694444444445,94.59472222222222
763717,89.99361111111111,90.36944444444444,5,1,0.37583333333333335,89.99361111111111,90.36944444444444
763721,90.32694444444445,90.48611111111111,5,1,0.15916666666666668,90.32694444444445,90.48611111111111
763722,90.41194444444444,90.57555555555555,5,1,0.16361111111111112,90.41194444444444,90.57555555555555
763723,90.45861111111111,106.15,5,8,125.53111111111112,90.45861111111111,106.15
763724,90.55527777777777,105.61222222222223,5,8,120.45555555555555,90.55527777777777,105.61222222222223
763727,90.76083333333334,90.84527777777778,5,1,0.08444444444444445,90.76083333333334,90.84527777777778
763730,90.81111111111112,90.83833333333334,5,2,0.05444444444444444,90.81111111111112,90.83833333333334
763741,91.26611111111112,91.30527777777777,5,1,0.03916666666666667,91.26611111111112,91.30527777777777
763744,91.34555555555555,91.52055555555556,5,1,0.175,91.34555555555555,91.52055555555556
763747,91.45611111111111,105.00666666666667,5,8,108.40444444444445,91.45611111111111,105.12444444444445
763748,91.5111111111111,138.137366255144,3,8,354.6222222222222,91.5111111111111,138.4036111111111
763749,91.54472222222222,91.57944444444445,5,1,0.034722222222222224,91.54472222222222,91.57944444444445
763750,91.58833333333334,91.62583333333333,5,1,0.0375,91.58833333333334,91.62583333333333
763751,91.63694444444444,91.68166666666667,5,1,0.04472222222222222,91.63694444444444,91.68166666666667
763752,91.69888888888889,91.74,5,1,0.04111111111111111,91.69888888888889,91.74
763757,91.9786111111111,92.0175,5,1,0.03888888888888889,91.9786111111111,92.0175
763760,92.08666666666667,92.12666666666667,5,1,0.04,92.08666666666667,92.12666666666667
763763,92.14722222222223,92.18416666666667,5,1,0.036944444444444446,92.14722222222223,92.18416666666667
763765,92.22416666666666,92.26333333333334,5,1,0.03916666666666667,92.22416666666666,92.26333333333334
763767,92.27666666666667,92.32805555555555,5,1,0.05138888888888889,92.27666666666667,92.32805555555555
763768,92.39722222222223,92.5188888888889,5,1,0.12166666666666667,92.39722222222223,92.5188888888889
763770,92.62944444444445,92.67,5,1,0.04055555555555555,92.62944444444445,92.67
763772,92.68055555555556,92.79805555555555,5,2,0.235,92.68055555555556,92.79805555555555
763773,92.73138888888889,106.19388888888889,5,8,107.7,92.73138888888889,106.19388888888889
763775,92.86527777777778,92.96277777777777,5,4,0.39,92.86527777777778,92.96277777777777
763783,93.10555555555555,93.20777777777778,5,4,0.4088888888888889,93.10555555555555,93.20777777777778
763787,93.355,93.46,5,4,0.42,93.355,93.46
763789,93.51805555555555,93.56805555555556,5,1,0.05,93.51805555555555,93.56805555555556
763792,93.7575,93.86222222222223,5,4,0.41888888888888887,93.7575,93.86222222222223
763793,93.76,103.30833333333334,5,1,9.548333333333334,93.76,103.30833333333334
763794,93.77555555555556,103.03333333333333,5,1,9.257777777777777,93.77555555555556,103.03333333333333
763799,93.86027777777778,102.46388888888889,5,1,8.60361111111111,93.86027777777778,102.46388888888889
763801,94.01,94.11444444444444,5,4,0.4177777777777778,94.01,94.11444444444444
763806,94.56055555555555,94.56111111111112,5,1,0.0005555555555555556,94.56055555555555,94.56111111111112
763811,94.77277777777778,94.85777777777778,5,1,0.085,94.77277777777778,94.85777777777778
763814,94.9713888888889,99.73388888888888,5,8,38.1,94.9713888888889,99.73388888888888
763817,95.09972222222223,95.15638888888888,5,1,0.056666666666666664,95.09972222222223,95.15638888888888
763820,95.27416666666667,95.32416666666667,5,1,0.05,95.27416666666667,95.32416666666667
763821,95.31666666666666,95.33722222222222,5,1,0.020555555555555556,95.31666666666666,95.33722222222222
763826,95.41888888888889,95.47333333333333,5,1,0.05444444444444444,95.41888888888889,95.47333333333333
763827,95.4336111111111,95.48138888888889,5,8,0.38222222222222224,95.4336111111111,95.48138888888889
763829,95.49361111111111,95.54527777777778,5,1,0.051666666666666666,95.49361111111111,95.54527777777778
763832,95.80277777777778,95.86972222222222,5,1,0.06694444444444445,95.80277777777778,95.86972222222222
763833,95.80805555555555,95.82527777777777,5,8,0.13777777777777778,95.80805555555555,95.82527777777777
763834,95.85277777777777,103.42,5,8,60.53777777777778,95.85277777777777,103.42
763835,95.87611111111111,95.93527777777778,5,1,0.059166666666666666,95.87611111111111,95.93527777777778
763836,95.99416666666667,96.12222222222222,5,2,0.2561111111111111,95.99416666666667,96.12222222222222
763843,96.21777777777778,96.33944444444444,5,2,0.24333333333333335,96.21777777777778,96.33944444444444
763848,96.4225,96.49583333333334,5,16,1.1733333333333333,96.4225,96.49583333333334
763851,96.49583333333334,96.60472222222222,5,2,0.21777777777777776,96.49583333333334,96.60472222222222
763853,96.61527777777778,96.68027777777777,5,16,1.04,96.61527777777778,96.68027777777777
763855,96.68027777777777,96.80638888888889,5,2,0.25222222222222224,96.68027777777777,96.80638888888889
763858,96.80833333333334,96.89694444444444,5,16,1.4177777777777778,96.80833333333334,96.89694444444444
763859,96.83361111111111,96.90222222222222,5,1,0.06861111111111111,96.83361111111111,96.90222222222222
763860,96.89694444444444,96.95138888888889,5,1,0.05444444444444444,96.89694444444444,96.95138888888889
763863,97.27222222222223,112.06277777777778,5,1,14.790555555555555,97.27222222222223,112.06277777777778
763864,104.36666666666666,104.47111111111111,5,1,0.10444444444444445,104.36666666666666,104.47111111111111
763865,104.74388888888889,104.79222222222222,5,1,0.04833333333333333,104.74388888888889,104.79222222222222
763867,105.06222222222222,106.18333333333334,5,2,2.2422222222222223,105.06222222222222,106.18333333333334
763869,105.505,113.4961111111111,5,16,127.85777777777778,105.505,113.4961111111111
763870,105.7136111111111,105.74583333333334,5,8,0.2577777777777778,105.7136111111111,105.74583333333334
763871,105.74722222222222,105.77,5,8,0.18222222222222223,105.74722222222222,105.77
763872,105.78,105.81111111111112,5,8,0.24888888888888888,105.78,105.81111111111112
763873,105.81277777777778,105.85305555555556,5,8,0.32222222222222224,105.81277777777778,105.85305555555556
763877,106.00722222222223,106.03527777777778,5,8,0.22444444444444445,106.00722222222223,106.03527777777778
763878,106.03583333333333,106.07388888888889,5,8,0.30444444444444446,106.03583333333333,106.07388888888889
763879,106.0425,106.82388888888889,5,16,12.502222222222223,106.0425,106.82388888888889
763884,106.1686111111111,113.26416666666667,5,8,56.76444444444444,106.1686111111111,113.26416666666667
763885,106.17305555555555,112.98638888888888,5,8,54.50666666666667,106.17305555555555,112.98638888888888
763887,106.20277777777778,106.2786111111111,5,1,0.07583333333333334,106.20277777777778,106.2786111111111
763889,106.28416666666666,106.31444444444445,5,8,0.24222222222222223,106.28416666666666,106.31444444444445
763891,106.4011111111111,106.40694444444445,5,4,0.023333333333333334,106.4011111111111,106.40694444444445
763892,106.41305555555556,106.42111111111112,5,4,0.03222222222222222,106.41305555555556,106.42111111111112
763894,106.45305555555555,106.46722222222222,5,1,0.014166666666666666,106.45305555555555,106.46722222222222
763895,106.48722222222223,106.50138888888888,5,1,0.014166666666666666,106.48722222222223,106.50138888888888
763897,106.51611111111112,106.535,5,1,0.01888888888888889,106.51611111111112,106.535
763899,106.62305555555555,109.29611111111112,5,1,2.6730555555555555,106.62305555555555,109.29611111111112
763903,106.70527777777778,107.64111111111112,5,8,7.486666666666666,106.70527777777778,107.64111111111112
763912,107.08555555555556,117.74055555555556,5,8,85.24,107.08555555555556,117.74055555555556
763916,107.39416666666666,107.41972222222222,5,8,0.20444444444444446,107.39416666666666,107.41972222222222
763920,107.43888888888888,107.47,5,8,0.24888888888888888,107.43888888888888,107.47
763921,107.48361111111112,107.51333333333334,5,8,0.23777777777777778,107.48361111111112,107.51333333333334
763922,107.52666666666667,113.92277777777778,5,8,51.16888888888889,107.52666666666667,113.92277777777778
763924,107.61,113.7838888888889,5,8,49.39111111111111,107.61,113.7838888888889
763925,107.62277777777778,113.86361111111111,5,8,49.92666666666667,107.62277777777778,113.86361111111111
763926,107.64861111111111,113.84916666666666,5,8,49.60444444444445,107.64861111111111,113.84916666666666
763927,107.73833333333333,107.76027777777777,5,8,0.17555555555555555,107.73833333333333,107.76027777777777
763928,107.74305555555556,107.75194444444445,5,1,0.008888888888888889,107.74305555555556,107.75194444444445
763929,107.76555555555555,108.46583333333334,5,16,11.204444444444444,107.76555555555555,108.46583333333334
763930,107.82444444444444,107.85111111111111,5,8,0.21333333333333335,107.82444444444444,107.85111111111111
763933,107.91305555555556,108.00416666666666,5,1,0.09111111111111111,107.91305555555556,108.00416666666666
763937,108.06861111111111,121.93464814814814,3,8,105.46,108.06861111111111,122.04388888888889
763938,108.07305555555556,108.13333333333334,5,1,0.06027777777777778,108.07305555555556,108.13333333333334
763944,108.14083333333333,108.1763888888889,5,4,0.14222222222222222,108.14083333333333,108.1763888888889
763945,108.14416666666666,108.35055555555556,5,1,0.2063888888888889,108.14416666666666,108.35055555555556
763948,108.29638888888888,108.33805555555556,5,1,0.041666666666666664,108.29638888888888,108.33805555555556
763949,108.29694444444445,108.77055313166571,1,8,3.057777777777778,108.29694444444445,108.84805555555556
763950,108.32138888888889,108.79809530734924,1,8,3.077777777777778,108.32138888888889,108.85055555555556
763951,108.33416666666666,108.41722222222222,5,1,0.08305555555555555,108.33416666666666,108.41722222222222
763953,108.5838888888889,151.01611111111112,5,16,678.9155555555556,108.5838888888889,151.28277777777777
763956,108.68166666666667,108.72166666666666,5,1,0.04,108.68166666666667,108.72166666666666
763957,108.68527777777778,108.74194444444444,5,1,0.056666666666666664,108.68527777777778,108.74194444444444
763959,108.80944444444444,108.88111111111111,5,1,0.07166666666666667,108.80944444444444,108.88111111111111
763960,108.8125,108.86722222222222,5,1,0.05472222222222222,108.8125,108.86722222222222
763961,108.84611111111111,131.91972222222222,5,8,184.5888888888889,108.84611111111111,131.91972222222222
763962,108.86888888888889,126.91444444444444,5,16,288.7288888888889,108.86888888888889,126.95027777777777
763963,108.87194444444444,109.0225,5,1,0.15055555555555555,108.87194444444444,109.0225
763964,108.92,108.98638888888888,5,1,0.06638888888888889,108.92,108.98638888888888
763968,109.04416666666667,122.24944444444445,5,8,105.64222222222222,109.04416666666667,122.24944444444445
763970,109.08722222222222,109.18222222222222,5,1,0.095,109.08722222222222,109.18222222222222
763971,109.09916666666666,162.3761111111111,5,16,852.4311111111111,109.09916666666666,162.71777777777777
763979,109.17944444444444,111.10833333333333,5,8,15.431111111111111,109.17944444444444,111.10833333333333
763993,109.46,109.5513888888889,5,1,0.0913888888888889,109.46,109.5513888888889
763997,109.82222222222222,109.83194444444445,5,1,0.009722222222222222,109.82222222222222,109.83194444444445
764047,111.05083333333333,111.21138888888889,5,1,0.16055555555555556,111.05083333333333,111.21138888888889
764053,111.14555555555556,111.25111111111111,5,1,0.10555555555555556,111.14555555555556,111.25111111111111
764059,111.19277777777778,120.02888888888889,5,8,70.68888888888888,111.19277777777778,120.02888888888889
764077,111.25,111.27972222222222,5,1,0.029722222222222223,111.25,111.27972222222222
764088,111.30444444444444,111.44444444444444,5,1,0.14,111.30444444444444,111.44444444444444
764113,111.48027777777777,111.50472222222223,5,1,0.024444444444444446,111.48027777777777,111.50472222222223
764128,111.55416666666666,111.82111111111111,5,1,0.26694444444444443,111.55416666666666,111.82111111111111
764137,111.65166666666667,111.75194444444445,5,1,0.10027777777777777,111.65166666666667,111.75194444444445
764145,111.7475,111.75555555555556,5,8,0.06444444444444444,111.7475,111.75555555555556
764147,111.7713888888889,114.27222222222223,5,8,20.006666666666668,111.7713888888889,114.27222222222223
764151,111.83361111111111,111.85777777777778,5,1,0.024166666666666666,111.83361111111111,111.85777777777778
764159,111.87611111111111,111.96138888888889,5,8,0.6822222222222222,111.87611111111111,111.96138888888889
764161,111.88166666666666,111.92861111111111,5,1,0.04694444444444444,111.88166666666666,111.92861111111111
764162,111.89611111111111,112.15722222222222,5,1,0.2611111111111111,111.89611111111111,112.15722222222222
764175,112.13472222222222,112.15027777777777,5,4,0.06222222222222222,112.13472222222222,112.15027777777777
764176,112.1625,112.1825,5,4,0.08,112.1625,112.1825
764178,112.20444444444445,112.21916666666667,5,4,0.058888888888888886,112.20444444444445,112.21916666666667
764179,112.24083333333333,112.25444444444445,5,4,0.05444444444444444,112.24083333333333,112.25444444444445
764191,112.51,112.52666666666667,5,1,0.016666666666666666,112.51,112.52666666666667
764194,112.60111111111111,112.63583333333334,5,1,0.034722222222222224,112.60111111111111,112.63583333333334
764198,112.69833333333334,112.82583333333334,5,1,0.1275,112.69833333333334,112.82583333333334
764207,112.96888888888888,113.00847101027729,1,8,0.25555555555555554,112.96888888888888,113.01833333333333
764212,113.07222222222222,113.1075,5,8,0.2822222222222222,113.07222222222222,113.1075
764225,113.50083333333333,113.51722222222222,5,8,0.13111111111111112,113.50083333333333,113.51722222222222
764227,113.53222222222222,120.32638888888889,5,8,54.35333333333333,113.53222222222222,120.32638888888889
764228,113.93694444444445,113.96527777777777,5,8,0.22666666666666666,113.93694444444445,113.96527777777777
764230,114.01666666666667,114.04861111111111,5,8,0.25555555555555554,114.01666666666667,114.04861111111111
764232,114.06666666666666,114.10694444444445,5,8,0.32222222222222224,114.06666666666666,114.10694444444445
764233,114.0975,114.12722222222222,5,8,0.23777777777777778,114.0975,114.12722222222222
764237,114.13805555555555,114.16722222222222,5,8,0.23333333333333334,114.13805555555555,114.16722222222222
764238,114.14472222222223,114.18166666666667,5,8,0.29555555555555557,114.14472222222223,114.18166666666667
764239,114.16277777777778,114.5363888888889,5,4,1.4944444444444445,114.16277777777778,114.5363888888889
764241,114.19166666666666,114.21888888888888,5,8,0.21777777777777776,114.19166666666666,114.21888888888888
764243,114.21138888888889,114.23861111111111,5,8,0.21777777777777776,114.21138888888889,114.23861111111111
764244,114.21944444444445,114.2575,5,8,0.30444444444444446,114.21944444444445,114.2575
764245,114.23194444444445,114.47125302872966,2,8,1.731111111111111,114.23194444444445,114.48861111111111
764247,114.26138888888889,114.2911111111111,5,8,0.23777777777777778,114.26138888888889,114.2911111111111
764248,114.31861111111111,114.345,5,8,0.2111111111111111,114.31861111111111,114.345
764249,114.34722222222223,114.38361111111111,5,8,0.2911111111111111,114.34722222222223,114.38361111111111
764250,114.36305555555556,114.38,5,8,0.13555555555555557,114.36305555555556,114.38
764251,114.3861111111111,121.47416666666666,5,8,56.70444444444445,114.3861111111111,121.47416666666666
764252,114.39722222222223,114.42555555555556,5,8,0.22666666666666666,114.39722222222223,114.42555555555556
764253,114.44472222222223,121.09222222222222,5,8,53.18,114.44472222222223,121.09222222222222
764261,114.75472222222223,114.88027777777778,5,8,1.0044444444444445,114.75472222222223,114.88027777777778
764262,114.91361111111111,115.04583333333333,5,8,1.0577777777777777,114.91361111111111,115.04583333333333
764263,115.05194444444444,121.265,5,8,49.70444444444445,115.05194444444444,121.265
764270,115.33583333333333,115.37722222222222,5,1,0.04138888888888889,115.33583333333333,115.37722222222222
764272,115.41194444444444,115.455,5,1,0.043055555555555555,115.41194444444444,115.455
764275,115.46277777777777,115.50666666666666,5,1,0.04388888888888889,115.46277777777777,115.50666666666666
764276,115.51722222222222,115.5625,5,1,0.04527777777777778,115.51722222222222,115.5625
764278,115.63361111111111,115.67972222222222,5,1,0.04611111111111111,115.63361111111111,115.67972222222222
764279,115.685,115.7311111111111,5,1,0.04611111111111111,115.685,115.7311111111111
764281,115.76,115.79944444444445,5,1,0.03944444444444444,115.76,115.79944444444445
764282,115.85111111111111,115.89833333333333,5,1,0.04722222222222222,115.85111111111111,115.89833333333333
764287,115.91111111111111,115.96833333333333,5,1,0.05722222222222222,115.91111111111111,115.96833333333333
764289,115.99277777777777,116.06111111111112,5,1,0.06833333333333333,115.99277777777777,116.06111111111112
764290,116.06444444444445,116.12611111111111,5,1,0.06166666666666667,116.06444444444445,116.12611111111111
764291,116.13166666666666,116.19361111111111,5,1,0.06194444444444445,116.13166666666666,116.19361111111111
764292,116.22027777777778,116.31361111111111,5,1,0.09333333333333334,116.22027777777778,116.31361111111111
764294,116.28277777777778,116.34222222222222,5,1,0.059444444444444446,116.28277777777778,116.34222222222222
764296,116.41222222222223,116.475,5,1,0.06277777777777778,116.41222222222223,116.475
764297,116.4786111111111,116.53888888888889,5,1,0.06027777777777778,116.4786111111111,116.53888888888889
764298,116.54694444444445,116.60805555555555,5,1,0.06111111111111111,116.54694444444445,116.60805555555555
764299,116.55333333333333,116.6438888888889,5,1,0.09055555555555556,116.55333333333333,116.6438888888889
764303,116.61194444444445,116.67277777777778,5,1,0.060833333333333336,116.61194444444445,116.67277777777778
764304,116.67944444444444,116.84805555555556,5,1,0.1686111111111111,116.67944444444444,116.84805555555556
764305,116.83472222222223,116.92583333333333,5,1,0.09111111111111111,116.83472222222223,116.92583333333333
764308,117.00333333333333,117.01222222222222,5,1,0.008888888888888889,117.00333333333333,117.01222222222222
764309,117.03416666666666,117.0436111111111,5,1,0.009444444444444445,117.03416666666666,117.0436111111111
764310,117.2075,117.2713888888889,5,1,0.06388888888888888,117.2075,117.2713888888889
764314,117.80027777777778,138.10916666666665,5,8,162.4711111111111,117.80027777777778,138.10916666666665
764318,117.88333333333334,117.94472222222223,5,1,0.06138888888888889,117.88333333333334,117.94472222222223
764320,117.98527777777778,118.04583333333333,5,1,0.06055555555555556,117.98527777777778,118.04583333333333
764321,118.03194444444445,118.10111111111111,5,1,0.06916666666666667,118.03194444444445,118.10111111111111
764324,118.20027777777777,118.2625,5,1,0.06222222222222222,118.20027777777777,118.2625
764325,118.27444444444444,120.84472222222222,5,8,20.56222222222222,118.27444444444444,120.84472222222222
764326,118.30194444444444,118.36444444444444,5,1,0.0625,118.30194444444444,118.36444444444444
764327,118.335,118.41106651153773,1,1,0.06138888888888889,118.335,118.87277777777778
764330,118.67777777777778,118.68694444444445,5,1,0.009166666666666667,118.67777777777778,118.68694444444445
764332,118.81944444444444,146.44694444444445,5,32,884.08,118.81944444444444,146.44694444444445
764333,118.88694444444444,118.95111111111112,5,1,0.06416666666666666,118.88694444444444,118.95111111111112
764334,118.97166666666666,119.045,5,1,0.07333333333333333,118.97166666666666,119.045
764335,119.05222222222223,119.12388888888889,5,1,0.07166666666666667,119.05222222222223,119.12388888888889
764336,119.13333333333334,119.21222222222222,5,1,0.07888888888888888,119.13333333333334,119.21222222222222
764337,119.24916666666667,119.45611111111111,5,1,0.20694444444444443,119.24916666666667,119.45611111111111
764342,119.55805555555555,134.159565593631,2,8,105.62444444444445,119.55805555555555,135.4525
764343,119.56111111111112,134.13865957078576,2,8,105.45111111111112,119.56111111111112,135.2252777777778
764344,119.56388888888888,119.77472222222222,5,1,0.21083333333333334,119.56388888888888,119.77472222222222
764345,119.78611111111111,119.99638888888889,5,1,0.21027777777777779,119.78611111111111,119.99638888888889
764347,120.095,120.30694444444444,5,1,0.21194444444444444,120.095,120.30694444444444
764348,120.20194444444445,127.9175,5,8,61.724444444444444,120.20194444444445,127.9175
764349,120.22888888888889,127.585,5,8,58.84888888888889,120.22888888888889,127.585
764350,120.32694444444445,120.51583333333333,5,1,0.18888888888888888,120.32694444444445,120.51583333333333
764351,120.53861111111111,120.72277777777778,5,1,0.18416666666666667,120.53861111111111,120.72277777777778
764362,124.76805555555555,138.8852777777778,5,8,112.93777777777778,124.76805555555555,138.8852777777778
764363,124.88861111111112,125.05194444444444,5,1,0.16333333333333333,124.88861111111112,125.05194444444444
764364,127.54,127.54916666666666,5,1,0.009166666666666667,127.54,127.54916666666666
764365,127.5675,130.11055555555555,5,8,20.344444444444445,127.5675,130.11055555555555
764367,130.22583333333333,130.30583333333334,5,1,0.08,130.22583333333333,130.30583333333334
764380,130.93055555555554,131.02722222222224,5,1,0.09666666666666666,130.93055555555554,131.02722222222224
764386,131.41722222222222,131.5738888888889,5,8,1.2533333333333334,131.41722222222222,131.5738888888889
764389,131.60833333333332,131.73444444444445,5,8,1.008888888888889,131.60833333333332,131.735
764390,131.635,135.92777777777778,5,8,34.34222222222222,131.635,135.92777777777778
764391,131.68833333333333,131.7188888888889,5,1,0.030555555555555555,131.68833333333333,131.7188888888889
764392,131.7511111111111,131.94694444444445,5,1,0.19583333333333333,131.7511111111111,131.94694444444445
764393,131.78305555555556,131.86083333333335,5,1,0.07777777777777778,131.78305555555556,131.86083333333335
764396,132.11305555555555,132.33666666666667,5,1,0.22361111111111112,132.11305555555555,132.33666666666667
764397,132.6525,132.86944444444444,5,1,0.21694444444444444,132.6525,132.86944444444444
764398,132.8425,133.46873722860795,4,8,4.911111111111111,132.8425,133.4713888888889
764399,132.95472222222222,133.025,5,1,0.07027777777777777,132.95472222222222,133.025
764400,133.05916666666667,133.13,5,1,0.07083333333333333,133.05916666666667,133.13
764401,134.37027777777777,134.5961111111111,5,1,0.22583333333333333,134.37027777777777,134.5961111111111
764403,134.5475,134.68333333333334,5,8,1.0866666666666667,134.5475,134.68333333333334
764404,134.61222222222221,134.8440150063857,4,1,0.22722222222222221,134.61222222222221,134.84916666666666
764405,134.69305555555556,134.78083333333333,5,1,0.08777777777777777,134.69305555555556,134.78083333333333
764408,134.815,148.395,5,16,217.28,134.815,148.395
764411,134.9622222222222,141.8411111111111,5,8,55.03111111111111,134.9622222222222,141.8411111111111
764412,134.97,141.7602777777778,5,8,54.32222222222222,134.97,141.7602777777778
764415,135.0525,135.19,5,8,1.1,135.0525,135.19
764419,135.27777777777777,135.5475,5,1,0.2697222222222222,135.27777777777777,135.5475
764420,135.32833333333335,135.43916666666667,5,1,0.11083333333333334,135.32833333333335,135.43916666666667
764421,135.43472222222223,150.29138888888892,5,16,237.70666666666668,135.43472222222223,150.30916666666667
764424,135.59944444444446,150.13982173762548,2,8,105.18222222222222,135.59944444444446,151.25722222222223
764428,135.72555555555556,135.97509501648244,1,1,0.2013888888888889,135.72555555555556,136.13666666666666
764433,135.77388888888888,148.46999999999997,5,8,101.56888888888889,135.77388888888888,148.48
764438,136.27583333333334,154.19786517826236,2,8,129.64444444444445,136.27583333333334,154.98222222222222
764441,136.4025,136.6363888888889,5,1,0.2338888888888889,136.4025,136.6363888888889
764443,136.475,148.68583333333333,5,8,97.68666666666667,136.475,148.68583333333333
764446,136.72027777777777,136.9597222222222,5,1,0.23944444444444443,136.72027777777777,136.9597222222222
764447,136.72166666666666,136.97027777777777,5,1,0.24861111111111112,136.72166666666666,136.97027777777777
764453,137.0961111111111,137.12194444444444,5,1,0.025833333333333333,137.0961111111111,137.12194444444444
764454,137.0988888888889,137.13694444444445,5,8,0.30444444444444446,137.0988888888889,137.13694444444445
764455,137.11638888888888,137.1497222222222,5,8,0.26666666666666666,137.11638888888888,137.1497222222222
764456,137.13888888888889,137.1836111111111,5,8,0.35777777777777775,137.13888888888889,137.1836111111111
764457,137.14222222222222,137.85944444444445,5,1,0.7172222222222222,137.14222222222222,137.85944444444445
764458,137.1511111111111,137.19666666666666,5,8,0.36444444444444446,137.1511111111111,137.19666666666666
764459,137.20027777777779,137.23666666666668,5,8,0.2911111111111111,137.20027777777779,137.23666666666668
764460,137.21555555555557,137.2488888888889,5,8,0.26666666666666666,137.21555555555557,137.2488888888889
764461,137.25444444444443,137.28416666666666,5,8,0.23777777777777778,137.25444444444443,137.28416666666666
764462,137.2602777777778,137.29166666666666,5,8,0.2511111111111111,137.2602777777778,137.29166666666666
764463,137.28583333333333,137.32444444444445,5,8,0.3088888888888889,137.28583333333333,137.32444444444445
764464,137.2925,137.33527777777778,5,8,0.3422222222222222,137.2925,137.33527777777778
764465,137.3011111111111,143.91027777777776,5,8,52.873333333333335,137.3011111111111,143.91027777777776
764466,137.30166666666668,137.41490595307351,1,8,0.7311111111111112,137.30166666666668,157.46416666666667
764467,137.31444444444443,143.61305555555555,5,8,50.388888888888886,137.31444444444443,143.61305555555555
764470,137.3388888888889,137.3672222222222,5,8,0.22666666666666666,137.3388888888889,137.3672222222222
764471,137.33916666666667,137.3686111111111,5,8,0.23555555555555555,137.33916666666667,137.3686111111111
764472,137.3502777777778,144.28333333333333,5,8,55.464444444444446,137.3502777777778,144.28333333333333
764473,137.35583333333332,144.28972222222222,5,8,55.471111111111114,137.35583333333332,144.28972222222222
764474,137.4,137.51186251696723,1,8,0.7222222222222222,137.4,157.55444444444444
764475,137.42805555555555,143.79694444444445,5,8,50.95111111111111,137.42805555555555,143.79694444444445
764476,137.4386111111111,144.4686111111111,5,8,56.24,137.4386111111111,144.4686111111111
764484,137.8786111111111,138.54611111111112,5,1,0.6675,137.8786111111111,138.54611111111112
764485,137.89638888888888,138.55555555555554,5,1,0.6591666666666667,137.89638888888888,138.55555555555554
764487,137.9925,138.29527777777778,5,1,0.30277777777777776,137.9925,138.29527777777778
764498,139.84444444444443,139.8575,5,1,0.013055555555555556,139.84444444444443,139.8575
764499,139.9452777777778,141.68805555555556,5,1,1.7427777777777778,139.9452777777778,141.68805555555556
764511,140.66722222222222,140.8322222222222,5,1,0.165,140.66722222222222,140.8322222222222
764514,140.86055555555555,151.37277777777777,5,32,336.3911111111111,140.86055555555555,151.37277777777777
764515,140.89055555555555,141.0661111111111,5,1,0.17555555555555555,140.89055555555555,141.0661111111111
764526,141.4322222222222,141.4625,5,1,0.03027777777777778,141.4322222222222,141.4625
764527,141.47333333333333,141.60805555555555,5,1,0.13472222222222222,141.47333333333333,141.60805555555555
764528,141.5388888888889,141.565,5,1,0.026111111111111113,141.5388888888889,141.565
764536,141.86138888888888,141.97833333333332,5,1,0.11694444444444445,141.86138888888888,141.97833333333332
764538,141.92277777777778,142.0388888888889,5,1,0.11611111111111111,141.92277777777778,142.0388888888889
764543,142.51833333333335,154.83916666666667,5,4,49.28333333333333,142.51833333333335,154.83916666666667
764548,142.7163888888889,143.18305555555557,5,1,0.4666666666666667,142.7163888888889,143.18305555555557
764550,142.73416666666665,143.19,5,1,0.4558333333333333,142.73416666666665,143.19
764552,142.80166666666668,143.25,5,1,0.4483333333333333,142.80166666666668,143.25
764553,142.94027777777777,143.16083333333333,5,1,0.22055555555555556,142.94027777777777,143.16083333333333
764572,144.35111111111112,144.6013888888889,5,1,0.25027777777777777,144.35111111111112,144.6013888888889
764573,144.70166666666665,147.885,5,1,3.183333333333333,144.70166666666665,147.885
764584,154.89277777777778,154.92638888888888,5,8,0.2688888888888889,154.89277777777778,154.92638888888888
764592,156.23444444444445,156.24972222222223,5,8,0.12222222222222222,156.23444444444445,156.24972222222223
764595,156.5286111111111,157.4075,5,8,7.0311111111111115,156.5286111111111,157.4075
764597,156.775,159.07361111111112,5,1,2.298611111111111,156.775,159.07361111111112
764598,156.95694444444445,156.97805555555556,5,8,0.1688888888888889,156.95694444444445,156.97805555555556
764600,157.0475,159.6213888888889,5,1,2.573888888888889,157.0475,159.6213888888889
764601,157.17888888888888,157.27527777777777,5,8,0.7711111111111111,157.17888888888888,157.27527777777777
764630,159.2861111111111,159.34277777777777,5,1,0.056666666666666664,159.2861111111111,159.34277777777777
764634,160.1063888888889,160.1175,5,1,0.011111111111111112,160.1063888888889,160.1175
764635,160.18333333333334,160.19444444444446,5,1,0.011111111111111112,160.18333333333334,160.19444444444446
764636,160.21583333333334,160.22555555555556,5,1,0.009722222222222222,160.21583333333334,160.22555555555556
764637,160.28972222222222,160.30666666666667,5,1,0.016944444444444446,160.28972222222222,160.30666666666667
764639,160.33055555555555,160.34833333333333,5,1,0.017777777777777778,160.33055555555555,160.34833333333333
764660,161.0413888888889,161.05916666666667,5,1,0.017777777777777778,161.0413888888889,161.05916666666667
764666,161.60805555555555,161.62583333333333,5,1,0.017777777777777778,161.60805555555555,161.62583333333333
764669,161.6511111111111,161.67083333333332,5,1,0.01972222222222222,161.6511111111111,161.67083333333332
764670,161.67361111111111,161.6911111111111,5,1,0.0175,161.67361111111111,161.6911111111111
764697,163.67083333333332,163.6761111111111,5,1,0.005277777777777778,163.67083333333332,163.6761111111111
764698,163.8413888888889,163.84722222222223,5,1,0.005833333333333334,163.8413888888889,163.84722222222223
764706,164.2863888888889,164.29194444444445,5,1,0.005555555555555556,164.2863888888889,164.29194444444445
764717,164.77555555555554,164.8061111111111,5,8,0.24444444444444444,164.77555555555554,164.8061111111111
764726,164.99055555555555,165.08666666666667,5,8,0.7688888888888888,164.99055555555555,165.08666666666667
764729,165.1175,165.22694444444446,5,8,0.8755555555555555,165.1175,165.22694444444446
764730,165.33388888888888,165.35611111111112,5,8,0.17777777777777778,165.33388888888888,165.35611111111112
764731,165.34083333333334,165.36222222222221,5,8,0.1711111111111111,165.34083333333334,165.36222222222221
764732,165.35694444444445,165.39,5,8,0.2644444444444444,165.35694444444445,165.39
764733,165.36333333333334,165.39583333333334,5,8,0.26,165.36333333333334,165.39583333333334
764734,165.4,165.42111111111112,5,8,0.1688888888888889,165.4,165.42111111111112
764735,165.40666666666667,165.42555555555555,5,8,0.1511111111111111,165.40666666666667,165.42555555555555
764736,165.41555555555556,165.4363888888889,5,8,0.16666666666666666,165.41555555555556,165.4363888888889
764737,165.42277777777778,165.44222222222223,5,8,0.15555555555555556,165.42277777777778,165.44222222222223
764738,165.4375,165.46833333333333,5,8,0.24666666666666667,165.4375,165.46833333333333
764739,165.44333333333333,165.47416666666666,5,8,0.24666666666666667,165.44333333333333,165.47416666666666
764740,165.45166666666665,165.46944444444443,5,8,0.14222222222222222,165.45166666666665,165.46944444444443
764741,165.4572222222222,165.4763888888889,5,8,0.15333333333333332,165.4572222222222,165.4763888888889
764742,165.47055555555556,165.50055555555556,5,8,0.24,165.47055555555556,165.50055555555556
764743,165.47722222222222,165.50472222222223,5,8,0.22,165.47722222222222,165.50472222222223
764744,165.4788888888889,165.49833333333333,5,8,0.15555555555555556,165.4788888888889,165.49833333333333
764745,165.48444444444445,165.50472222222223,5,8,0.1622222222222222,165.48444444444445,165.50472222222223
764746,165.51083333333332,165.53027777777777,5,8,0.15555555555555556,165.51083333333332,165.53027777777777
764747,165.51555555555555,165.53583333333333,5,8,0.1622222222222222,165.51555555555555,165.53583333333333
764756,166.39583333333334,166.4138888888889,5,1,0.018055555555555554,166.39583333333334,166.4138888888889
764757,166.42888888888888,166.44027777777777,5,1,0.01138888888888889,166.42888888888888,166.44027777777777
764758,166.44361111111112,166.46305555555554,5,1,0.019444444444444445,166.44361111111112,166.46305555555554
764762,166.58972222222224,166.65666666666667,5,8,0.5355555555555556,166.58972222222224,166.65666666666667
764763,166.6663888888889,166.73638888888888,5,8,0.56,166.6663888888889,166.73638888888888
