run,cluster,start,workload,slack,tariff,jobs,constructed_total_bill_saving_pct,constructed_all_gpu_energy_saving_pct,mode_share_pct,optimal_mode_share_lower_pct,optimal_mode_share_upper_pct,interaction,mode_first
Earth_ft_llama_8b_dolly_0_Jiangsu,Earth,2020-04-06,ft_llama_8b_dolly,0,Jiangsu,774,1.1510603400429578,0.995091832773719,39.963853566796985,39.963853566796416,39.963853566796985,1080.5578269409234,0.0
Earth_ft_llama_8b_dolly_0_Gansu,Earth,2020-04-06,ft_llama_8b_dolly,0,Gansu,774,1.0587274095427912,0.995091832773719,44.762585517102934,44.762585517102664,44.762585517102934,1062.0657694133552,0.0
Earth_ft_llama_8b_dolly_0_Guizhou,Earth,2020-04-06,ft_llama_8b_dolly,0,Guizhou,774,1.13657067323817,0.995091832773719,40.988094264160786,40.98809426416011,40.988094264160786,1044.2590334018023,0.0
Earth_ft_llama_8b_dolly_6_Jiangsu,Earth,2020-04-06,ft_llama_8b_dolly,6,Jiangsu,774,7.359632739935835,6.456027527619888,76.07094888884112,76.07094888883957,76.07094888884201,-1367.9111800693245,7259.436853788728
Earth_ft_llama_8b_dolly_6_Gansu,Earth,2020-04-06,ft_llama_8b_dolly,6,Gansu,774,7.327950569178129,6.53738152473282,83.70082396875662,83.70082396875526,83.70082396875739,-881.7512148552087,7313.685956314021
Earth_ft_llama_8b_dolly_6_Guizhou,Earth,2020-04-06,ft_llama_8b_dolly,6,Guizhou,774,7.579352278800975,6.515992726069959,75.15183535096445,75.15183535096284,75.15183535096506,-1481.5010825120517,7124.792862360879
Earth_ft_llama_8b_dolly_24_Jiangsu,Earth,2020-04-06,ft_llama_8b_dolly,24,Jiangsu,774,10.242468410764147,8.547876323772735,74.66192639957933,74.60436206963699,74.66192639957933,-2012.661765238492,9987.98637229289
Earth_ft_llama_8b_dolly_24_Gansu,Earth,2020-04-06,ft_llama_8b_dolly,24,Gansu,774,10.281419555948181,8.657180507158099,78.1878875344409,77.8347230306119,78.1878875344409,-1796.6658737830367,9906.048354958126
Earth_ft_llama_8b_dolly_24_Guizhou,Earth,2020-04-06,ft_llama_8b_dolly,24,Guizhou,774,10.57474232981242,8.614233616847601,73.13129961602715,73.1307579380712,73.13129961602715,-2250.9277438873687,9793.029891083792
Earth_infer_llama_8b_32g_0_Jiangsu,Earth,2020-04-06,infer_llama_8b_32g,0,Jiangsu,774,1.1823890189032848,1.0453122928585818,40.22977214653199,40.22977214653161,40.22977214653199,1117.3533218998273,0.0
Earth_infer_llama_8b_32g_0_Gansu,Earth,2020-04-06,infer_llama_8b_32g,0,Gansu,774,1.1087448154056325,1.0453122928585818,44.998854388193124,44.99885438819292,44.998854388193124,1118.1115934547925,0.0
Earth_infer_llama_8b_32g_0_Guizhou,Earth,2020-04-06,infer_llama_8b_32g,0,Guizhou,774,1.167305435176659,1.0453122928585687,41.22537472997238,41.225374729972,41.22537472997238,1078.7062334041984,0.0
Earth_infer_llama_8b_32g_6_Jiangsu,Earth,2020-04-06,infer_llama_8b_32g,6,Jiangsu,774,7.511439913802948,6.649696414240895,75.35293074560245,75.35293074560212,75.35293074560245,-1155.8917942179723,7225.714807753582
Earth_infer_llama_8b_32g_6_Gansu,Earth,2020-04-06,infer_llama_8b_32g,6,Gansu,774,7.498082684429293,6.73204053361897,82.7960646084801,82.79606460847975,82.79606460848026,-667.5743849913342,7290.146654140248
Earth_infer_llama_8b_32g_6_Guizhou,Earth,2020-04-06,infer_llama_8b_32g,6,Guizhou,774,7.725015212684997,6.664948042797396,74.6217462623507,74.62174626235051,74.6217462623508,-1308.5766408049385,7115.125914773314
Earth_infer_llama_8b_32g_24_Jiangsu,Earth,2020-04-06,infer_llama_8b_32g,24,Jiangsu,774,10.844873357374718,9.393908583289305,76.23398366432458,76.14341984079614,76.23398366432458,-2054.590926910252,10737.439406102698
Earth_infer_llama_8b_32g_24_Gansu,Earth,2020-04-06,infer_llama_8b_32g,24,Gansu,774,10.924521805803993,9.454517521503329,80.05222144483506,79.73370849552997,80.05222144483506,-1938.7382652199121,10768.73379927723
Earth_infer_llama_8b_32g_24_Guizhou,Earth,2020-04-06,infer_llama_8b_32g,24,Guizhou,774,11.176257432984501,9.420707504669728,74.73840763585558,74.73759823925177,74.73840763585558,-2291.2654948265827,10507.53948382544
Earth_pt_mpt_13b_lg_0_Jiangsu,Earth,2020-04-06,pt_mpt_13b_lg,0,Jiangsu,774,0.7107499096532212,0.518076980945745,33.746448688597134,33.74644868859621,33.746448688597134,563.4137656164967,0.0
Earth_pt_mpt_13b_lg_0_Gansu,Earth,2020-04-06,pt_mpt_13b_lg,0,Gansu,774,0.6221638484765233,0.5430720341689417,41.087565949456256,41.087565949455836,41.087565949456256,572.8847712320676,0.0
Earth_pt_mpt_13b_lg_0_Guizhou,Earth,2020-04-06,pt_mpt_13b_lg,0,Guizhou,774,0.7050438549351332,0.5238850944939334,35.47229693919669,35.47229693919576,35.47229693919669,560.6082849030099,0.0
Earth_pt_mpt_13b_lg_6_Jiangsu,Earth,2020-04-06,pt_mpt_13b_lg,6,Jiangsu,774,4.369073345811557,2.9383304205629055,57.76679564197625,57.76679564197395,57.76679564197634,-1170.3384177752014,3549.4557450912907
Earth_pt_mpt_13b_lg_6_Gansu,Earth,2020-04-06,pt_mpt_13b_lg,6,Gansu,774,4.187888400045747,3.225971707223034,70.09578332524961,70.09578332524748,70.09578332524987,-751.8605591766463,3665.2727228559743
Earth_pt_mpt_13b_lg_6_Guizhou,Earth,2020-04-06,pt_mpt_13b_lg,6,Guizhou,774,4.533629974394233,2.925154064305494,56.855089447835454,56.85508944783345,56.85508944783558,-1318.5367943144593,3548.214843182286
Earth_pt_mpt_13b_lg_24_Jiangsu,Earth,2020-04-06,pt_mpt_13b_lg,24,Jiangsu,774,7.597221639485786,5.3048377130296815,64.68790829915004,64.49431225060637,64.68790829915004,-1807.1393072643841,6675.62482060627
Earth_pt_mpt_13b_lg_24_Gansu,Earth,2020-04-06,pt_mpt_13b_lg,24,Gansu,774,7.476842587540805,5.718900607049645,71.93471313719344,71.43055705267297,71.93471313719344,-2119.820033209682,7086.599962923734
Earth_pt_mpt_13b_lg_24_Guizhou,Earth,2020-04-06,pt_mpt_13b_lg,24,Guizhou,774,7.904821972112794,5.41321631181942,62.818620619458294,62.73889042936323,62.818620619458294,-2031.6429958424997,6581.3263067969165
Venus_ft_llama_8b_dolly_0_Jiangsu,Venus,2020-04-06,ft_llama_8b_dolly,0,Jiangsu,2332,0.7898602120700287,0.627810451610577,29.580243327355316,29.58024332735387,29.580243327355316,627.750305175723,0.0
Venus_ft_llama_8b_dolly_0_Gansu,Venus,2020-04-06,ft_llama_8b_dolly,0,Gansu,2332,0.7842744501963655,0.627810451610577,31.621582147739037,31.62158214773831,31.621582147739705,633.8623381063371,0.0
Venus_ft_llama_8b_dolly_0_Guizhou,Venus,2020-04-06,ft_llama_8b_dolly,0,Guizhou,2332,0.7793487860625802,0.6176084025394728,29.87364432077087,29.87364432076978,29.87364432077189,597.7865740500274,0.0
Venus_ft_llama_8b_dolly_6_Jiangsu,Venus,2020-04-06,ft_llama_8b_dolly,6,Jiangsu,2332,9.974721188257364,7.902907981336427,72.42730990005131,72.31772197002358,72.42730990005151,-2837.5781741258106,11124.06926261451
Venus_ft_llama_8b_dolly_6_Gansu,Venus,2020-04-06,ft_llama_8b_dolly,6,Gansu,2332,8.715090618687716,7.978946685038225,83.24695967249208,83.22790750711783,83.24695967249215,-1340.75666796722,9941.954675085362
Venus_ft_llama_8b_dolly_6_Guizhou,Venus,2020-04-06,ft_llama_8b_dolly,6,Guizhou,2332,10.070651089278227,7.917623918281552,72.2217926705428,72.14628210584284,72.22179267054335,-2760.6515398524425,10717.638521065415
Venus_ft_llama_8b_dolly_24_Jiangsu,Venus,2020-04-06,ft_llama_8b_dolly,24,Jiangsu,2332,14.730846585007356,10.964565845673313,68.74613223960765,68.29530126698693,68.74613223960779,-4497.431103126102,15853.163798093075
Venus_ft_llama_8b_dolly_24_Gansu,Venus,2020-04-06,ft_llama_8b_dolly,24,Gansu,2332,13.20253537110996,11.207896150408803,77.59546465750398,77.12319436101063,77.5954646575042,-2268.213363922281,14226.135961663327
Venus_ft_llama_8b_dolly_24_Guizhou,Venus,2020-04-06,ft_llama_8b_dolly,24,Guizhou,2332,15.168664003540028,11.09568536808176,67.38177959713708,67.21282599518209,67.38177959713734,-4394.623400494103,15318.884680351526
Venus_infer_llama_8b_32g_0_Jiangsu,Venus,2020-04-06,infer_llama_8b_32g,0,Jiangsu,2332,0.7394819266077419,0.5887824785495963,28.18911760310133,28.18911760309975,28.18911760310133,560.0721767616051,0.0
Venus_infer_llama_8b_32g_0_Gansu,Venus,2020-04-06,infer_llama_8b_32g,0,Gansu,2332,0.7294319653733085,0.5887824785495849,30.239797210992275,30.239797210991494,30.23979721099289,563.7764769677451,0.0
Venus_infer_llama_8b_32g_0_Guizhou,Venus,2020-04-06,infer_llama_8b_32g,0,Guizhou,2332,0.730814703007623,0.5887824785495963,28.537034350953217,28.53703435095122,28.53703435095399,535.4787017799754,0.0
Venus_infer_llama_8b_32g_6_Jiangsu,Venus,2020-04-06,infer_llama_8b_32g,6,Jiangsu,2332,10.158597155239436,8.336751984587359,74.32870924933457,74.22162320515275,74.3287092493347,-3220.3284787896046,11753.838321320633
Venus_infer_llama_8b_32g_6_Gansu,Venus,2020-04-06,infer_llama_8b_32g,6,Gansu,2332,9.065914831701535,8.396849093887623,84.40933279239557,84.391063001533,84.4093327923961,-1459.8768763690678,10509.410095807958
Venus_infer_llama_8b_32g_6_Guizhou,Venus,2020-04-06,infer_llama_8b_32g,6,Guizhou,2332,10.174173154962237,8.286962983239695,74.3013133710134,74.06918903550402,74.3013133710134,-3230.0522745622075,11319.940492179856
Venus_infer_llama_8b_32g_24_Jiangsu,Venus,2020-04-06,infer_llama_8b_32g,24,Jiangsu,2332,15.419568116441864,12.083244238456318,71.43061873841498,70.91945293486718,71.43061873841516,-5031.255087956932,17312.215464220957
Venus_infer_llama_8b_32g_24_Gansu,Venus,2020-04-06,infer_llama_8b_32g,24,Gansu,2332,14.033972701622718,12.289930196692115,80.13876967786275,79.60180574787795,80.13876967786283,-2704.369614294712,15724.826148631932
Venus_infer_llama_8b_32g_24_Guizhou,Venus,2020-04-06,infer_llama_8b_32g,24,Guizhou,2332,15.863131575366543,12.254468473352247,70.08846723086226,69.90365752752747,70.08846723086226,-4915.440159986589,16731.25628207853
Venus_pt_mpt_13b_lg_0_Jiangsu,Venus,2020-04-06,pt_mpt_13b_lg,0,Jiangsu,2332,0.47979547408622875,0.2503722129422764,16.38410696434611,16.384106964344415,16.384106964350664,211.20970715027943,0.0
Venus_pt_mpt_13b_lg_0_Gansu,Venus,2020-04-06,pt_mpt_13b_lg,0,Gansu,2332,0.4513335474827008,0.26705212952289,18.064143166504813,18.06414316650355,18.064143166508437,208.3810720726542,0.0
Venus_pt_mpt_13b_lg_0_Guizhou,Venus,2020-04-06,pt_mpt_13b_lg,0,Guizhou,2332,0.46877175438014757,0.22685943388660068,16.53925770930533,16.539257709303513,16.539257709311794,199.06895537845412,0.0
Venus_pt_mpt_13b_lg_6_Jiangsu,Venus,2020-04-06,pt_mpt_13b_lg,6,Jiangsu,2332,5.820492684316887,3.060347955340292,54.169759081587884,54.00205398816899,54.169759081587884,-3059.919117252619,5765.624603941869
Venus_pt_mpt_13b_lg_6_Gansu,Venus,2020-04-06,pt_mpt_13b_lg,6,Gansu,2332,4.5098749119302735,3.5114248452057355,68.70533764032895,68.67689555112347,68.70533764032895,-1465.2097143181745,4692.359389517587
Venus_pt_mpt_13b_lg_6_Guizhou,Venus,2020-04-06,pt_mpt_13b_lg,6,Guizhou,2332,5.85800575434547,3.0519188874189562,54.03704662118162,53.92888322652069,54.03704662118166,-3030.078989791662,5578.887822242621
Venus_pt_mpt_13b_lg_24_Jiangsu,Venus,2020-04-06,pt_mpt_13b_lg,24,Jiangsu,2332,11.210468959027361,6.543015101054327,60.26855700800523,59.62964562343506,60.26856792325765,-4900.123567664821,11526.585171903276
Venus_pt_mpt_13b_lg_24_Gansu,Venus,2020-04-06,pt_mpt_13b_lg,24,Gansu,2332,9.54487952153482,7.376731265349093,70.51064998287592,69.68540870891063,70.51064998287592,-2634.3296397012236,9917.957103055756
Venus_pt_mpt_13b_lg_24_Guizhou,Venus,2020-04-06,pt_mpt_13b_lg,24,Guizhou,2332,11.524365686775095,6.612381042474833,58.977640136788864,58.6334738126045,58.98222840654366,-4959.959736116623,11205.684619647458
Saturn_ft_llama_8b_dolly_0_Jiangsu,Saturn,2020-04-06,ft_llama_8b_dolly,0,Jiangsu,14089,2.542610941013461,2.0351343644831097,31.585455113439853,30.79955877820251,32.155115027036445,6120.586878489266,0.0
Saturn_ft_llama_8b_dolly_0_Gansu,Saturn,2020-04-06,ft_llama_8b_dolly,0,Gansu,14089,2.211838074847849,2.0907527627690747,40.160295219144146,40.03010804069554,40.35183314635458,6454.043375018693,0.0
Saturn_ft_llama_8b_dolly_0_Guizhou,Saturn,2020-04-06,ft_llama_8b_dolly,0,Guizhou,14089,2.485636966770513,2.0259899434765725,31.635782025504476,30.71566100031235,32.32533631110498,5717.167928310315,0.0
Saturn_ft_llama_8b_dolly_6_Jiangsu,Saturn,2020-04-06,ft_llama_8b_dolly,6,Jiangsu,14089,8.983815928891996,8.282077712715079,78.2432693703302,66.96678658180173,83.53645302174345,-7366.7040710872825,30469.104729691724
Saturn_ft_llama_8b_dolly_6_Gansu,Saturn,2020-04-06,ft_llama_8b_dolly,6,Gansu,14089,8.89002392459864,8.291959450285777,84.00920594507724,73.45933272706169,87.96759981357718,-5646.98939901081,29955.47338384029
Saturn_ft_llama_8b_dolly_6_Guizhou,Saturn,2020-04-06,ft_llama_8b_dolly,6,Guizhou,14089,9.00741634948193,8.304089213810853,78.6054203372597,67.1510326914085,83.72252722116693,-7055.481407140585,29266.488319194817
Saturn_ft_llama_8b_dolly_24_Jiangsu,Saturn,2020-04-06,ft_llama_8b_dolly,24,Jiangsu,14089,9.32301047099385,8.711163570974348,78.27916127850706,56.18721748154989,87.01718969831578,-7374.3780858740065,31497.02048216651
Saturn_ft_llama_8b_dolly_24_Gansu,Saturn,2020-04-06,ft_llama_8b_dolly,24,Gansu,14089,9.439468315667584,8.857583351071947,83.40574374244636,62.554603593951825,90.34645445926459,-4902.244457347231,31053.0397624787
Saturn_ft_llama_8b_dolly_24_Guizhou,Saturn,2020-04-06,ft_llama_8b_dolly,24,Guizhou,14089,9.446835937357704,8.751132636668494,78.90651998693134,55.89415758047982,87.49560744251124,-6532.589553643309,30364.089130077715
Saturn_infer_llama_8b_32g_0_Jiangsu,Saturn,2020-04-06,infer_llama_8b_32g,0,Jiangsu,14089,2.516410075196844,2.05027836006006,31.393722841978057,30.59964375281348,32.152755500975864,6020.745248233303,0.0
Saturn_infer_llama_8b_32g_0_Gansu,Saturn,2020-04-06,infer_llama_8b_32g,0,Gansu,14089,2.186150887858331,2.0599827136076945,40.04467907479141,39.91296220211399,40.413457837615304,6360.7247771389375,0.0
Saturn_infer_llama_8b_32g_0_Guizhou,Saturn,2020-04-06,infer_llama_8b_32g,0,Guizhou,14089,2.4957921836344013,2.077214730866703,31.710504839883654,30.794127727591455,32.33994537148313,5754.084714099619,0.0
Saturn_infer_llama_8b_32g_6_Jiangsu,Saturn,2020-04-06,infer_llama_8b_32g,6,Jiangsu,14089,8.832936762792988,8.266023892045421,79.04264491794984,66.94776547650207,84.26005684204718,-8155.005509670897,30682.462499603484
Saturn_infer_llama_8b_32g_6_Gansu,Saturn,2020-04-06,infer_llama_8b_32g,6,Gansu,14089,8.88901379464014,8.384064913172095,84.28443754546305,73.14982662196174,88.4010239468179,-5825.922813053301,30130.73711184664
Saturn_infer_llama_8b_32g_6_Guizhou,Saturn,2020-04-06,infer_llama_8b_32g,6,Guizhou,14089,8.877566713975707,8.304844192716446,79.48261872233748,67.22609113468316,84.46482498959136,-7823.644281297893,29562.614875166866
Saturn_infer_llama_8b_32g_24_Jiangsu,Saturn,2020-04-06,infer_llama_8b_32g,24,Jiangsu,14089,9.233809718983679,8.766598419763689,79.47593091643247,56.43329564909573,88.11180925723573,-8364.245281996904,32146.97721261675
Saturn_infer_llama_8b_32g_24_Gansu,Saturn,2020-04-06,infer_llama_8b_32g,24,Gansu,14089,9.488732103922237,9.008930164838068,83.76476217997673,62.181041062838794,91.15553827629577,-5090.364970876151,31420.129956418532
Saturn_infer_llama_8b_32g_24_Guizhou,Saturn,2020-04-06,infer_llama_8b_32g,24,Guizhou,14089,9.391297659749382,8.848918691970663,80.11613893350746,56.22511522436571,88.55087608540815,-7443.684886324714,31073.288754862995
Saturn_pt_mpt_13b_lg_0_Jiangsu,Saturn,2020-04-06,pt_mpt_13b_lg,0,Jiangsu,14089,1.5546253918186288,0.9334028801516661,19.882761758072636,18.597417628874226,22.2240283717173,2355.7461059991474,0.0
Saturn_pt_mpt_13b_lg_0_Gansu,Saturn,2020-04-06,pt_mpt_13b_lg,0,Gansu,14089,1.1905271644671758,1.0307648801790297,31.719162460858378,31.477292332444684,32.95780983303733,2743.7382258051075,0.0
Saturn_pt_mpt_13b_lg_0_Guizhou,Saturn,2020-04-06,pt_mpt_13b_lg,0,Guizhou,14089,1.4917370109897425,0.9497907460067444,19.400250361186846,17.86708009238532,22.176148224856096,2104.089817292115,0.0
Saturn_pt_mpt_13b_lg_6_Jiangsu,Saturn,2020-04-06,pt_mpt_13b_lg,6,Jiangsu,14089,4.363501088917811,3.5565481549276465,59.233666158038034,44.833205808029795,69.52989398221249,-8706.101668068353,14202.222856844528
Saturn_pt_mpt_13b_lg_6_Gansu,Saturn,2020-04-06,pt_mpt_13b_lg,6,Gansu,14089,4.3622043188991855,3.795631440990324,69.6088606224421,55.708503052843,77.63205870814095,-6343.499366457632,14202.935145706695
Saturn_pt_mpt_13b_lg_6_Guizhou,Saturn,2020-04-06,pt_mpt_13b_lg,6,Guizhou,14089,4.403783061696086,3.61872899089842,60.05343015439085,45.336248872334515,69.83668950334665,-8276.48003878654,13752.113771165648
Saturn_pt_mpt_13b_lg_24_Jiangsu,Saturn,2020-04-06,pt_mpt_13b_lg,24,Jiangsu,14089,5.005350352541807,4.363735837015341,63.54636050233954,34.027850636328935,81.82251021877072,-8901.704074741458,16571.370140610743
Saturn_pt_mpt_13b_lg_24_Gansu,Saturn,2020-04-06,pt_mpt_13b_lg,24,Gansu,14089,5.0361712095871,4.504096340659663,71.63188823745865,44.47873811052687,86.43372742356867,-5903.052591145155,16057.175619351474
Saturn_pt_mpt_13b_lg_24_Guizhou,Saturn,2020-04-06,pt_mpt_13b_lg,24,Guizhou,14089,5.107794936709272,4.446572106230412,65.26586673703616,33.96634742453971,82.42973939822897,-8121.32721431028,16179.313600538488
Uranus_ft_llama_8b_dolly_0_Jiangsu,Uranus,2020-04-06,ft_llama_8b_dolly,0,Jiangsu,11521,1.8880402828942096,1.7341251293005822,36.23885621427797,36.23885621427765,36.238856214278634,4878.415576456202,0.0
Uranus_ft_llama_8b_dolly_0_Gansu,Uranus,2020-04-06,ft_llama_8b_dolly,0,Gansu,11521,1.883797762705141,1.7479020103245793,38.989840124815174,38.98984012481495,38.9898401248155,4994.0253492919,0.0
Uranus_ft_llama_8b_dolly_0_Guizhou,Uranus,2020-04-06,ft_llama_8b_dolly,0,Guizhou,11521,1.869093469231576,1.7370444541581993,36.13249149690774,36.13249149690751,36.13249149690815,4597.401990054728,0.0
Uranus_ft_llama_8b_dolly_6_Jiangsu,Uranus,2020-04-06,ft_llama_8b_dolly,6,Jiangsu,11521,9.28665282506009,8.173180998293738,75.24747517983324,73.8142340413712,75.25135676412314,-6377.063497092327,28100.85339800529
Uranus_ft_llama_8b_dolly_6_Gansu,Uranus,2020-04-06,ft_llama_8b_dolly,6,Gansu,11521,9.252299798218385,8.17042251259653,78.91813008979588,77.71714895136553,78.91994472058774,-5517.687886956686,27582.257268635294
Uranus_ft_llama_8b_dolly_6_Guizhou,Uranus,2020-04-06,ft_llama_8b_dolly,6,Guizhou,11521,9.291274902332253,8.135041260660516,74.79502319668319,73.45203642154252,74.79895277116809,-6580.707464931416,26944.188875790947
Uranus_ft_llama_8b_dolly_24_Jiangsu,Uranus,2020-04-06,ft_llama_8b_dolly,24,Jiangsu,11521,11.405304635698732,9.798417733287609,72.59301755984332,66.1390344602396,73.06273656523136,-10049.231453186425,34541.11171282186
Uranus_ft_llama_8b_dolly_24_Gansu,Uranus,2020-04-06,ft_llama_8b_dolly,24,Gansu,11521,11.377904783078815,9.879399580380195,78.8696744835162,71.79060552192247,79.14883064298769,-6808.324471044143,33911.71415364103
Uranus_ft_llama_8b_dolly_24_Guizhou,Uranus,2020-04-06,ft_llama_8b_dolly,24,Guizhou,11521,11.581878718612867,9.808924951224583,70.98737125112001,65.34606545409282,71.51481132528816,-10310.02314911042,33139.26090024387
Uranus_infer_llama_8b_32g_0_Jiangsu,Uranus,2020-04-06,infer_llama_8b_32g,0,Jiangsu,11521,1.9754818157238063,1.8635257450977896,36.84797116362066,36.847971163620024,36.84797116362087,5190.147171844146,0.0
Uranus_infer_llama_8b_32g_0_Gansu,Uranus,2020-04-06,infer_llama_8b_32g,0,Gansu,11521,1.9800783821501524,1.875186779460857,39.5252053015312,39.5252053015307,39.5252053015312,5321.346365922349,0.0
Uranus_infer_llama_8b_32g_0_Guizhou,Uranus,2020-04-06,infer_llama_8b_32g,0,Guizhou,11521,1.95547210739501,1.873526378036099,36.7450578918397,36.7450578918391,36.7450578918397,4891.410504271495,0.0
Uranus_infer_llama_8b_32g_6_Jiangsu,Uranus,2020-04-06,infer_llama_8b_32g,6,Jiangsu,11521,9.580848587511174,8.658928774684721,76.59714958898437,75.07624905971845,76.59758737346895,-6779.836063905474,29552.442372965917
Uranus_infer_llama_8b_32g_6_Gansu,Uranus,2020-04-06,infer_llama_8b_32g,6,Gansu,11521,9.636399865173626,8.683580428303094,79.97092689878833,78.81104068167667,79.97092689878849,-5656.912202639156,29027.28980541481
Uranus_infer_llama_8b_32g_6_Guizhou,Uranus,2020-04-06,infer_llama_8b_32g,6,Guizhou,11521,9.606828653997274,8.647587961667684,76.12533261448313,74.72784508471662,76.12878371343061,-6909.270368732832,28346.80772276457
Uranus_infer_llama_8b_32g_24_Jiangsu,Uranus,2020-04-06,infer_llama_8b_32g,24,Jiangsu,11521,12.07847717009647,10.61286963775039,74.72709813860433,68.37172402692651,75.5676784873536,-10571.637655293234,37463.39748392135
Uranus_infer_llama_8b_32g_24_Gansu,Uranus,2020-04-06,infer_llama_8b_32g,24,Gansu,11521,12.079422746131957,10.75177990638797,80.7374610079107,73.86489954832086,81.47214533155027,-7334.487927878858,36822.79758891668
Uranus_infer_llama_8b_32g_24_Guizhou,Uranus,2020-04-06,infer_llama_8b_32g,24,Guizhou,11521,12.233665086197835,10.708945054604367,73.28737529210001,67.6717436820032,74.07307469033601,-10938.175417112012,35985.910074365005
Uranus_pt_mpt_13b_lg_0_Jiangsu,Uranus,2020-04-06,pt_mpt_13b_lg,0,Jiangsu,11521,1.2147163482364134,0.9079515010007304,28.610978732719037,28.61097873271767,28.61097873271937,2477.996261154374,0.0
Uranus_pt_mpt_13b_lg_0_Gansu,Uranus,2020-04-06,pt_mpt_13b_lg,0,Gansu,11521,1.11231118807365,0.9701050505022689,31.35331662372369,31.353316623723305,31.563817537201324,2371.2361381220835,0.0
Uranus_pt_mpt_13b_lg_0_Guizhou,Uranus,2020-04-06,pt_mpt_13b_lg,0,Guizhou,11521,1.18107458453941,0.8960249045979525,28.054163626126016,28.05416362612454,28.054163626126016,2255.579818018552,0.0
Uranus_pt_mpt_13b_lg_6_Jiangsu,Uranus,2020-04-06,pt_mpt_13b_lg,6,Jiangsu,11521,5.674819468589988,4.144471293291824,59.33442766458173,57.53116095247381,59.34304095896589,-6312.773402059975,15160.272848618915
Uranus_pt_mpt_13b_lg_6_Gansu,Uranus,2020-04-06,pt_mpt_13b_lg,6,Gansu,11521,5.558800541811473,4.3995152189439475,65.21279615228187,63.51190289635858,65.21652785103787,-5631.960747025776,15139.902029511577
Uranus_pt_mpt_13b_lg_6_Guizhou,Uranus,2020-04-06,pt_mpt_13b_lg,6,Guizhou,11521,5.67393327176997,4.050412027648417,58.2247354612199,56.63466017283323,58.22967001646715,-6387.12475406086,14438.195818697946
Uranus_pt_mpt_13b_lg_24_Jiangsu,Uranus,2020-04-06,pt_mpt_13b_lg,24,Jiangsu,11521,7.720721633003323,5.7497698412434035,60.939150884965855,53.242688486304736,66.43652267721406,-10834.039855891955,22190.275066762057
Uranus_pt_mpt_13b_lg_24_Gansu,Uranus,2020-04-06,pt_mpt_13b_lg,24,Gansu,11521,7.6412430401745715,6.112001225376043,70.15681079514052,60.25016515579589,75.99259545520705,-7650.063734932584,22050.087698221207
Uranus_pt_mpt_13b_lg_24_Guizhou,Uranus,2020-04-06,pt_mpt_13b_lg,24,Guizhou,11521,7.890695559669283,5.718641158423937,59.378867827500784,52.85973373908119,64.32064695407125,-11364.614770458153,21630.10644574347
